id,status,add_extent,optimal_extent,n_faces
0,ok,47.0224,47.0224,32
1,ok,48.0664,48.0664,34
10,ok,36.8780,36.8780,16
100,ok,32.9820,32.9820,26
1000,ok,30.7264,30.7264,29
10001,ok,45.6379,45.6379,12
10002,ok,48.0119,48.0119,22
10003,ok,36.0035,36.0035,20
10004,ok,45.9622,45.9622,23
10005,ok,27.4752,24.9776,24
10006,ok,47.2958,47.2958,21
10007,ok,37.0825,37.0825,21
10008,ok,43.0549,43.0549,16
10009,ok,33.2654,33.2654,20
1001,ok,35.8084,35.0366,19
10010,ok,19.5360,19.4803,25
10011,ok,41.6968,41.6968,16
10012,ok,32.1566,32.1566,25
10013,ok,25.9518,25.9518,27
10015,ok,48.9076,48.9076,18
10016,ok,28.6899,28.6899,12
10017,ok,46.3167,46.3167,28
10018,ok,34.0452,34.0452,25
10019,ok,47.9641,47.9641,15
1002,ok,48.9726,48.9726,26
10020,ok,44.1784,44.1784,15
10021,ok,44.5912,44.5912,32
10022,ok,48.1753,48.1753,18
10023,ok,35.3074,35.3074,15
10025,ok,39.8420,39.8420,19
10026,ok,34.4657,34.4657,23
10027,ok,40.7756,40.7756,29
10028,ok,49.9809,49.9809,24
10029,ok,49.9563,49.9563,21
1003,ok,49.3399,49.3399,23
10030,ok,35.4038,35.4038,31
10031,ok,43.7131,43.7131,20
10032,ok,44.6661,44.6661,25
10033,ok,46.1542,46.1542,21
10034,ok,96.8755,36.5673,34
10035,ok,45.0984,45.0984,26
10036,ok,43.1063,38.4055,25
10037,ok,22.2616,22.2616,23
10038,ok,40.1031,40.1031,22
10039,ok,38.7690,38.7690,17
1004,ok,37.2109,37.2109,21
10040,ok,47.3853,47.3853,20
10041,ok,43.7023,43.7023,33
10042,ok,32.7803,32.7803,37
10043,ok,33.4320,29.7862,45
10044,ok,45.6658,45.6658,37
10045,ok,48.2991,48.2991,21
10046,ok,42.9263,42.9263,29
10047,ok,37.1989,37.1989,16
10048,ok,552.4846,19.9625,30
10049,ok,39.7421,39.7421,18
1005,ok,42.7704,42.4489,24
10050,ok,18.4323,18.4323,24
10051,ok,49.1133,49.1133,24
10052,ok,48.1794,48.1794,22
10053,ok,39.7725,39.7725,24
10054,ok,46.9961,46.9961,29
10055,ok,39.0859,39.0859,19
10056,ok,21.3157,21.3157,28
10057,ok,29.6690,29.6690,41
10058,ok,44.1062,44.1062,18
10059,ok,38.5308,38.5308,17
1006,ok,40.3711,40.3711,24
10060,ok,37.3623,37.3623,18
10061,ok,41.3655,41.3655,31
10062,ok,46.7364,46.7364,30
10063,ok,42.9163,42.9163,28
10064,ok,17.4025,17.4025,11
10065,ok,36.1788,36.1788,22
10066,ok,25.8518,25.8518,23
10067,ok,47.3553,47.3553,21
10068,ok,41.8352,41.8352,14
10069,ok,44.2705,44.2705,35
1007,ok,34.7789,34.7789,14
10070,ok,18.4826,18.4826,50
10071,ok,38.1392,38.1392,23
10072,ok,45.3996,45.3996,33
10073,ok,46.3061,46.3061,42
10074,ok,41.8280,41.8280,22
10075,ok,43.0458,43.0458,31
10076,ok,34.8564,34.8564,15
10077,ok,38.8291,38.8291,25
10078,ok,21.3605,21.3605,29
10079,ok,37.2024,37.2024,28
1008,ok,39.2389,39.2389,25
10080,ok,45.8368,45.8368,21
10081,ok,44.3072,43.8961,21
10082,ok,45.1074,45.1074,32
10083,ok,33.0766,33.0766,31
10084,ok,38.1355,38.1355,30
10085,ok,33.8506,33.8506,14
10086,ok,43.6752,43.6752,28
10087,ok,47.6524,47.6524,22
10088,ok,29.1941,29.1941,31
10089,ok,44.4035,44.4035,22
1009,ok,36.7702,36.7702,19
10090,ok,39.9266,39.9266,22
10091,ok,37.8097,37.8097,22
10092,ok,48.7199,48.7199,22
10093,ok,28.5453,28.5453,31
10094,ok,47.9593,47.9593,20
10095,ok,35.1499,35.1499,27
10096,ok,24.1242,24.1242,13
10097,ok,36.3851,36.3851,37
10098,ok,43.5086,43.5086,20
10099,ok,46.1571,46.1571,17
101,ok,35.4525,35.4525,16
1010,ok,37.5146,37.5146,17
10100,ok,40.1731,40.1731,21
10101,ok,34.8801,34.8801,22
10102,ok,43.9628,43.9628,51
10103,ok,41.5892,40.3967,28
10104,ok,43.3239,43.3239,20
10105,ok,49.2150,49.2150,32
10106,ok,46.9510,46.9510,20
10107,ok,30.3602,30.3602,30
10108,ok,49.7283,49.7283,25
10109,ok,36.0755,36.0755,18
1011,ok,30.9984,30.9984,29
10110,ok,40.8691,40.8691,26
10111,ok,44.6407,44.6407,24
10112,ok,33.0890,33.0890,15
10113,ok,46.5323,46.5323,20
10114,ok,45.5728,45.5728,22
10116,ok,48.7388,48.7388,26
10117,ok,44.5543,44.5543,33
10118,ok,37.2282,37.2282,22
10119,ok,45.4488,45.4478,26
1012,ok,34.7481,34.7481,18
10120,ok,44.3524,44.3524,29
10121,ok,46.4292,44.8462,26
10122,ok,47.3939,47.3939,28
10123,ok,38.2667,38.2667,26
10126,ok,27.4451,27.4451,21
10127,ok,35.8435,35.8435,21
10128,ok,42.9670,42.9670,22
10129,ok,40.6394,40.6394,15
1013,ok,27.8260,27.8260,11
10130,ok,33.4054,33.4054,17
10131,ok,44.7384,44.7384,18
10132,ok,26.9745,26.9745,14
10133,ok,47.1496,47.1496,12
10134,ok,39.4295,39.4295,24
10135,ok,44.8124,44.8124,41
10136,ok,48.5349,48.5349,17
10137,ok,39.9870,39.9870,25
10138,ok,31.1951,31.1951,56
10139,ok,49.3890,49.3890,28
1014,ok,40.6681,40.6681,31
10140,ok,33.7688,33.7688,23
10141,ok,28.5906,28.3470,24
10142,ok,41.2694,41.2694,22
10143,ok,33.7296,33.7296,26
10144,ok,43.1084,43.1084,23
10145,ok,38.6412,38.6412,18
10146,ok,24.5937,22.3007,27
10147,ok,49.7027,49.7027,13
10148,ok,48.2277,48.2277,25
10149,ok,36.4722,32.4948,24
1015,ok,27.9610,27.9610,11
10150,ok,32.1701,32.1701,24
10151,ok,38.8627,38.8627,17
10152,ok,39.2943,39.2943,42
10153,ok,40.8458,40.8458,16
10154,ok,25.5274,25.5274,44
10155,ok,43.7297,43.7297,14
10156,ok,42.9257,42.9257,27
10157,ok,43.8862,43.8862,36
10158,ok,30.4841,30.4841,25
10159,ok,31.2640,31.2640,10
1016,ok,30.9399,30.9399,23
10160,ok,28.7525,28.7525,26
10161,ok,21.4949,21.4949,24
10162,ok,49.8581,49.8581,17
10163,ok,45.5356,45.5356,23
10164,ok,39.2790,39.2790,48
10165,ok,31.2819,31.2819,29
10166,ok,47.2786,47.2786,16
10167,ok,18.2475,18.2475,22
10168,ok,42.7354,38.0750,20
10169,ok,38.0605,38.0605,28
10170,ok,49.6813,48.2059,17
10171,ok,42.6355,42.6354,12
10172,ok,39.5959,39.5959,27
10173,ok,45.9234,45.9234,26
10174,ok,44.0092,44.0092,24
10175,ok,47.6080,42.4163,15
10176,ok,34.1134,34.1134,13
10177,ok,47.1196,47.1196,14
10178,ok,48.7481,48.7481,43
10179,ok,47.1376,47.1376,26
1018,ok,47.3124,47.3124,12
10180,ok,40.7164,40.7164,20
10181,ok,29.3680,29.3680,20
10182,ok,28.4049,28.4049,15
10183,ok,46.5597,46.5597,12
10184,ok,43.9665,43.9665,21
10185,ok,48.0565,48.0565,27
10186,ok,36.9668,36.9668,17
10187,ok,49.8365,49.8365,24
10188,ok,34.4048,34.4048,19
10189,ok,27.1991,27.1991,18
1019,ok,45.7110,45.7110,25
10190,ok,41.0460,41.0460,18
10191,ok,42.0101,42.0101,18
10192,ok,37.7842,37.7842,15
10193,ok,44.0587,44.0587,21
10195,ok,40.9679,40.9679,22
10196,ok,32.7329,32.7329,27
10197,ok,26.7052,26.7052,26
10198,ok,15.1588,15.1588,9
102,ok,39.9097,39.9097,31
1020,ok,47.6682,47.6682,16
10200,ok,27.7286,27.7286,37
10201,ok,31.1429,31.1429,16
10202,ok,40.6737,40.6737,29
10203,ok,32.7394,32.7394,33
10204,ok,47.0556,47.0556,12
10205,ok,47.9348,47.9348,25
10206,ok,49.9083,49.9083,16
10207,ok,48.9659,48.9659,24
10208,ok,47.5153,47.5153,15
10209,ok,43.9036,43.9036,20
1021,ok,48.8158,48.5937,21
10210,ok,47.0203,47.0203,36
10211,ok,46.4413,46.4413,15
10212,ok,39.8319,39.8319,21
10213,ok,42.7611,42.7611,22
10214,ok,40.8046,40.8046,18
10215,ok,32.2100,32.2100,24
10216,ok,42.6356,42.6356,15
10217,ok,36.9662,36.9662,28
10218,ok,49.1354,49.1354,28
10219,ok,37.3270,37.3270,20
1022,ok,41.6153,41.6153,27
10220,ok,47.4797,47.4797,25
10221,ok,25.1507,25.1507,16
10222,ok,47.0173,47.0173,9
10223,ok,46.7550,46.7550,20
10224,ok,41.6400,41.6400,23
10225,ok,38.4036,38.4036,27
10226,ok,35.1518,35.1518,17
10227,ok,49.2162,49.2162,13
10228,ok,44.3633,44.3633,15
10229,ok,52.0475,46.3716,29
1023,ok,26.0727,26.0727,25
10230,ok,33.0597,33.0597,16
10231,ok,44.8274,44.8274,13
10232,ok,49.1961,49.1937,32
10233,ok,43.6985,43.6985,27
10234,ok,48.7397,48.7397,35
10235,ok,28.4867,28.4867,22
10236,ok,38.6509,38.6509,17
10237,ok,39.9690,39.9690,30
10238,ok,48.2418,48.2418,42
10239,ok,40.9458,40.9458,25
1024,ok,42.9846,42.9846,27
10240,ok,41.1803,41.1803,19
10241,ok,46.5347,46.5347,23
10242,ok,48.5837,48.5837,27
10243,ok,43.7421,43.7421,19
10244,ok,47.4423,47.4423,32
10245,ok,36.5445,36.5445,26
10246,ok,49.8628,49.8628,26
10247,ok,46.8038,46.8038,22
10248,ok,38.0952,38.0952,25
10249,ok,36.1794,36.1794,24
1025,ok,35.5326,35.5326,20
10250,ok,45.5854,45.5854,28
10251,ok,30.3106,30.3106,16
10252,ok,46.9939,44.5617,18
10253,ok,46.4201,46.4201,33
10254,ok,49.8840,49.8840,13
10255,ok,31.5425,31.5425,13
10256,ok,47.7652,47.7652,25
10257,ok,48.9452,48.9452,29
10258,ok,44.2095,44.2095,15
10259,ok,48.7615,48.7615,20
1026,ok,26.8458,26.8458,43
10260,ok,46.2284,45.3738,31
10261,ok,39.2521,39.2521,27
10262,ok,32.2455,32.2455,30
10263,ok,45.6955,45.6955,14
10264,ok,32.9010,32.9010,19
10265,ok,32.7837,32.7837,40
10266,ok,45.2600,45.2600,21
10267,ok,46.6758,46.6758,27
10268,ok,42.1679,42.1679,13
10269,ok,41.0638,41.0638,30
1027,ok,39.3118,39.3118,20
10271,ok,43.8517,41.5517,30
10272,ok,40.3021,40.3021,29
10273,ok,45.0904,45.0904,17
10274,ok,42.9665,42.9665,13
10275,ok,31.3197,31.3197,33
10276,ok,39.9998,39.9998,20
10277,ok,43.7988,43.7988,29
10278,ok,46.1736,46.1736,17
10279,ok,38.1270,38.1270,30
1028,ok,21.5948,21.5948,20
10280,ok,48.6653,43.3251,33
10281,ok,48.9675,48.9675,17
10282,ok,45.3224,45.3224,20
10283,ok,36.6762,36.6762,37
10284,ok,48.1898,48.1898,18
10285,ok,44.6015,44.6015,18
10286,ok,47.9540,47.9540,40
10287,ok,40.5477,40.2066,30
10288,ok,35.4683,35.4683,23
10289,ok,45.9796,45.9796,25
1029,ok,32.1514,32.1514,30
10290,ok,28.2152,28.2152,16
10291,ok,30.9721,30.9721,24
10292,ok,31.6119,31.6119,23
10293,ok,45.3530,45.3530,19
10294,ok,36.8850,36.8850,20
10295,ok,35.2406,35.2406,15
10296,ok,48.2723,48.2723,25
10297,ok,49.1879,49.1879,20
10298,ok,43.3227,43.3227,30
10299,ok,46.2829,41.2356,25
103,ok,47.2972,47.2972,23
1030,ok,42.2981,42.2981,33
10300,ok,31.4076,31.4076,21
10301,ok,39.2026,39.2026,33
10302,ok,45.3385,45.3385,28
10303,ok,47.8043,47.8043,37
10304,ok,49.2429,49.2429,39
10305,ok,33.6552,33.6552,16
10306,ok,48.9529,48.9529,24
10307,ok,40.9756,40.9756,34
10308,ok,35.3240,35.3240,17
10309,ok,40.1744,40.1744,24
1031,ok,49.7200,49.7200,14
10310,ok,41.6064,41.6064,12
10311,ok,49.7613,49.7613,15
10312,ok,42.5947,42.5947,28
10313,ok,36.6036,36.6036,29
10314,ok,37.5658,36.5880,24
10315,ok,47.5726,47.5726,28
10316,ok,39.1614,39.1614,27
10317,ok,38.6327,38.6327,21
10318,ok,46.5339,46.5339,17
10319,ok,49.9859,49.9859,24
1032,ok,47.4715,47.4715,31
10320,ok,26.4405,26.4405,10
10321,ok,43.7549,43.7549,20
10322,ok,47.7472,47.7472,16
10323,ok,47.5625,47.5625,42
10324,ok,39.8793,39.8793,31
10325,ok,36.4164,35.8365,41
10326,ok,30.0308,30.0308,15
10327,ok,39.5365,39.5365,16
10328,ok,48.2611,48.2611,22
10329,ok,49.6626,49.6626,15
1033,ok,48.5131,48.5131,22
10330,ok,40.0515,40.0515,32
10331,ok,48.1662,48.1662,14
10332,ok,26.9702,26.9702,23
10333,ok,39.4050,39.4050,20
10335,ok,18.4101,18.4101,33
10336,ok,47.7944,47.7944,12
10338,ok,42.1570,42.1570,16
10339,ok,40.2301,40.2301,20
1034,ok,45.1816,42.9742,27
10340,ok,35.8860,35.8860,14
10341,ok,43.6533,43.6533,29
10342,ok,47.3324,47.3324,22
10343,ok,48.6868,48.2021,32
10344,ok,40.9827,40.9827,15
10345,ok,38.3043,38.3043,41
10346,ok,47.0193,47.0193,22
10347,ok,42.9845,42.9845,12
10348,ok,49.8699,49.8699,14
10349,ok,41.9443,41.9443,17
1035,ok,45.6575,45.6575,29
10350,ok,29.3860,29.3860,21
10351,ok,42.8924,42.8924,14
10352,ok,48.0924,48.0924,44
10353,ok,28.7753,28.7753,14
10354,ok,33.7981,33.7981,38
10355,ok,42.7725,42.7725,22
10356,ok,37.5641,37.5641,27
10358,ok,32.3508,32.3508,22
10359,ok,38.5521,38.5521,18
1036,ok,18.2596,18.2596,24
10360,ok,33.4442,33.4442,13
10361,ok,42.9102,42.9102,39
10362,ok,28.0824,28.0824,33
10363,ok,47.9698,47.9698,18
10364,ok,40.9023,40.9023,30
10365,ok,39.5403,39.5403,15
10366,ok,32.9567,32.9567,17
10367,ok,49.5457,49.5457,25
10368,ok,49.9917,49.9917,37
10369,ok,33.2721,33.2721,15
1037,ok,48.8899,48.8899,23
10370,ok,45.7859,45.7859,30
10371,ok,24.7951,22.0911,23
10372,ok,46.9122,46.9122,36
10373,ok,48.9248,48.9248,16
10374,ok,42.2901,42.2901,16
10375,ok,49.0859,49.0859,16
10376,ok,44.2388,44.2388,22
10377,ok,33.0336,33.0336,14
10378,ok,41.2880,41.2880,16
10379,ok,30.7976,30.7976,19
10380,ok,46.1657,46.1657,33
10381,ok,43.0490,43.0490,24
10382,ok,41.3466,41.3466,26
10383,ok,26.9387,26.9387,31
10384,ok,42.1972,42.1972,29
10385,ok,27.6767,27.6767,42
10386,ok,48.0880,48.0880,24
10387,ok,46.5295,46.5295,33
10388,ok,53.8675,47.9932,14
10389,ok,48.9909,48.9909,21
1039,ok,38.0316,38.0316,31
10390,ok,44.9671,44.9671,24
10391,ok,47.7184,47.7184,24
10392,ok,26.6646,26.6646,22
10393,ok,48.0268,48.0268,28
10394,ok,41.6433,41.6433,19
10395,ok,45.3878,45.3878,22
10396,ok,35.4169,35.4169,18
10397,ok,30.8531,30.8531,9
10398,ok,38.9881,38.9881,31
10399,ok,45.7248,45.7248,17
104,ok,49.8571,49.8571,30
1040,ok,39.9370,39.9370,24
10400,ok,48.1879,46.9860,37
10401,ok,42.0087,42.0087,18
10402,ok,36.0781,36.0781,35
10403,ok,47.6620,47.6620,17
10405,ok,39.8530,39.8530,8
10406,ok,29.9608,29.9608,36
10407,ok,21.7814,21.7814,20
10408,ok,39.4157,39.4157,23
10409,ok,37.6095,37.6095,12
1041,ok,38.2602,38.2602,27
10410,ok,37.2994,37.2994,18
10411,ok,36.6132,36.6132,28
10412,ok,45.4342,45.4342,27
10413,ok,43.2159,43.2159,14
10414,ok,44.8816,44.8816,32
10415,ok,42.7637,42.7637,20
10416,ok,40.6712,40.6712,18
10417,ok,48.7775,45.7130,18
10418,ok,43.8640,43.8640,14
10419,ok,43.3932,43.3932,20
1042,ok,47.5051,47.5051,22
10420,ok,31.2461,30.8987,15
10421,ok,46.6853,46.6853,9
10422,ok,41.1604,41.1604,32
10423,ok,43.2700,43.2700,27
10424,ok,38.3744,38.3744,23
10425,ok,39.8558,39.8558,24
10426,ok,48.2584,48.2584,24
10427,ok,44.4850,44.4850,15
10428,ok,47.6318,47.6318,24
10429,ok,27.3079,27.3079,17
1043,ok,33.5443,33.5443,12
10430,ok,47.8955,47.8955,38
10431,ok,46.1000,46.1000,11
10432,ok,45.9597,45.9597,21
10433,ok,39.5850,39.5850,15
10434,ok,45.0266,45.0266,28
10435,ok,23.1626,23.1626,30
10436,ok,46.5411,46.5411,23
10437,ok,44.1667,44.1667,19
10438,ok,46.9976,46.9976,30
10439,ok,42.6086,42.6086,38
1044,ok,40.9183,40.9183,31
10440,ok,42.2596,42.2596,20
10441,ok,46.2372,46.2372,23
10442,ok,36.3351,36.3351,9
10443,ok,29.6649,29.6649,30
10444,ok,45.1902,45.1902,19
10445,ok,46.1176,46.1176,41
10446,ok,27.5044,27.5044,23
10447,ok,45.1205,45.1205,30
10448,ok,43.0447,43.0447,17
10449,ok,37.5985,37.5985,31
1045,ok,30.5677,30.5677,19
10450,ok,43.8489,43.8489,18
10451,ok,30.3649,30.3649,23
10452,ok,26.4472,26.4472,24
10453,ok,44.5190,44.5190,19
10454,ok,53.2967,47.4846,24
10455,ok,47.8579,47.8579,20
10456,ok,27.4710,27.4710,41
10457,ok,52.7790,47.0233,12
10458,ok,24.2957,24.2957,22
10459,ok,40.1055,40.1055,19
1046,ok,35.9830,35.9830,13
10460,ok,18.3967,18.3967,34
10461,ok,48.0497,48.0497,21
10463,ok,43.7310,43.7310,15
10465,ok,39.2428,39.2428,30
10466,ok,47.2446,47.2446,29
10467,ok,35.0987,35.0987,29
10468,ok,36.6261,36.6261,26
10469,ok,32.6710,32.6710,16
1047,ok,49.5015,49.5015,30
10470,ok,47.0328,47.0328,19
10471,ok,48.6096,48.6096,19
10472,ok,45.0695,45.0695,25
10473,ok,47.0727,47.0727,30
10474,ok,40.5575,40.5575,12
10475,ok,38.8568,38.8568,38
10476,ok,39.3611,39.3611,38
10477,ok,47.2409,47.2409,36
10478,ok,42.4545,41.9790,24
10479,ok,36.5616,36.5616,9
1048,ok,47.9389,47.9389,13
10480,ok,46.8980,46.8980,14
10481,ok,49.3562,49.3562,26
10482,ok,32.5100,31.7412,26
10483,ok,48.7465,48.7465,32
10484,ok,37.2633,37.2633,16
10485,ok,40.9363,40.9363,15
10486,ok,49.2246,48.9937,25
10487,ok,34.5334,34.5334,29
10488,ok,40.4477,40.4477,22
10489,ok,48.3682,43.0935,31
1049,ok,36.5695,36.5695,19
10490,ok,41.6782,41.6782,21
10491,ok,47.9719,47.9719,19
10492,ok,36.7359,36.7359,27
10493,ok,31.9037,31.9037,15
10494,ok,42.3551,42.3551,27
10495,ok,38.3761,38.3761,22
10496,ok,24.5009,24.5009,38
10497,ok,26.8687,26.8687,14
10498,ok,43.1374,43.1374,16
10499,ok,18.4910,18.4910,15
105,ok,29.4041,29.4041,38
1050,ok,42.7511,42.7511,24
10500,ok,44.2307,44.2307,15
10501,ok,48.8856,48.8856,36
10502,ok,45.5493,45.5493,21
10503,ok,46.1968,46.1968,34
10504,ok,21.6205,21.6205,27
10505,ok,46.1024,46.1024,33
10506,ok,43.0184,43.0184,18
10507,ok,42.0794,42.0794,20
10508,ok,26.6061,26.6061,40
10509,ok,41.6868,41.6868,11
1051,ok,49.1058,49.1058,24
10510,ok,54.6454,48.6862,20
10511,ok,34.1899,34.1899,18
10512,ok,40.4167,40.4167,21
10513,ok,48.0610,48.0610,25
10514,ok,49.1346,49.1346,9
10515,ok,45.5079,45.5079,19
10516,ok,43.6833,43.6833,32
10517,ok,39.7106,39.7106,31
10518,ok,45.9273,45.9273,12
10519,ok,40.1193,40.1193,21
1052,ok,46.5217,46.5217,23
10520,ok,27.5570,27.5570,22
10521,ok,37.8101,37.8101,15
10522,ok,48.1442,48.1442,26
10523,ok,34.7652,34.7652,14
10524,ok,44.1814,43.4397,29
10525,ok,33.4296,33.4296,33
10526,ok,41.3474,41.3474,28
10527,ok,29.0419,29.0419,32
10528,ok,33.7430,33.7430,37
10529,ok,40.4663,40.4663,25
1053,ok,34.6072,34.6072,18
10530,ok,49.1299,49.1299,21
10531,ok,45.6545,45.6545,35
10532,ok,43.6789,43.6789,14
10533,ok,45.8463,45.8463,14
10534,ok,45.5594,45.5594,25
10535,ok,41.8039,41.8039,38
10536,ok,30.4899,30.4899,12
10537,ok,45.0500,45.0500,29
10538,ok,26.8577,26.8577,11
10539,ok,45.4557,45.4557,43
1054,ok,38.2427,38.2427,29
10540,ok,49.9986,49.9986,18
10541,ok,33.5659,33.5659,23
10542,ok,48.6616,48.6616,17
10543,ok,34.0594,34.0594,35
10544,ok,31.3026,31.3026,22
10545,ok,46.9985,46.9985,43
10546,ok,44.3572,44.3572,19
10547,ok,46.0774,46.0774,20
10548,ok,49.1258,48.3042,42
10549,ok,47.4120,47.4120,18
1055,ok,46.4838,46.4838,13
10550,ok,48.3955,48.3955,41
10551,ok,46.2350,46.2350,26
10552,ok,43.1905,43.1905,31
10553,ok,40.1916,40.1916,17
10554,ok,49.2706,49.2706,24
10555,ok,33.3504,33.3504,21
10556,ok,49.7232,49.7232,30
10557,ok,33.5973,33.5973,33
10558,ok,46.6569,46.6569,31
10559,ok,27.7301,27.7301,28
1056,ok,46.3567,46.3567,16
10560,ok,38.0062,38.0062,29
10561,ok,48.7554,48.7554,25
10562,ok,36.6195,36.6195,11
10563,ok,48.0302,48.0302,9
10564,ok,32.6711,32.6711,31
10565,ok,37.9670,37.9670,21
10566,ok,39.1459,39.1459,16
10567,ok,40.1222,40.1222,19
10568,ok,26.9642,26.9642,26
10569,ok,48.9254,48.9254,13
1057,ok,47.9433,42.7150,24
10570,ok,48.4729,48.4729,17
10571,ok,33.6747,33.6747,29
10572,ok,45.5066,45.5066,31
10573,ok,34.9417,34.9417,12
10574,ok,43.3158,43.3158,29
10575,ok,44.8012,44.8012,34
10576,ok,42.2478,42.2478,16
10577,ok,49.7846,49.7846,21
10578,ok,37.4422,37.4422,20
10579,ok,25.6246,25.6246,33
1058,ok,18.8909,18.8909,24
10580,ok,47.8498,47.8498,42
10581,ok,34.1663,34.1663,49
10582,ok,39.6567,39.6567,15
10583,ok,41.3044,41.3044,19
10584,ok,49.4531,49.4531,27
10585,ok,36.2699,36.2699,19
10586,ok,31.2434,31.2434,22
10587,ok,45.7445,45.7445,25
10588,ok,39.1081,39.1081,22
10589,ok,48.1382,48.1382,19
1059,ok,43.6151,43.6151,34
10590,ok,48.3020,47.0252,14
10591,ok,44.6472,44.6472,16
10592,ok,421.0492,47.9666,29
10593,ok,37.9365,37.9365,30
10594,ok,46.8030,46.8030,29
10595,ok,49.2321,49.2271,25
10596,ok,37.1453,37.1453,30
10597,ok,36.4491,36.4491,31
10598,ok,42.3681,42.3681,29
10599,ok,40.5250,40.5250,32
106,ok,29.5340,29.5340,31
1060,ok,49.7457,49.7457,21
10600,ok,39.9775,39.9775,12
10601,ok,40.7097,40.7097,26
10602,ok,40.7622,40.7622,26
10603,ok,46.4196,46.4196,16
10604,ok,39.6334,38.9354,18
10605,ok,49.2743,49.2743,11
10606,ok,38.6319,38.6319,41
10607,ok,49.1696,49.1696,18
10608,ok,50.7663,45.2302,12
10609,ok,42.3422,42.3422,16
1061,ok,44.9886,44.9886,21
10610,ok,42.0218,42.0218,25
10611,ok,47.8033,47.8033,21
10612,ok,37.5108,37.5108,21
10613,ok,18.8614,18.8614,36
10614,ok,29.0359,29.0359,46
10615,ok,46.2261,46.2261,27
10616,ok,48.0765,48.0765,20
10617,ok,38.6068,38.6068,17
10618,ok,37.4412,37.4412,15
10619,ok,40.8819,40.8819,15
1062,ok,48.8265,48.8265,37
10620,ok,42.5251,42.5251,32
10621,ok,19.4532,19.4532,27
10622,ok,28.8487,28.8487,28
10623,ok,45.0256,45.0256,26
10624,ok,42.8886,42.8886,27
10625,ok,54.1326,48.2293,25
10626,ok,47.3571,47.3571,15
10627,ok,42.7522,42.7522,23
10628,ok,39.8812,39.8812,27
10629,ok,43.7484,43.7484,12
1063,ok,36.2211,36.2211,36
10630,ok,29.0172,29.0172,37
10631,ok,49.5513,49.5513,20
10632,ok,41.3970,41.3970,14
10633,ok,43.7886,39.0134,19
10634,ok,34.8433,34.8433,39
10635,ok,36.0362,36.0362,26
10636,ok,43.7386,42.1062,18
10637,ok,41.6583,41.6583,17
10638,ok,46.6452,46.6452,15
10639,ok,31.7354,31.7354,26
1064,ok,41.3460,41.3460,14
10640,ok,48.3029,48.3029,40
10641,ok,44.6387,44.6387,25
10642,ok,26.4767,26.4767,20
10643,ok,45.2741,42.8105,40
10644,ok,36.3457,36.3457,18
10645,ok,50.5821,49.4650,38
10646,ok,28.5962,28.5962,25
10647,ok,32.6444,32.6444,30
10648,ok,44.8494,42.7029,25
10649,ok,37.5375,37.5375,12
1065,ok,40.3177,40.3177,18
10651,ok,41.7445,41.7445,23
10652,ok,49.2555,49.2555,21
10653,ok,40.1324,40.1324,36
10654,ok,48.3670,48.3670,23
10655,ok,46.2658,46.2658,34
10656,ok,48.0598,48.0598,27
10657,ok,40.1662,40.1662,21
10658,ok,48.2643,45.2841,17
1066,ok,40.2559,40.2559,23
10660,ok,48.8510,48.8510,17
10661,ok,35.8815,35.8815,18
10662,ok,49.6001,49.6001,27
10663,ok,37.9856,37.9856,35
10664,ok,42.9913,42.9913,14
10665,ok,34.2766,34.2766,26
10666,ok,23.5709,23.5709,22
10667,ok,40.2443,40.2443,29
10668,ok,19.9496,19.9496,13
10669,ok,47.9091,47.9091,40
1067,ok,42.4534,42.4534,30
10670,ok,41.2971,41.2971,23
10671,ok,29.6340,29.6340,15
10672,ok,43.6683,43.6683,29
10673,ok,43.7633,43.7633,32
10674,ok,46.7414,46.7414,13
10675,ok,49.0019,49.0019,26
10676,ok,49.3530,49.3530,17
10677,ok,38.8341,38.8341,29
10678,ok,5666.5829,1291.5515,31
10679,ok,39.4208,39.4208,20
1068,ok,48.0990,48.0990,35
10680,ok,39.9430,39.9430,16
10681,ok,45.2630,45.2630,16
10682,ok,49.7864,49.7864,35
10683,ok,49.0161,49.0161,20
10684,ok,43.4492,43.4492,26
10686,ok,46.0715,46.0715,39
10687,ok,41.8097,41.8097,19
10688,ok,41.7620,41.7620,42
10689,ok,29.9813,29.9813,26
1069,ok,38.8600,38.8600,35
10690,ok,43.8126,43.8126,14
10691,ok,38.4882,38.4882,28
10692,ok,26.0161,26.0161,28
10693,ok,33.1515,33.1515,34
10694,ok,47.0672,47.0672,11
10695,ok,23.9521,23.9521,12
10696,ok,37.1151,37.1151,23
10697,ok,43.7044,43.7044,18
10698,ok,36.3353,36.3353,23
10699,ok,35.6066,35.6066,49
107,ok,44.7085,44.7085,14
1070,ok,40.1323,40.1323,15
10700,ok,38.6052,38.6052,27
10701,ok,48.2021,48.2021,23
10702,ok,33.7293,33.7293,20
10703,ok,45.0215,45.0215,23
10704,ok,34.0498,34.0498,18
10705,ok,21.0759,21.0759,27
10706,ok,49.9158,49.9158,39
10707,ok,46.1782,46.1782,37
10708,ok,23.5903,23.5903,18
10709,ok,40.2614,40.2614,16
1071,ok,46.3171,44.7018,20
10710,ok,25.7062,25.7062,21
10711,ok,44.9772,44.9772,31
10712,ok,48.3970,48.3970,16
10713,ok,24.1670,24.1670,32
10714,ok,39.0366,39.0366,20
10715,ok,28.4043,28.4043,16
10717,ok,47.2429,47.2429,27
10718,ok,51.2584,49.0269,16
10719,ok,22.7977,22.7977,15
1072,ok,47.1411,47.1411,38
10720,ok,42.2824,42.2824,11
10721,ok,46.5586,46.5586,18
10722,ok,27.1740,27.1740,15
10723,ok,47.3624,47.3624,23
10724,ok,45.8597,45.8597,18
10725,ok,47.0668,47.0668,23
10726,ok,42.6911,42.6911,19
10727,ok,45.6683,45.6683,24
10728,ok,33.4668,33.4668,25
10729,ok,36.9726,36.9726,27
1073,ok,47.0232,41.8952,27
10730,ok,46.9669,46.9669,32
10731,ok,46.6992,46.6992,30
10732,ok,36.2871,36.2871,23
10733,ok,28.7118,28.7118,18
10734,ok,41.6495,41.6495,11
10735,ok,15.9125,15.9125,11
10736,ok,47.3008,47.3008,36
10737,ok,37.1095,37.1095,9
10738,ok,38.6829,38.6829,15
10739,ok,42.0283,42.0283,25
1074,ok,46.8582,46.8582,42
10740,ok,35.8893,35.8893,28
10741,ok,43.1104,43.1104,18
10742,ok,37.2356,37.2356,43
10743,ok,39.1778,39.1778,26
10744,ok,44.3829,44.3829,27
10745,ok,27.8842,27.8842,19
10746,ok,32.8675,32.8675,29
10747,ok,36.5809,36.5809,28
10748,ok,40.0965,35.7239,12
10749,ok,48.1274,48.1274,31
1075,ok,22.2861,22.2861,18
10750,ok,44.4035,43.0375,17
10751,ok,39.8923,39.8923,15
10752,ok,49.3286,49.3286,36
10753,ok,49.3936,49.3936,19
10754,ok,32.8385,32.8385,18
10755,ok,21.1119,21.1119,14
10756,ok,38.8253,38.8253,24
10757,ok,30.8330,30.8330,17
10758,ok,49.6047,49.6047,33
10759,ok,41.4566,41.4566,27
1076,ok,39.9448,39.9448,23
10760,ok,29.4715,29.4715,23
10761,ok,35.6593,35.6593,22
10762,ok,39.8911,39.8911,33
10763,ok,42.6597,42.6597,35
10764,ok,44.8419,44.8419,19
10765,ok,49.9979,49.9979,24
10766,ok,39.5763,39.5763,27
10767,ok,36.6925,36.6925,36
10768,ok,44.6621,44.6621,22
10769,ok,46.8133,46.8133,11
1077,ok,45.0455,45.0455,15
10770,ok,38.6343,38.6343,23
10771,ok,47.3948,47.3948,17
10772,ok,42.3939,42.3939,25
10773,ok,45.8738,45.8738,15
10774,ok,15.7605,15.5548,36
10775,ok,42.3668,42.3668,31
10776,ok,43.3342,43.3342,41
10777,ok,24.1744,24.1744,15
10778,ok,49.5426,49.5426,20
10779,ok,46.7475,46.7475,15
1078,ok,49.4374,49.4374,28
10780,ok,41.8934,41.8934,31
10781,ok,21.3609,21.3609,33
10782,ok,35.6603,35.6603,41
10783,ok,47.4038,46.5498,25
10784,ok,31.2192,31.2192,25
10785,ok,46.4867,46.4867,15
10786,ok,29.2924,29.2924,23
10787,ok,29.5892,29.5892,19
10788,ok,31.7007,31.7007,27
10789,ok,42.2747,42.2747,48
10790,ok,32.7550,32.7550,21
10791,ok,37.2906,37.2906,34
10792,ok,42.6076,42.6076,30
10793,ok,31.1641,31.1641,22
10794,ok,47.2300,47.2300,32
10795,ok,25.8783,25.8783,40
10796,ok,36.4554,36.4554,10
10797,ok,36.1593,36.1593,28
10798,ok,49.9165,49.9165,26
10799,ok,37.2202,37.2202,14
108,ok,36.5984,34.9174,17
1080,ok,45.4734,45.4734,41
10800,ok,40.3417,40.3417,19
10801,ok,31.4958,31.4958,26
10802,ok,24.2033,24.2033,16
10803,ok,35.6309,35.6309,13
10804,ok,35.2811,35.2811,12
10805,ok,42.9008,42.9008,33
10806,ok,26.4241,26.4241,21
10807,ok,43.4373,43.4373,25
10808,ok,26.9669,26.8260,14
10809,ok,41.2136,41.2136,22
1081,ok,39.5528,39.5528,22
10810,ok,46.0504,46.0504,28
10811,ok,32.4014,32.4014,22
10812,ok,33.4857,33.4857,22
10813,ok,37.8790,37.8790,13
10814,ok,33.8871,33.8871,26
10815,ok,46.6569,46.6569,18
10816,ok,49.3388,49.3388,14
10817,ok,29.5607,29.5607,19
10818,ok,23.9005,23.9005,19
10819,ok,34.9297,34.9297,23
1082,ok,48.3058,48.3058,25
10820,ok,48.1269,48.1269,17
10822,ok,34.6908,34.6908,22
10823,ok,47.7786,47.7786,17
10824,ok,38.6770,38.6770,19
10825,ok,20.8356,20.8356,28
10827,ok,18.9720,18.9720,20
10828,ok,35.9321,35.9321,33
10829,ok,44.3728,44.3728,24
1083,ok,41.5490,41.5490,30
10830,ok,25.5013,25.5013,21
10831,ok,46.5700,46.5700,39
10832,ok,29.1607,29.1607,12
10833,ok,30.4500,30.4500,15
10834,ok,49.3728,49.3728,15
10835,ok,39.2778,39.2778,29
10836,ok,43.9208,43.9208,19
10837,ok,43.7415,43.7415,19
10838,ok,44.9561,44.9561,16
10839,ok,37.9242,37.9242,36
1084,ok,47.7333,47.7333,16
10840,ok,45.9127,45.9127,16
10841,ok,45.5850,45.5850,53
10842,ok,39.9324,39.9324,41
10843,ok,45.5799,45.5799,29
10844,ok,44.4309,44.4309,30
10845,ok,39.3566,35.0647,12
10846,ok,45.1866,44.4626,15
10847,ok,49.5793,49.5793,25
10848,ok,48.1108,48.1108,20
10849,ok,41.8130,41.8130,19
1085,ok,43.2356,43.2356,26
10850,ok,20.9449,20.9449,17
10851,ok,30.7648,30.7648,33
10852,ok,25.0219,25.0219,32
10853,ok,49.5718,49.5718,19
10854,ok,49.1968,49.1968,18
10855,ok,32.8639,32.8639,26
10856,ok,47.6370,42.4421,14
10857,ok,38.8236,38.8236,23
10858,ok,38.7940,38.7940,8
10859,ok,39.3108,39.3108,28
1086,ok,49.0647,43.7141,19
10860,ok,40.0855,40.0855,26
10861,ok,47.7473,47.7473,37
10862,ok,43.5940,43.5940,28
10863,ok,37.1573,37.1573,25
10864,ok,45.7998,45.7998,23
10865,ok,45.4058,45.4058,40
10866,ok,48.2775,48.2775,21
10867,ok,35.3336,35.3336,20
10868,ok,35.8241,35.8241,15
10869,ok,43.9088,43.9088,24
1087,ok,39.3599,39.3599,14
10870,ok,37.1582,37.1582,13
10871,ok,43.6769,43.6769,28
10872,ok,49.4738,49.4738,22
10873,ok,39.4196,39.4196,29
10874,ok,47.3359,47.3359,23
10875,ok,31.1161,29.7742,26
10876,ok,46.0728,46.0728,17
10877,ok,43.8709,43.8709,31
10878,ok,27.7087,27.7087,17
10879,ok,43.6584,43.6584,27
1088,ok,37.1799,37.1799,28
10880,ok,43.8394,43.8394,34
10881,ok,48.4285,48.4284,32
10882,ok,43.5929,43.5929,17
10883,ok,41.1413,41.1413,16
10884,ok,42.0357,42.0357,14
10885,ok,34.7468,30.9576,29
10886,ok,40.7838,40.7838,13
10887,ok,28.1996,28.1996,19
10888,ok,30.5848,30.5848,39
10889,ok,36.7176,36.7176,19
1089,ok,28.5606,28.5606,19
10890,ok,26.2285,26.2285,29
10891,ok,41.9946,41.9946,29
10892,ok,39.0651,39.0651,23
10893,ok,46.0462,46.0462,17
10894,ok,47.0184,47.0184,21
10895,ok,26.3794,26.3794,43
10896,ok,49.8533,49.5704,22
10897,ok,30.0749,30.0749,15
10898,ok,19.5282,19.5282,18
10899,ok,37.0333,37.0333,28
109,ok,42.7050,42.7050,21
1090,ok,45.7169,45.7169,14
10900,ok,39.2158,38.6483,37
10901,ok,40.8438,40.8438,35
10902,ok,46.9683,46.9683,23
10903,ok,46.6192,46.6192,15
10904,ok,34.1890,34.1890,32
10905,ok,48.5559,48.5559,28
10906,ok,46.9694,46.9694,26
10907,ok,43.2367,43.2367,18
10908,ok,34.2443,34.2443,31
10909,ok,44.5112,44.5112,20
1091,ok,25.3234,25.3234,20
10910,ok,43.4227,43.4227,20
10911,ok,27.7670,27.7670,21
10912,ok,48.2200,48.2200,47
10913,ok,28.6777,28.6777,23
10914,ok,47.0478,47.0478,19
10915,ok,44.0177,44.0177,27
10916,ok,38.8828,38.8828,18
10917,ok,47.5539,47.5539,27
10918,ok,44.3332,44.3332,20
10919,ok,49.7815,49.7815,19
1092,ok,33.2805,33.2805,30
10920,ok,39.3598,39.3598,37
10921,ok,43.5394,43.5394,21
10922,ok,48.9626,48.9626,14
10923,ok,47.2186,47.2186,29
10924,ok,36.3302,36.3302,36
10925,ok,49.6897,49.6897,24
10926,ok,47.9780,47.9780,15
10927,ok,47.3345,47.3345,17
10928,ok,37.0388,37.0388,16
10929,ok,45.5804,45.5804,21
1093,ok,49.1013,49.1013,34
10930,ok,32.0415,32.0415,14
10931,ok,40.7383,40.7383,35
10932,ok,38.5340,38.5340,23
10933,ok,40.7103,40.7103,20
10934,ok,48.4175,48.4175,21
10935,ok,47.7439,47.3266,24
10936,ok,42.1560,42.1560,28
10937,ok,36.5481,36.5481,14
10938,ok,32.4949,32.4949,24
10939,ok,43.1696,42.1074,43
1094,ok,42.9815,42.9815,21
10940,ok,47.8596,47.8596,23
10941,ok,55.5622,33.5031,32
10942,ok,49.3134,49.3134,26
10943,ok,40.3273,40.3273,16
10944,ok,46.2636,46.2636,14
10945,ok,34.2589,34.2589,25
10946,ok,30.9167,30.9167,26
10947,ok,25.6247,25.6247,36
10948,ok,41.9980,41.9980,34
10949,ok,34.9383,34.9383,11
1095,ok,43.9475,43.9475,36
10950,ok,29.1628,29.1628,26
10951,ok,17.6088,17.6088,27
10952,ok,47.8372,47.8372,25
10953,ok,38.0870,38.0870,21
10954,ok,33.4130,33.2638,27
10955,ok,31.8872,31.8872,19
10956,ok,42.8295,42.8295,11
10957,ok,46.3650,46.3650,33
10958,ok,46.8914,42.7476,17
10959,ok,31.6157,31.6157,23
1096,ok,40.4347,40.4346,37
10960,ok,49.9595,49.9595,30
10961,ok,49.6527,49.6527,25
10962,ok,38.7017,38.7017,25
10963,ok,22.4788,22.4788,56
10964,ok,42.0924,42.0924,24
10965,ok,40.8592,40.8592,23
10966,ok,44.5527,44.5527,23
10967,ok,38.4671,36.6099,39
10968,ok,46.7752,46.7752,15
10969,ok,41.8225,41.8225,47
1097,ok,38.0391,38.0391,16
10970,ok,45.8058,45.8058,25
10971,ok,41.3961,41.3961,28
10972,ok,25.1731,25.1731,37
10973,ok,45.8623,45.8623,19
10974,ok,46.4544,46.4544,17
10975,ok,42.1259,42.1259,15
10976,ok,42.0212,42.0212,29
10977,ok,47.8925,47.8925,14
10978,ok,43.9540,43.9540,39
10979,ok,49.7353,49.7353,20
1098,ok,48.0697,48.0697,19
10980,ok,33.1152,33.1152,30
10981,ok,33.0543,33.0543,36
10982,ok,49.0252,49.0252,24
10983,ok,49.9056,49.9056,31
10985,ok,43.7413,43.7413,32
10986,ok,40.5255,40.5255,16
10987,ok,41.9859,41.9859,28
10988,ok,47.5346,47.5346,13
10989,ok,32.7734,32.7734,13
1099,ok,45.8488,45.8488,23
10990,ok,49.6808,49.6808,34
10991,ok,49.9380,49.9380,19
10992,ok,34.1688,34.1688,21
10993,ok,42.9585,42.9585,12
10994,ok,39.6634,39.6634,12
10996,ok,43.4726,43.4726,29
10997,ok,35.1257,35.1257,24
10998,ok,19.4617,19.4617,19
10999,ok,46.1533,46.1533,19
11,ok,47.3557,47.3557,22
110,ok,41.1941,41.1941,28
1100,ok,34.6938,34.6938,39
11000,ok,43.6518,43.6518,28
11001,ok,43.6160,43.6160,36
11002,ok,43.9202,43.9202,21
11003,ok,38.5357,38.5357,23
11004,ok,48.3361,48.3361,47
11005,ok,22.8184,22.8184,41
11006,ok,41.0934,41.0934,38
11007,ok,47.4675,47.4675,38
11008,ok,33.1404,33.1404,23
11009,ok,39.2213,39.2213,37
1101,ok,24.2658,24.2658,33
11010,ok,45.6134,45.6134,20
11011,ok,44.6963,44.6963,24
11012,ok,47.3016,47.3016,28
11013,ok,36.4086,36.4086,22
11014,ok,48.8233,48.8233,11
11015,ok,41.7533,41.7533,36
11016,ok,44.3358,44.3358,19
11017,ok,18.8687,18.8687,17
11018,ok,38.7553,38.7553,14
11019,ok,41.2817,41.2817,14
1102,ok,43.7394,43.7394,20
11020,ok,46.9375,46.9375,26
11021,ok,28.7517,28.7517,21
11022,ok,46.1795,46.1795,30
11023,ok,49.6107,49.6107,17
11024,ok,26.3376,26.3376,19
11025,ok,45.3815,45.3815,43
11026,ok,29.0331,29.0331,33
11027,ok,46.3726,46.3726,30
11028,ok,44.1228,44.1228,18
11029,ok,35.9626,35.9626,23
1103,ok,31.9905,31.9905,37
11030,ok,44.0141,44.0141,16
11031,ok,28.8220,28.8220,30
11032,ok,45.1029,45.1029,18
11033,ok,47.2333,47.2333,12
11034,ok,49.0124,49.0124,24
11035,ok,27.0340,27.0340,12
11036,ok,46.8471,46.8471,19
11037,ok,47.9420,47.9420,18
11038,ok,37.5997,37.5996,33
11039,ok,32.5323,32.5323,17
1104,ok,46.1473,46.1473,23
11040,ok,29.9517,26.6854,34
11041,ok,46.7558,46.7558,25
11042,ok,42.9803,42.9803,29
11044,ok,39.7962,39.7962,35
11045,ok,26.7210,26.7210,25
11046,ok,42.0660,42.0660,12
11047,ok,44.7838,44.7838,32
11048,ok,43.3906,43.3906,38
11049,ok,46.4975,46.4975,28
1105,ok,38.7017,38.7017,28
11050,ok,30.0469,30.0469,24
11051,ok,49.9106,49.9106,38
11053,ok,42.2094,42.2094,27
11054,ok,46.1289,46.1289,16
11055,ok,48.5506,48.5506,14
11056,ok,40.1826,40.1826,28
11057,ok,37.6679,37.6679,20
11058,ok,45.2217,45.2217,32
11059,ok,48.8887,48.8887,11
1106,ok,38.9265,38.9265,16
11060,ok,38.2898,38.2898,29
11061,ok,46.0928,46.0928,22
11062,ok,39.7469,39.7469,21
11063,ok,33.1941,33.1941,33
11064,ok,43.6701,43.6701,20
11065,ok,31.6214,31.6214,37
11066,ok,48.6511,48.6511,12
11067,ok,41.7390,41.7390,22
11068,ok,37.2984,37.2984,15
11069,ok,24.1899,24.1899,33
1107,ok,42.9849,42.9849,43
11070,ok,52.4752,46.7527,26
11071,ok,46.8202,46.8202,23
11072,ok,40.7187,40.0345,24
11073,ok,48.2886,48.2886,32
11074,ok,26.1424,26.1424,11
11075,ok,46.3039,46.3039,46
11076,ok,49.3653,49.3653,34
11077,ok,43.9398,43.9398,19
11078,ok,38.5339,38.5339,12
11079,ok,38.6529,38.6529,22
1108,ok,47.6197,47.6197,16
11080,ok,46.1359,46.1359,34
11081,ok,20.3676,20.3676,24
11082,ok,49.0411,49.0411,31
11083,ok,37.7223,37.7223,25
11084,ok,35.4675,35.4675,28
11085,ok,44.1564,44.1564,48
11086,ok,40.7217,40.7217,13
11087,ok,39.6203,39.6203,24
11088,ok,43.5080,43.5080,40
11089,ok,36.5259,36.5259,24
1109,ok,50.6921,48.5862,29
11090,ok,46.6591,46.6591,15
11091,ok,40.2715,40.2715,26
11092,ok,48.8133,48.8133,19
11093,ok,38.2961,38.2961,20
11094,ok,42.0611,42.0611,19
11095,ok,41.3289,41.3289,22
11096,ok,44.7416,44.7416,29
11097,ok,40.4052,40.4052,19
11098,ok,46.8690,46.8690,27
11099,ok,25.0998,25.0998,43
111,ok,49.7790,47.5703,18
1110,ok,34.8008,34.8008,11
11100,ok,40.8231,40.8231,24
11101,ok,49.3608,49.3608,16
11102,ok,43.9713,43.9713,15
11103,ok,33.6296,33.6296,21
11104,ok,42.4454,42.4454,12
11105,ok,47.7575,47.7575,33
11106,ok,44.3513,44.3513,26
11107,ok,37.0282,37.0282,18
11108,ok,44.1348,44.1348,22
11109,ok,26.5906,26.5906,14
1111,ok,42.5197,42.5197,37
11110,ok,37.2628,37.2628,45
11111,ok,49.6458,49.6458,12
11112,ok,42.8839,42.8839,29
11113,ok,45.3050,44.6814,13
11114,ok,37.9608,37.9608,15
11115,ok,47.9262,47.9262,20
11116,ok,45.5782,45.5782,20
11117,ok,43.4920,43.4920,21
11118,ok,46.0144,46.0144,20
11119,ok,43.4950,43.4950,38
1112,ok,36.4782,36.4782,14
11120,ok,29.7772,29.7772,28
11122,ok,39.0493,39.0493,18
11123,ok,43.8210,43.8210,15
11124,ok,47.1526,47.1526,16
11125,ok,26.8951,26.8951,33
11126,ok,49.1442,49.1442,14
11127,ok,44.9798,44.9798,10
11128,ok,46.7332,45.6647,30
11129,ok,18.8889,18.8889,24
1113,ok,27.9031,27.9031,26
11130,ok,28.3512,28.3512,23
11131,ok,38.9502,38.9502,27
11132,ok,42.2459,42.2459,29
11133,ok,43.5334,43.5334,21
11134,ok,27.6358,27.6358,47
11135,ok,19.7873,19.7873,24
11136,ok,43.9124,43.9124,30
11137,ok,34.1060,33.8117,26
11138,ok,36.7072,36.7072,22
11139,ok,33.5246,32.9569,25
1114,ok,38.3761,38.3761,30
11140,ok,39.8500,39.8500,20
11141,ok,38.3331,38.3331,16
11142,ok,23.2665,23.2665,37
11143,ok,40.2167,40.2167,19
11144,ok,28.8248,28.8248,48
11145,ok,34.1191,34.1191,17
11146,ok,52.6979,46.9510,22
11147,ok,38.6395,38.6395,26
11148,ok,37.1133,37.1133,18
11149,ok,30.2222,30.2222,33
1115,ok,36.4846,32.5059,20
11150,ok,37.8884,37.8884,34
11151,ok,34.3290,34.3290,31
11152,ok,43.4410,43.4410,23
11153,ok,45.3804,45.3804,23
11154,ok,39.2571,39.2571,12
11155,ok,33.7098,33.7098,30
11156,ok,44.1734,44.1734,25
11157,ok,49.3967,49.3967,22
11158,ok,43.5898,43.5898,11
11159,ok,45.4939,40.5327,38
1116,ok,35.0822,32.6721,16
11160,ok,43.0606,43.0606,22
11161,ok,31.6897,31.6897,33
11162,ok,46.0565,46.0565,17
11163,ok,42.7314,42.7314,29
11164,ok,45.2188,45.2187,13
11165,ok,44.9047,44.9047,29
11166,ok,35.3571,35.3571,19
11167,ok,31.2317,31.2317,18
11168,ok,43.7888,43.7888,17
11169,ok,45.5362,45.5362,28
1117,ok,33.2919,33.2919,31
11170,ok,44.1860,44.1860,10
11171,ok,26.7318,26.7318,14
11172,ok,30.7123,30.7123,29
11173,ok,46.7763,46.7763,14
11174,ok,21.2033,21.2033,18
11175,ok,45.9230,45.9230,31
11176,ok,32.7719,32.7719,34
11177,ok,26.2895,26.2895,21
11178,ok,35.5537,35.5537,28
11179,ok,43.3781,43.3781,11
1118,ok,33.3688,33.3688,23
11180,ok,46.0619,46.0619,29
11181,ok,28.7223,28.7223,20
11182,ok,44.3715,44.3715,15
11183,ok,34.0065,34.0065,20
11184,ok,47.0187,47.0187,30
11185,ok,35.1437,35.1437,30
11186,ok,49.2153,49.2153,19
11187,ok,44.1424,44.1424,16
11188,ok,44.6579,44.6579,18
11189,ok,33.4744,33.4744,23
1119,ok,28.2304,28.2304,33
11190,ok,20.5834,20.5834,27
11191,ok,48.8978,48.8978,23
11192,ok,49.7758,49.7758,23
11193,ok,25.0872,25.0872,38
11194,ok,37.0413,37.0413,12
11195,ok,48.3354,48.3354,18
11196,ok,47.7220,42.5179,9
11197,ok,47.2813,47.2813,36
11198,ok,45.9393,45.9393,19
11199,ok,44.2321,43.6773,36
112,ok,50.4691,48.9308,17
1120,ok,32.7101,32.7101,22
11200,ok,40.4630,40.4630,12
11201,ok,49.7890,49.7890,40
11202,ok,44.5605,44.5605,21
11203,ok,49.2947,49.2947,34
11204,ok,38.0015,38.0015,24
11205,ok,39.7315,39.7315,29
11207,ok,37.3317,37.3317,16
11208,ok,45.6021,45.6021,12
11209,ok,44.4228,44.4228,18
1121,ok,45.0004,45.0004,32
11210,ok,49.7463,49.7463,32
11211,ok,43.2954,43.2954,26
11212,ok,41.7097,41.7097,15
11213,ok,41.6504,41.6504,11
11214,ok,48.9982,48.9982,33
11215,ok,37.2550,37.2550,26
11216,ok,48.9928,48.9928,34
11217,ok,25.5220,25.5220,17
11218,ok,47.5915,47.5915,25
11219,ok,24.2463,24.2463,15
1122,ok,43.7982,43.7982,20
11220,ok,79.9426,79.9426,15
11221,ok,46.9006,46.9006,21
11222,ok,42.4679,42.4679,37
11223,ok,43.3311,43.3311,18
11225,ok,38.0088,38.0088,18
11226,ok,43.7148,43.7148,17
11227,ok,45.0965,45.0965,36
11228,ok,48.2708,48.2708,18
11229,ok,41.4327,41.4327,26
1123,ok,38.7105,38.7105,16
11230,ok,32.9626,32.9626,31
11231,ok,39.6942,36.1365,26
11232,ok,45.0115,45.0115,18
11233,ok,48.0542,48.0542,25
11234,ok,33.0883,33.0883,30
11235,ok,22.7575,22.7575,28
11236,ok,38.7113,38.7113,25
11237,ok,49.7027,49.7027,36
11238,ok,48.7483,48.7483,15
11239,ok,38.1139,38.1139,22
1124,ok,30.9960,30.9960,20
11240,ok,48.9765,48.9765,19
11241,ok,49.5466,49.5466,24
11242,ok,55.3463,49.3106,13
11243,ok,43.5094,43.5094,20
11244,ok,47.1650,47.1650,34
11245,ok,32.2402,32.2402,13
11246,ok,43.9461,43.9461,26
11247,ok,49.4653,49.4653,20
11248,ok,43.8228,43.8228,24
11249,ok,42.5582,42.5582,19
1125,ok,34.9521,33.2812,20
11250,ok,46.7806,46.7806,36
11251,ok,41.4023,41.4023,11
11252,ok,44.8751,44.8751,40
11253,ok,37.6382,37.1757,11
11254,ok,48.9554,48.9554,16
11255,ok,33.9893,33.9893,23
11256,ok,40.8798,40.8798,33
11257,ok,35.2584,35.2584,32
11258,ok,39.9365,39.9365,10
11259,ok,40.8960,40.8960,26
1126,ok,37.8218,37.8218,18
11260,ok,45.3407,45.3407,18
11261,ok,48.3222,48.3222,22
11262,ok,46.7809,46.7809,33
11263,ok,44.5931,44.5931,21
11264,ok,41.8887,41.8887,28
11265,ok,36.2416,36.2416,32
11266,ok,47.7826,47.7826,27
11267,ok,45.4326,40.4781,28
11268,ok,38.3753,38.3753,20
11269,ok,44.4982,44.4982,35
1127,ok,41.0540,41.0540,20
11270,ok,44.9884,44.9884,30
11271,ok,34.6353,34.6352,34
11272,ok,39.3794,39.3794,24
11273,ok,43.8652,43.8652,13
11274,ok,43.6545,43.6545,17
11275,ok,38.2501,38.2501,24
11276,ok,46.5333,41.4587,27
11277,ok,27.4944,27.4944,17
11278,ok,38.7680,38.7680,27
11279,ok,38.4193,37.6301,36
1128,ok,47.9521,47.9521,14
11280,ok,39.3214,39.3214,52
11281,ok,53.5570,47.7165,18
11282,ok,48.8199,48.8199,25
11283,ok,37.3809,37.3809,15
11284,ok,48.9136,48.9136,22
11285,ok,49.4284,49.4284,28
11286,ok,43.1134,43.1134,34
11287,ok,39.0905,39.0905,17
11288,ok,49.7994,49.7994,19
11289,ok,16.2135,16.2135,28
1129,ok,45.5660,44.1081,28
11291,ok,42.9701,42.9701,11
11292,ok,44.3529,44.3529,21
11293,ok,34.6528,34.6528,19
11294,ok,41.2388,41.2388,30
11295,ok,36.1378,36.1378,27
11296,ok,21.5592,21.5592,28
11297,ok,49.8291,49.8291,22
11298,ok,48.1693,48.1693,36
11299,ok,26.7174,26.7174,20
113,ok,35.0688,35.0688,12
1130,ok,26.9787,26.9787,33
11300,ok,12.5868,12.5864,37
11301,ok,28.4511,28.4511,25
11302,ok,49.1536,49.1536,16
11303,ok,37.6403,37.6403,20
11304,ok,48.8438,48.8438,28
11305,ok,48.4520,48.4520,15
11306,ok,32.5946,32.5946,22
11307,ok,33.3784,33.3784,16
11308,ok,35.4247,35.4247,22
11309,ok,46.1039,46.1039,31
1131,ok,38.8162,38.8162,16
11310,ok,47.3821,47.3821,27
11311,ok,33.0406,33.0406,14
11312,ok,41.4339,41.4339,41
11313,ok,43.2931,43.2931,20
11314,ok,41.8958,41.8958,38
11315,ok,30.1798,30.1798,19
11316,ok,32.9350,32.9350,21
11317,ok,46.9398,46.9398,18
11318,ok,36.7805,36.7805,34
11319,ok,45.1476,44.5551,43
1132,ok,38.8898,38.8898,21
11320,ok,46.5122,41.4400,21
11322,ok,42.6805,42.6805,37
11323,ok,35.2304,35.2304,28
11324,ok,32.4770,32.4770,37
11325,ok,45.3347,45.3347,15
11326,ok,41.2353,41.2353,29
11327,ok,44.1463,44.1463,14
11328,ok,30.9894,30.9894,26
11329,ok,33.0575,31.0008,23
1133,ok,47.0174,47.0174,22
11330,ok,47.0731,47.0731,18
11331,ok,41.0796,41.0796,27
11332,ok,34.3398,34.3398,19
11333,ok,38.2724,38.2724,18
11334,ok,48.6748,48.6748,22
11335,ok,43.7533,43.7533,13
11336,ok,45.7506,45.7506,33
11337,ok,29.7081,29.4375,38
11338,ok,32.8968,32.8968,33
11339,ok,47.9945,47.9945,19
1134,ok,39.4584,39.4584,19
11340,ok,35.5468,35.5468,26
11341,ok,23.9886,23.9886,18
11342,ok,37.2250,35.8137,20
11343,ok,45.8102,44.9248,15
11344,ok,44.4636,43.6502,24
11345,ok,46.3591,43.4960,22
11346,ok,39.9250,39.9250,25
11347,ok,40.0682,40.0682,37
11348,ok,46.1841,46.1841,27
11349,ok,46.3182,46.3182,22
1135,ok,39.6395,39.6395,24
11350,ok,40.8504,40.8504,24
11351,ok,43.0583,43.0583,14
11352,ok,38.0075,38.0075,17
11353,ok,43.7821,43.7821,13
11354,ok,38.2243,38.2243,40
11355,ok,25.6267,25.6267,44
11356,ok,33.2526,33.2526,19
11357,ok,37.3770,37.3770,14
11358,ok,47.9763,47.9763,22
11359,ok,47.1764,47.1764,16
1136,ok,40.3377,40.3377,18
11360,ok,36.9306,36.9306,21
11361,ok,48.5725,48.5725,30
11362,ok,37.7442,37.7442,20
11363,ok,40.8429,40.8429,16
11364,ok,40.7968,40.7968,17
11365,ok,44.8676,44.8676,18
11366,ok,42.2067,42.2067,18
11367,ok,48.3496,48.3496,13
11368,ok,40.5057,40.5057,27
11369,ok,37.4487,37.4486,19
1137,ok,33.1485,33.1485,30
11370,ok,66.2742,44.7487,17
11371,ok,41.8060,41.8060,13
11372,ok,49.0472,49.0472,17
11373,ok,49.9996,49.9996,20
11374,ok,49.6606,49.6606,33
11375,ok,39.4804,39.4804,31
11376,ok,35.8340,35.8340,18
11377,ok,48.1680,48.1680,16
11378,ok,46.3549,46.3549,14
11379,ok,45.7536,45.7536,18
1138,ok,46.0760,46.0760,24
11380,ok,36.6997,36.6997,19
11381,ok,25.7258,25.7258,20
11382,ok,47.2069,47.2069,24
11383,ok,33.3655,33.3655,33
11384,ok,38.5978,38.5978,10
11385,ok,42.9829,42.9829,34
11386,ok,49.4770,49.4770,20
11387,ok,46.2755,46.2755,10
11389,ok,46.9112,46.9112,17
1139,ok,19.8187,19.8187,39
11390,ok,37.3803,37.3802,17
11391,ok,46.7332,46.7332,17
11392,ok,41.4288,41.4288,36
11393,ok,35.5162,35.5162,18
11394,ok,44.6303,44.6303,21
11395,ok,39.9966,39.9966,22
11396,ok,46.5908,46.5908,27
11397,ok,27.7190,27.7190,26
11398,ok,44.0014,44.0014,14
11399,ok,48.8761,47.3805,24
114,ok,36.4584,36.4584,33
1140,ok,45.6159,45.3499,34
11400,ok,49.8013,49.8013,18
11401,ok,37.3369,37.3369,27
11402,ok,44.6794,44.6794,19
11403,ok,25.4282,25.4282,35
11404,ok,46.4483,46.4483,16
11405,ok,40.6533,40.6533,18
11406,ok,43.4960,43.4960,23
11407,ok,42.0519,41.2707,17
11408,ok,20.9239,20.9239,12
11409,ok,38.9851,38.9851,19
1141,ok,37.8529,37.8529,36
11410,ok,44.3985,44.3985,29
11411,ok,16.8878,16.8878,30
11412,ok,35.2010,31.3622,29
11413,ok,33.4157,33.4157,33
11414,ok,43.7495,43.7495,19
11415,ok,37.0692,37.0692,13
11416,ok,45.6221,45.6221,14
11417,ok,24.9148,24.9148,34
11418,ok,39.9034,39.9034,25
11419,ok,30.3709,30.3709,27
1142,ok,46.5260,46.5260,13
11420,ok,48.3807,48.3807,8
11421,ok,39.9328,39.9327,16
11422,ok,38.8580,38.8580,22
11423,ok,47.1698,47.1698,13
11424,ok,45.8523,45.8523,39
11425,ok,43.5487,43.5487,16
11426,ok,48.9733,48.9733,22
11427,ok,34.6299,34.6299,32
11428,ok,47.4842,47.4842,16
11429,ok,26.5656,26.5656,21
1143,ok,34.2292,34.2292,36
11430,ok,45.3785,45.3785,24
11431,ok,46.2121,46.2121,17
11432,ok,38.0724,38.0724,12
11433,ok,49.6321,49.6321,28
11434,ok,36.2592,36.2592,22
11435,ok,49.1021,49.1021,34
11436,ok,39.8043,39.8043,27
11437,ok,27.1955,27.1955,25
11438,ok,34.6083,34.6083,13
1144,ok,43.7090,43.7090,40
11440,ok,32.9004,32.9004,27
11441,ok,46.2111,46.2111,26
11442,ok,31.5460,31.5460,26
11443,ok,36.0576,36.0576,12
11444,ok,92.5668,79.3201,30
11445,ok,48.0119,48.0119,30
11446,ok,40.0181,40.0181,33
11447,ok,28.9882,28.9882,35
11448,ok,20.9864,20.9864,22
11449,ok,47.6289,47.6289,10
1145,ok,48.6137,48.6137,31
11450,ok,35.6580,35.6580,45
11451,ok,42.5938,42.5938,22
11452,ok,48.3250,48.3250,24
11453,ok,45.4271,45.4271,32
11454,ok,42.0488,42.0488,32
11455,ok,37.6377,37.6377,12
11456,ok,39.9002,39.9002,10
11457,ok,31.7870,31.7870,17
11458,ok,37.2158,37.2158,33
11459,ok,45.4628,45.4628,22
1146,ok,34.9233,34.9233,25
11460,ok,40.9258,40.9258,16
11461,ok,45.2717,45.2717,16
11462,ok,30.5031,30.5031,21
11463,ok,42.9561,42.9561,33
11464,ok,35.2613,35.2613,37
11465,ok,37.3684,37.3684,29
11466,ok,43.0210,43.0210,30
11467,ok,26.5475,26.5475,14
11468,ok,42.9903,42.9903,13
1147,ok,47.9802,47.9802,19
11470,ok,45.0947,45.0947,28
11471,ok,31.7127,31.7127,31
11472,ok,46.1651,46.1651,34
11473,ok,48.6323,48.6323,21
11474,ok,49.4662,49.4662,29
11475,ok,36.7093,36.7093,14
11476,ok,49.7302,49.7302,20
11477,ok,48.7362,48.7362,26
11478,ok,23.7220,23.7220,33
11479,ok,49.5924,49.5924,25
1148,ok,46.3457,46.3457,20
11480,ok,38.0212,38.0212,31
11481,ok,41.8837,41.8837,47
11482,ok,43.1822,43.1822,15
11483,ok,45.4055,45.4055,21
11484,ok,45.6997,45.6997,16
11485,ok,45.6970,45.6970,14
11486,ok,30.1252,30.1252,29
11487,ok,43.0951,43.0951,15
11488,ok,26.5925,26.2921,27
11489,ok,29.6750,29.6750,11
1149,ok,43.1224,43.1224,44
11490,ok,28.0100,28.0100,31
11491,ok,46.2776,46.2776,25
11492,ok,44.4879,44.4879,31
11493,ok,45.8096,45.8096,15
11494,ok,27.4161,27.4161,31
11495,ok,48.2317,48.2317,15
11496,ok,47.8937,47.8937,36
11497,ok,41.8818,41.8818,14
11498,ok,39.0545,39.0545,41
11499,ok,33.6722,33.6722,34
115,ok,48.4257,48.4257,16
1150,ok,36.7587,36.7587,16
11500,ok,32.0237,32.0237,40
11501,ok,23.4191,23.4191,10
11502,ok,39.1086,39.1086,21
11503,ok,28.3212,28.3212,22
11504,ok,49.7787,49.7787,14
11505,ok,47.1933,47.1933,26
11506,ok,36.0330,36.0330,34
11507,ok,40.3117,40.3117,27
11508,ok,44.6242,44.6242,24
11509,ok,44.7382,44.7382,41
1151,ok,27.6550,27.6550,28
11510,ok,37.6053,36.2822,24
11511,ok,42.1585,42.1585,24
11512,ok,43.7618,43.7618,30
11514,ok,39.9896,39.9896,14
11515,ok,36.6432,36.6432,17
11516,ok,35.3404,35.3404,16
11517,ok,41.4826,41.4826,19
11518,ok,37.7948,37.7948,15
11519,ok,46.4077,46.4077,26
1152,ok,47.8804,47.8804,38
11520,ok,48.1915,48.1915,20
11521,ok,45.7710,45.7710,29
11522,ok,43.9402,43.9402,32
11523,ok,44.3223,44.3223,21
11524,ok,29.1447,29.1447,14
11525,ok,41.5914,41.5914,32
11526,ok,43.9249,43.9249,15
11527,ok,25.5821,25.5821,26
11528,ok,48.5866,48.5866,21
11529,ok,37.1838,37.1838,28
11530,ok,49.8299,49.8299,19
11531,ok,42.4788,42.4788,31
11532,ok,29.9774,29.9774,32
11533,ok,31.9198,31.9198,17
11534,ok,21.6463,21.6463,44
11535,ok,43.7466,43.7466,42
11536,ok,17.6758,17.6758,20
11537,ok,36.0026,36.0026,8
11538,ok,29.3229,29.3229,24
11539,ok,43.3596,43.3596,30
1154,ok,33.1952,33.1952,14
11541,ok,29.3075,29.3075,23
11542,ok,41.0447,41.0447,8
11543,ok,46.5906,46.5906,35
11544,ok,45.5132,45.5132,32
11545,ok,46.4271,46.4271,18
11546,ok,42.1777,42.1777,15
11548,ok,44.0506,44.0506,35
11549,ok,48.4774,48.4774,13
1155,ok,16.8300,16.8300,26
11550,ok,42.9792,42.9792,23
11551,ok,40.5245,40.5245,22
11552,ok,33.8356,33.8356,23
11553,ok,49.1317,49.1317,14
11554,ok,46.6435,46.6435,20
11555,ok,44.7530,44.7530,21
11556,ok,18.4558,18.4558,26
11557,ok,43.2066,43.2066,17
11558,ok,38.7109,38.7109,34
11559,ok,19.9783,19.9783,40
1156,ok,47.0881,47.0881,31
11560,ok,46.1481,46.1481,42
11561,ok,30.9242,29.9617,27
11562,ok,43.5840,43.5840,33
11563,ok,47.8129,47.8129,31
11564,ok,27.9504,27.9504,14
11565,ok,45.0141,45.0141,21
11566,ok,46.0200,46.0200,10
11567,ok,48.5593,48.5593,31
11568,ok,36.4349,36.4349,44
11569,ok,47.2140,47.2140,36
1157,ok,46.1935,46.1935,39
11570,ok,31.9656,31.9656,30
11571,ok,49.5910,49.5910,16
11572,ok,33.2560,33.2560,26
11573,ok,29.1913,29.1913,35
11574,ok,31.8178,31.8178,28
11575,ok,36.3788,36.3788,21
11576,ok,45.7814,45.7814,20
11577,ok,35.7683,35.7683,29
11578,ok,46.2835,46.2835,27
11579,ok,53.1539,41.5848,28
1158,ok,47.4543,47.4543,42
11580,ok,31.7733,31.7733,25
11581,ok,39.5372,39.5372,21
11582,ok,40.8434,40.8434,17
11583,ok,34.2006,34.2006,20
11584,ok,43.5125,43.5125,22
11585,ok,48.9579,48.9579,30
11586,ok,40.4710,40.4710,30
11587,ok,47.5975,47.5975,22
11588,ok,30.9277,30.9277,23
11589,ok,37.5523,37.5523,28
1159,ok,39.6936,39.6936,36
11590,ok,45.4646,45.4646,33
11591,ok,27.1952,27.1952,24
11592,ok,36.3357,36.3357,26
11593,ok,25.9119,25.9119,43
11594,ok,39.2980,38.5323,28
11595,ok,46.7585,46.7585,19
11596,ok,32.3307,32.3307,9
11597,ok,46.0487,46.0487,25
11598,ok,42.2518,42.2518,32
11599,ok,34.2436,34.2436,27
116,ok,32.4965,32.4965,32
1160,ok,36.5125,36.5125,35
11600,ok,45.4720,45.4720,26
11601,ok,49.7482,49.7482,22
11602,ok,28.1933,28.1933,18
11603,ok,36.2069,36.2069,28
11604,ok,33.8105,33.8105,25
11605,ok,47.7111,47.7111,14
11606,ok,49.0326,49.0326,29
11607,ok,33.4439,33.4439,31
11608,ok,44.3149,44.3149,13
11609,ok,35.1766,35.1766,12
1161,ok,29.0567,29.0567,14
11610,ok,38.4660,38.4660,17
11611,ok,37.0297,37.0297,14
11612,ok,53.9091,48.0302,19
11613,ok,49.1596,49.1596,16
11614,ok,37.0584,37.0584,26
11615,ok,47.7393,47.7393,30
11616,ok,39.5416,39.5416,16
11617,ok,22.7638,22.7638,31
11618,ok,34.6368,34.6368,23
11619,ok,28.3297,28.3297,15
1162,ok,31.8102,31.8102,23
11620,ok,45.9660,45.9660,10
11621,ok,128.5177,45.2633,23
11622,ok,28.4497,28.4497,34
11623,ok,45.6602,45.6602,12
11624,ok,36.4535,36.4535,22
11625,ok,27.3915,27.3915,22
11626,ok,49.6595,49.6595,20
11627,ok,37.9149,37.9149,14
11628,ok,47.6075,47.6075,14
11629,ok,37.6263,37.6263,15
11630,ok,48.2302,48.2302,26
11631,ok,48.2734,48.2734,18
11632,ok,45.4402,45.4402,15
11633,ok,47.8105,47.8105,21
11634,ok,47.2971,47.2971,23
11635,ok,36.7757,36.7757,21
11636,ok,40.2226,40.2226,44
11637,ok,49.0637,49.0637,30
11638,ok,46.1960,46.1960,20
11639,ok,28.1441,28.1441,28
1164,ok,45.7075,45.7075,29
11640,ok,45.8835,45.8835,17
11641,ok,41.8084,41.0021,45
11642,ok,35.2827,35.2827,32
11643,ok,41.2536,41.2536,27
11644,ok,42.1000,42.1000,14
11645,ok,48.6929,48.6929,29
11646,ok,41.4003,41.4003,26
11648,ok,36.7289,36.7289,22
11649,ok,33.1806,33.1806,14
1165,ok,35.8164,35.8164,28
11650,ok,39.7879,39.7879,36
11651,ok,35.2429,35.2429,15
11652,ok,47.9581,47.9581,45
11653,ok,27.8614,27.8614,41
11654,ok,39.2456,39.2456,18
11655,ok,37.3604,37.3604,30
11656,ok,35.5775,35.5775,24
11657,ok,36.2443,36.2443,24
11658,ok,29.9246,29.9246,24
11659,ok,49.1873,49.1873,13
1166,ok,45.4600,45.4600,28
11660,ok,34.4082,34.4082,20
11661,ok,45.9763,45.9763,41
11662,ok,44.3436,44.3436,19
11663,ok,45.2798,45.2798,13
11664,ok,40.9154,40.9154,22
11665,ok,41.5517,41.5517,20
11666,ok,41.1049,41.1049,26
11667,ok,41.3509,41.3509,19
11668,ok,39.8708,39.8708,13
11669,ok,36.5695,36.5695,21
1167,ok,34.2704,34.2704,17
11670,ok,37.2804,34.9375,32
11671,ok,43.8097,43.8097,30
11672,ok,39.3778,39.3778,29
11673,ok,21.5571,21.5571,31
11674,ok,30.6486,30.6486,26
11675,ok,24.2866,24.2866,13
11676,ok,49.0557,49.0557,12
11677,ok,31.4941,31.4941,14
11678,ok,41.8182,40.7710,26
11679,ok,44.3886,44.3886,20
1168,ok,46.0042,46.0042,15
11680,ok,41.8429,41.8429,29
11681,ok,37.6306,37.6306,47
11682,ok,47.0969,47.0969,29
11683,ok,26.6241,26.6241,26
11684,ok,43.3390,43.3390,17
11685,ok,42.1320,42.1320,19
11686,ok,44.3499,44.3499,44
11687,ok,45.1500,45.1500,22
11688,ok,39.3519,39.3519,31
11689,ok,29.2349,29.2349,26
1169,ok,21.1310,21.1310,28
11690,ok,47.0729,47.0729,14
11691,ok,37.3941,37.3941,19
11692,ok,49.2945,49.2945,19
11693,ok,48.6687,48.6687,18
11694,ok,47.4973,47.4973,17
11695,ok,35.6841,35.6841,14
11696,ok,45.6329,45.6329,20
11697,ok,39.8859,39.8859,27
11698,ok,48.4181,48.4181,26
11699,ok,45.6910,45.6910,16
117,ok,47.6652,47.6652,25
1170,ok,47.9542,47.9542,17
11700,ok,34.5382,34.5382,33
11701,ok,44.4722,43.8383,26
11702,ok,35.3451,35.3451,56
11703,ok,42.4868,42.4868,29
11704,ok,37.2007,37.2007,24
11705,ok,42.3322,42.3322,16
11706,ok,46.4723,46.4723,24
11707,ok,44.4075,44.4075,21
11708,ok,47.4685,47.4685,22
11709,ok,39.7635,39.7635,24
1171,ok,36.6577,36.6577,31
11710,ok,38.1172,38.1172,26
11711,ok,49.3278,49.3278,22
11712,ok,28.4059,28.4059,22
11713,ok,45.9965,45.9965,12
11714,ok,47.4713,47.4713,29
11715,ok,26.9127,26.9127,12
11716,ok,48.1670,48.1670,30
11717,ok,44.1850,44.1850,13
11718,ok,32.6336,32.6336,33
11719,ok,46.6048,46.6048,20
1172,ok,49.0275,49.0275,12
11720,ok,35.3279,35.3279,24
11721,ok,39.4877,39.4341,25
11722,ok,25.9504,25.9504,12
11723,ok,19.2683,19.2683,36
11724,ok,34.7663,34.7663,13
11725,ok,27.6352,27.6352,16
11726,ok,29.0229,29.0229,22
11727,ok,44.6499,44.6499,15
11728,ok,39.9798,39.9798,37
11729,ok,26.8413,26.8413,16
1173,ok,36.7126,36.7126,32
11730,ok,48.4574,48.4574,23
11731,ok,39.3947,39.3947,24
11732,ok,27.8004,27.8004,23
11733,ok,36.1626,36.1626,22
11734,ok,40.2440,40.2440,25
11735,ok,55.3799,49.3406,18
11736,ok,47.2504,47.2504,28
11737,ok,41.5005,41.5005,33
11738,ok,40.2207,40.2207,27
11739,ok,21.8187,21.8187,20
1174,ok,37.7839,37.7839,18
11740,ok,47.7272,47.7272,20
11741,ok,45.3573,43.8265,33
11742,ok,36.4764,36.4764,19
11743,ok,42.5639,42.5639,19
11744,ok,18.6887,18.6887,19
11745,ok,18.7176,18.7176,11
11746,ok,33.9633,33.9633,23
11748,ok,26.5817,26.5817,36
11749,ok,45.5087,45.5087,42
1175,ok,41.7543,41.7543,26
11750,ok,48.9323,48.9323,30
11751,ok,34.4976,34.4976,25
11752,ok,35.5072,35.5072,17
11753,ok,47.0177,47.0177,53
11754,ok,38.4165,38.4165,24
11755,ok,48.8672,48.8672,24
11756,ok,27.1160,27.1160,12
11757,ok,46.2091,46.2091,20
11758,ok,35.7330,35.7330,44
11759,ok,22.1129,22.1129,21
1176,ok,32.1457,32.1457,33
11760,ok,33.9059,33.9059,19
11761,ok,46.3340,46.3340,30
11762,ok,49.1864,49.1864,16
11763,ok,45.0446,45.0446,11
11764,ok,40.0220,40.0220,25
11765,ok,36.4499,36.4499,14
11766,ok,42.7690,42.7690,28
11767,ok,45.7436,45.7436,22
11768,ok,49.4355,49.4355,15
11769,ok,43.3118,43.3118,33
1177,ok,39.8088,39.8088,15
11770,ok,31.3747,31.3747,30
11771,ok,37.0841,37.0841,20
11772,ok,48.4391,48.4391,26
11773,ok,39.0809,39.0809,10
11774,ok,31.0250,31.0250,31
11775,ok,29.0517,29.0517,31
11776,ok,47.4913,47.4913,34
11777,ok,44.8633,44.8633,41
11778,ok,48.9508,48.9508,13
11779,ok,49.2777,49.2777,17
1178,ok,39.3729,39.3729,20
11780,ok,45.2345,45.2345,18
11781,ok,31.9902,31.5244,33
11782,ok,40.9023,40.9023,22
11783,ok,25.2628,25.2628,24
11784,ok,48.4335,48.4335,16
11785,ok,30.9143,30.9143,22
11786,ok,43.0237,43.0237,29
11787,ok,37.1901,37.1901,17
11788,ok,46.6074,46.6074,27
11789,ok,42.1315,42.1315,19
1179,ok,42.8033,42.8033,28
11790,ok,48.0506,48.0506,15
11791,ok,47.6835,47.6835,17
11792,ok,46.4478,46.4478,24
11793,ok,47.6544,47.6544,21
11794,ok,46.8648,46.8648,21
11795,ok,43.1251,43.1251,11
11796,ok,45.7965,45.7965,19
11797,ok,34.0710,34.0710,38
11798,ok,48.5785,48.5785,14
11799,ok,45.2136,45.2136,24
118,ok,49.6456,49.6456,40
1180,ok,42.7281,42.7281,21
11800,ok,43.8610,43.8610,25
11801,ok,48.9566,48.9566,13
11802,ok,42.1031,42.1031,28
11803,ok,38.8074,38.8074,41
11804,ok,47.4118,47.4118,30
11805,ok,49.0777,49.0777,10
11806,ok,45.0625,45.0625,32
11807,ok,38.0360,38.0360,24
11808,ok,43.8099,43.8099,20
11809,ok,27.6942,27.6942,11
1181,ok,42.2600,40.5867,21
11810,ok,45.9308,45.9308,19
11811,ok,29.6284,29.6284,29
11812,ok,41.3562,41.3562,20
11813,ok,361.7367,34.9986,33
11814,ok,48.0378,48.0378,13
11815,ok,22.7954,22.7954,12
11817,ok,27.8428,27.8428,19
11818,ok,24.9295,24.9295,14
11819,ok,45.4381,45.4381,29
1182,ok,48.4058,48.4058,14
11821,ok,41.8544,41.8544,29
11822,ok,37.7728,37.7728,29
11823,ok,44.6886,44.6886,22
11824,ok,30.3409,30.3409,26
11825,ok,49.7614,49.7614,19
11826,ok,26.8663,26.8663,28
11827,ok,37.0656,37.0656,23
11828,ok,36.5461,36.5461,20
11829,ok,22.9893,22.9893,34
1183,ok,48.0767,48.0767,19
11830,ok,42.3009,42.3009,25
11831,ok,48.8255,48.8255,36
11832,ok,43.4950,43.4950,28
11833,ok,46.1071,46.1071,27
11834,ok,46.3461,46.3461,19
11835,ok,37.2599,37.2599,18
11836,ok,45.4375,45.4375,27
11837,ok,31.0537,31.0537,39
11838,ok,44.6537,44.6537,17
11839,ok,30.2091,30.2091,24
1184,ok,46.3291,45.5686,35
11840,ok,45.6693,45.6693,20
11841,ok,39.6531,39.6531,15
11842,ok,47.0369,47.0369,13
11843,ok,43.8782,43.8782,22
11844,ok,33.4664,33.4664,23
11845,ok,36.3934,36.3934,16
11846,ok,40.9581,40.9581,15
11847,ok,44.5885,44.5885,15
11848,ok,38.3899,38.3899,14
11849,ok,40.8332,40.8332,14
1185,ok,48.8688,48.8688,41
11850,ok,23.4112,23.4112,23
11851,ok,34.0546,34.0546,42
11852,ok,38.6067,38.6067,26
11853,ok,47.0834,47.0834,15
11854,ok,32.7688,32.3481,25
11855,ok,47.9771,47.9771,32
11856,ok,47.4108,47.4108,14
11857,ok,49.3312,49.3312,19
11858,ok,41.5041,41.5041,29
11859,ok,34.7614,34.7614,23
1186,ok,45.8050,45.8050,15
11860,ok,36.9923,36.9923,24
11861,ok,44.5809,44.5808,35
11862,ok,42.8492,42.8492,23
11863,ok,43.2407,43.2407,18
11864,ok,33.8899,33.8899,20
11865,ok,20.4823,20.4823,31
11866,ok,29.7694,29.7694,14
11867,ok,44.0015,44.0015,23
11868,ok,49.6969,49.6969,21
11869,ok,49.8467,49.8467,20
1187,ok,30.8771,30.0423,23
11870,ok,24.9355,24.9355,24
11871,ok,43.5380,43.5380,17
11872,ok,30.3699,30.3699,20
11873,ok,32.1422,32.1422,27
11874,ok,48.1293,48.1293,15
11875,ok,32.8611,32.8611,20
11876,ok,46.9512,46.9512,27
11877,ok,32.4698,32.4698,21
11878,ok,47.6454,47.6454,22
11879,ok,49.4782,49.4782,32
1188,ok,22.2584,22.2584,16
11880,ok,47.2503,47.2503,46
11881,ok,36.3640,36.3640,14
11882,ok,37.4964,37.4964,19
11883,ok,47.5246,47.5246,24
11884,ok,49.9989,49.9989,16
11885,ok,49.8178,49.8178,15
11886,ok,49.2891,49.2891,17
11887,ok,22.2204,22.2204,12
11888,ok,38.8673,38.8673,32
11889,ok,49.2227,49.2227,19
1189,ok,43.1090,43.1090,29
11890,ok,36.4870,36.4870,16
11891,ok,41.8549,41.8549,17
11892,ok,41.2236,41.2236,12
11893,ok,47.8296,47.8296,28
11894,ok,21.0354,21.0354,45
11895,ok,43.5763,43.5763,19
11896,ok,48.7657,48.7657,28
11897,ok,49.3567,49.3567,24
11898,ok,42.6496,42.6496,19
11899,ok,41.5804,41.5804,22
119,ok,32.5652,31.0094,14
1190,ok,49.0485,49.0485,36
11900,ok,42.9529,42.9529,28
11901,ok,48.6734,48.6734,29
11902,ok,47.7309,47.4581,24
11903,ok,43.0802,43.0802,14
11904,ok,49.1811,49.1811,17
11905,ok,43.6357,43.6357,14
11906,ok,45.5055,45.5055,38
11907,ok,39.1917,39.1917,32
11908,ok,37.4367,37.4367,28
11909,ok,55.4852,49.4344,24
1191,ok,41.4118,41.4118,20
11910,ok,36.0984,36.0984,25
11911,ok,44.9755,44.9755,20
11912,ok,41.4200,41.4200,11
11913,ok,30.5708,30.5708,15
11914,ok,34.7938,30.9994,19
11915,ok,49.7187,49.7187,30
11916,ok,42.0789,42.0789,16
11917,ok,43.1789,43.1789,18
11918,ok,29.8871,29.8871,14
11919,ok,46.3272,46.3272,28
1192,ok,42.7859,42.7859,20
11920,ok,48.9509,48.9509,20
11921,ok,35.5506,35.5506,16
11922,ok,46.8281,46.8281,32
11923,ok,44.2552,44.2552,23
11924,ok,46.2368,46.2368,18
11925,ok,47.1903,47.1903,14
11926,ok,48.3887,48.3887,27
11927,ok,47.1653,47.1653,32
11928,ok,44.6898,44.6898,23
11929,ok,36.5868,36.5868,27
1193,ok,45.5778,40.6075,24
11930,ok,44.8680,44.8680,14
11931,ok,48.7830,48.7830,23
11932,ok,36.8662,36.8662,24
11933,ok,42.4537,42.4537,17
11934,ok,39.4363,39.4363,34
11935,ok,22.9734,22.9734,18
11936,ok,17.7162,17.7162,11
11937,ok,47.4377,47.4377,20
11938,ok,39.8511,39.8511,27
11939,ok,29.8425,29.8425,24
1194,ok,45.7342,45.7342,33
11940,ok,46.9430,46.9430,21
11941,ok,33.1327,33.1327,31
11942,ok,47.8410,47.8410,30
11943,ok,37.5005,37.5005,33
11944,ok,36.6551,36.6551,10
11945,ok,38.7285,38.7285,21
11946,ok,45.4523,45.4523,17
11947,ok,37.8630,37.8630,20
11948,ok,48.4590,48.4590,24
11949,ok,33.9760,33.9760,23
1195,ok,36.8192,36.8192,27
11950,ok,15.9929,15.9929,14
11951,ok,48.7513,48.7513,17
11952,ok,47.0864,47.0864,14
11953,ok,29.2332,29.2332,14
11954,ok,28.5848,28.5848,37
11955,ok,39.0232,39.0232,37
11956,ok,23.9831,23.9831,22
11957,ok,32.9064,32.9064,37
11958,ok,30.8068,30.8068,26
11959,ok,48.9387,48.9387,30
11960,ok,39.5476,39.5476,32
11961,ok,33.2966,33.2966,17
11962,ok,37.8301,37.8301,29
11963,ok,46.8398,46.3655,13
11964,ok,30.8010,30.8010,24
11965,ok,36.4955,36.4955,36
11966,ok,45.4431,45.4431,28
11967,ok,35.4020,33.9607,27
1197,ok,44.0215,44.0215,26
11970,ok,43.0734,38.3762,18
11971,ok,32.5777,32.5777,33
11972,ok,27.8514,27.8514,30
11973,ok,37.4630,37.4630,28
11974,ok,49.8426,49.8426,35
11975,ok,43.6605,43.6605,40
11976,ok,42.6978,42.6978,31
11977,ok,37.9894,37.9894,16
11978,ok,43.2239,43.2239,28
11979,ok,48.1990,48.1990,22
1198,ok,42.5154,42.5154,17
11980,ok,49.3424,49.3424,17
11981,ok,37.1515,37.1515,16
11982,ok,39.3542,39.3542,30
11983,ok,28.8647,28.8647,24
11984,ok,42.3872,42.3872,19
11985,ok,33.3389,33.3389,32
11986,ok,32.9609,32.9609,27
11987,ok,46.5643,46.5643,34
11988,ok,43.3265,43.3265,20
11989,ok,27.6413,27.6413,23
1199,ok,48.7652,48.7652,29
11990,ok,48.5065,48.5065,20
11991,ok,25.3856,25.3856,27
11993,ok,46.0291,46.0291,28
11994,ok,26.4015,26.4015,12
11995,ok,29.4118,28.4159,36
11996,ok,39.4323,39.4323,17
11997,ok,38.4659,38.4659,24
11998,ok,38.4932,38.4932,23
11999,ok,47.5542,47.5542,22
12,ok,46.8780,46.8780,28
120,ok,42.6240,42.6240,33
1200,ok,27.3621,27.3621,13
12000,ok,46.4832,46.4832,11
12001,ok,49.2617,49.2617,31
12002,ok,46.2616,46.2616,30
12003,ok,48.8356,48.8356,21
12004,ok,46.5398,46.5135,34
12005,ok,46.0808,46.0808,16
12006,ok,46.4051,46.4051,22
12007,ok,34.3855,34.3855,20
12008,ok,41.8344,41.8344,13
12009,ok,47.6066,47.6066,11
1201,ok,35.8072,35.8072,28
12010,ok,37.4502,37.4502,24
12011,ok,45.9695,45.9695,19
12012,ok,29.1907,29.1907,37
12013,ok,43.7550,43.7550,27
12014,ok,49.5831,49.5831,34
12015,ok,43.2449,43.2449,19
12016,ok,40.3154,40.3154,23
12017,ok,30.0067,30.0067,31
12018,ok,45.0516,45.0516,25
1202,ok,36.4914,36.4914,23
12020,ok,36.6070,36.6070,23
12021,ok,44.4404,44.4404,18
12022,ok,46.9586,46.9586,32
12023,ok,40.2830,40.2830,28
12024,ok,44.2496,44.2496,28
12025,ok,47.4425,47.4425,29
12026,ok,35.0380,35.0380,13
12028,ok,46.5281,46.5281,26
12029,ok,24.7180,24.7180,38
1203,ok,37.1572,37.1572,32
12030,ok,34.8710,34.8710,16
12031,ok,46.9485,46.9485,19
12032,ok,26.3226,26.3226,17
12033,ok,45.3250,45.3250,22
12034,ok,48.2465,48.2465,14
12035,ok,30.0818,30.0818,26
12036,ok,37.1700,37.1700,27
12037,ok,49.7079,49.7079,17
12038,ok,48.7320,48.7320,24
12039,ok,40.1141,40.1141,23
1204,ok,45.5987,45.5987,23
12040,ok,47.7768,47.7768,24
12041,ok,42.4359,42.4359,16
12042,ok,46.2028,46.2028,21
12043,ok,40.4538,40.4538,20
12044,ok,30.0199,30.0199,34
12045,ok,25.2106,25.2106,26
12046,ok,45.5989,45.5989,20
12047,ok,37.8545,37.2957,17
12048,ok,48.8818,48.8818,14
12049,ok,49.6265,48.2241,23
1205,ok,43.4200,43.4200,34
12050,ok,36.9337,36.9337,22
12051,ok,43.4287,43.4287,26
12052,ok,29.5212,29.5212,21
12053,ok,47.6699,47.6699,16
12054,ok,47.0954,47.0954,28
12055,ok,266.2475,35.7041,33
12056,ok,40.1629,40.1629,23
12057,ok,26.6915,26.6915,25
12058,ok,44.9777,44.9777,17
12059,ok,36.0388,36.0388,27
1206,ok,35.9952,35.9952,38
12060,ok,39.3749,39.3749,19
12061,ok,29.9260,29.9260,13
12062,ok,36.3060,36.3060,21
12063,ok,38.4317,38.4317,21
12064,ok,39.7112,39.7112,24
12065,ok,26.3137,26.3137,20
12066,ok,43.3115,43.3115,14
12067,ok,46.1655,46.1655,25
12068,ok,48.5708,48.5708,16
12069,ok,44.8074,44.8074,9
1207,ok,44.4305,44.4305,25
12070,ok,38.1564,38.1564,23
12071,ok,44.1746,44.1746,18
12072,ok,42.3693,42.3693,21
12073,ok,44.7824,44.7824,15
12074,ok,40.5946,40.5946,24
12075,ok,45.9776,45.9776,14
12076,ok,42.3093,42.3093,25
12077,ok,45.5648,45.5648,18
12078,ok,37.6767,37.6767,27
12079,ok,32.3213,32.3213,39
1208,ok,38.0999,38.0999,17
12080,ok,43.1569,43.1569,21
12081,ok,46.4318,46.4318,27
12082,ok,45.7610,45.7610,35
12083,ok,19.5671,19.5671,23
12084,ok,41.4001,41.4001,16
12085,ok,48.1874,48.1874,20
12086,ok,43.1688,43.1688,17
12087,ok,45.8647,45.8647,20
12088,ok,37.6389,37.6389,20
12089,ok,14.9563,14.9563,20
1209,ok,42.7561,42.7561,10
12090,ok,44.6506,44.6506,25
12091,ok,45.4567,45.4567,29
12092,ok,44.9041,44.9041,17
12093,ok,49.3852,49.3852,41
12094,ok,47.8050,47.8050,33
12095,ok,39.8267,39.8267,32
12096,ok,33.0945,33.0945,28
12097,ok,33.9377,30.2368,24
12098,ok,44.1362,44.1362,17
12099,ok,36.5320,36.5320,22
121,ok,38.2923,38.2923,33
1210,ok,49.0293,49.0293,27
12100,ok,41.3235,41.3235,12
12101,ok,39.8296,39.8296,21
12102,ok,39.1484,39.1484,20
12103,ok,49.5933,49.5933,39
12104,ok,44.2303,44.2303,24
12105,ok,45.7743,43.7332,25
12106,ok,46.9459,46.9459,23
12107,ok,46.7182,46.7182,20
12108,ok,28.3988,28.3988,38
12109,ok,32.7298,32.7298,27
1211,ok,45.9423,45.9423,31
12110,ok,40.4445,40.4445,33
12111,ok,46.0118,44.6000,23
12112,ok,43.7637,43.7637,31
12113,ok,25.6945,25.6945,12
12114,ok,48.8355,48.8355,30
12115,ok,28.1118,28.1118,12
12116,ok,47.9872,47.9872,20
12117,ok,47.1246,47.1246,18
12118,ok,48.5352,48.5352,26
12119,ok,41.1150,41.1150,16
1212,ok,41.5239,41.5239,13
12120,ok,46.8433,46.8433,11
12121,ok,45.1981,45.1981,17
12122,ok,38.1980,38.1980,17
12124,ok,31.5034,31.5034,27
12125,ok,34.5824,34.5824,22
12126,ok,43.6836,43.6836,16
12127,ok,39.0251,39.0251,23
12128,ok,49.1071,48.5702,24
12129,ok,44.1352,44.1352,25
1213,ok,29.7328,29.7328,30
12130,ok,35.6772,35.6772,13
12131,ok,40.8456,40.8456,28
12132,ok,41.7741,41.7741,19
12133,ok,23.3441,23.3441,20
12134,ok,32.2220,32.2220,16
12135,ok,39.0416,39.0416,35
12136,ok,33.4227,33.4227,16
12137,ok,34.4941,34.4941,27
12138,ok,46.0666,46.0666,14
12139,ok,43.8210,43.8210,28
1214,ok,48.0714,48.0714,26
12140,ok,23.3557,23.3557,33
12141,ok,45.3515,45.3515,30
12142,ok,47.2121,47.2121,18
12143,ok,45.1655,41.5972,25
12144,ok,38.4064,38.4064,33
12145,ok,49.6165,49.6165,25
12147,ok,38.5371,38.5371,37
12148,ok,45.3191,45.3191,16
12149,ok,49.6411,49.6411,17
1215,ok,38.4800,38.4800,21
12150,ok,34.2311,34.2311,13
12151,ok,48.7641,48.7641,14
12152,ok,47.3781,47.3781,18
12153,ok,37.9640,37.9640,13
12154,ok,47.4636,47.4636,37
12155,ok,47.9482,47.9482,20
12156,ok,38.0323,38.0323,32
12157,ok,43.0158,43.0158,19
12158,ok,33.1578,32.6593,20
12159,ok,44.5168,44.5168,18
1216,ok,52.2644,49.9749,30
12160,ok,31.1365,31.1365,16
12161,ok,39.8727,39.8727,21
12163,ok,45.2073,45.2073,32
12164,ok,41.9660,41.9660,31
12165,ok,46.3378,46.3378,29
12166,ok,25.9681,25.9681,16
12167,ok,21.5485,21.5485,30
12168,ok,27.2294,27.2294,23
12169,ok,48.3998,48.3998,29
1217,ok,48.5761,48.5761,38
12170,ok,41.0011,41.0011,21
12171,ok,45.0600,45.0600,12
12172,ok,44.9653,44.9653,21
12173,ok,36.3850,36.3850,27
12174,ok,43.7378,43.7378,23
12175,ok,46.5426,46.5426,22
12176,ok,46.1398,46.1398,28
12177,ok,47.2619,47.2619,22
12178,ok,43.5477,43.5477,24
12179,ok,36.9202,36.9202,21
1218,ok,33.1011,32.7807,20
12180,ok,43.8366,43.8366,22
12182,ok,31.1981,31.1981,24
12183,ok,37.0195,37.0195,37
12184,ok,30.0086,30.0086,31
12185,ok,43.9921,43.9921,30
12186,ok,49.8544,49.8544,16
12187,ok,41.3893,41.3893,32
12188,ok,33.0699,33.0699,31
12189,ok,49.0972,49.0972,20
1219,ok,49.6608,49.6608,33
12190,ok,35.3215,35.3215,29
12191,ok,46.9854,46.9854,14
12192,ok,28.8086,28.8086,20
12193,ok,30.0421,30.0421,29
12194,ok,33.2952,33.2952,21
12195,ok,49.9780,49.9780,18
12196,ok,47.1013,47.1013,16
12197,ok,41.2233,41.2233,27
12198,ok,42.1488,42.1488,22
12199,ok,48.9235,48.9235,28
122,ok,33.8252,33.8252,16
12200,ok,47.6049,47.6049,16
12201,ok,21.8723,21.8723,14
12202,ok,37.0145,37.0145,21
12203,ok,35.8531,35.8531,32
12204,ok,44.7631,44.7631,15
12205,ok,44.4058,44.4058,24
12206,ok,30.0884,30.0884,25
12207,ok,45.1210,45.1210,29
12208,ok,36.5573,36.5573,41
12209,ok,24.9313,24.9313,23
1221,ok,39.2999,39.2999,28
12210,ok,35.2327,35.2327,18
12211,ok,44.4297,44.4297,29
12212,ok,43.8582,43.8582,30
12213,ok,37.1423,37.1423,26
12214,ok,46.5202,46.5202,11
12215,ok,43.8973,43.8973,26
12216,ok,43.2169,43.2169,22
12217,ok,44.2536,44.2536,25
12218,ok,39.8008,39.8008,21
12219,ok,41.5818,41.5818,20
1222,ok,48.4251,48.4251,26
12220,ok,47.0226,47.0226,31
12221,ok,45.3185,42.5775,19
12222,ok,34.1354,34.1354,19
12223,ok,49.4529,49.4529,28
12224,ok,48.5752,48.5752,15
12225,ok,21.2820,21.2820,36
12226,ok,49.1370,47.4780,20
12227,ok,39.4497,39.4497,20
12228,ok,48.0752,48.0752,43
12229,ok,39.3772,39.3772,36
1223,ok,30.9932,30.9932,20
12230,ok,45.5402,45.5402,31
12231,ok,44.1236,44.1236,29
12232,ok,27.4814,27.4814,33
12233,ok,20.8584,20.8584,15
12234,ok,46.9417,46.9417,37
12235,ok,42.2936,42.2936,20
12236,ok,40.5943,40.5943,31
12237,ok,48.6204,48.6204,26
12238,ok,41.3623,41.3623,22
12239,ok,46.9566,46.9566,21
1224,ok,43.5086,43.5086,14
12240,ok,37.4424,37.4424,35
12241,ok,32.8036,32.8036,42
12242,ok,46.2796,46.2796,27
12243,ok,30.3990,30.3990,27
12244,ok,28.7907,28.7907,17
12245,ok,37.4496,37.4496,21
12246,ok,46.0674,46.0674,27
12247,ok,42.3842,42.3842,17
12248,ok,41.1830,41.1830,32
12249,ok,36.1500,36.1500,12
1225,ok,32.6659,32.6659,22
12250,ok,43.3829,43.3829,22
12252,ok,37.6984,37.6984,28
12253,ok,33.3382,33.3382,34
12254,ok,43.8909,43.8909,18
12255,ok,29.8507,29.8507,28
12256,ok,48.4026,44.2341,24
12257,ok,22.7332,22.7332,34
12258,ok,48.9508,48.9508,18
12259,ok,30.5534,30.5534,15
1226,ok,38.3008,38.3008,13
12260,ok,20.8645,18.8087,13
12261,ok,35.8665,35.8665,16
12262,ok,45.1408,45.1408,40
12263,ok,42.8485,42.8485,21
12264,ok,41.2945,41.2945,35
12265,ok,41.9912,40.7641,17
12266,ok,40.2667,40.0119,28
12267,ok,48.5169,48.5169,18
12268,ok,44.3931,44.3931,10
12269,ok,45.8739,45.8739,26
1227,ok,48.8480,48.8480,12
12270,ok,395.9712,37.0396,36
12271,ok,18.5743,18.5743,28
12272,ok,47.6232,47.6232,27
12273,ok,39.0653,39.0653,26
12274,ok,47.8730,47.8730,38
12275,ok,49.3079,49.3079,22
12276,ok,29.6193,29.6193,26
12277,ok,47.7554,47.7554,25
12278,ok,34.4332,34.4332,20
12279,ok,43.2821,43.2821,24
1228,ok,32.7758,32.7758,44
12280,ok,33.0395,33.0395,29
12281,ok,36.4509,36.4509,31
12282,ok,49.6261,49.6261,20
12283,ok,41.4844,41.4844,15
12284,ok,24.6054,23.7767,36
12285,ok,35.8259,35.8259,29
12286,ok,41.9113,41.9113,18
12287,ok,44.3036,44.3036,15
12288,ok,45.6783,45.6783,14
12289,ok,46.0543,46.0543,33
1229,ok,46.4083,46.4083,21
12290,ok,41.2811,41.2811,29
12291,ok,38.4211,38.4211,33
12292,ok,47.1381,47.1381,21
12293,ok,21.2959,21.2959,18
12294,ok,47.3200,47.3200,30
12295,ok,46.3925,46.3925,23
12296,ok,24.0671,24.0671,20
12297,ok,43.4192,43.4192,37
12298,ok,21.9079,21.9079,30
12299,ok,40.0520,40.0520,20
123,ok,49.5037,49.4971,44
1230,ok,48.8541,48.8541,13
12300,ok,49.9709,49.9709,23
12301,ok,40.5836,40.5836,14
12302,ok,26.5743,26.5743,17
12303,ok,46.4710,46.4710,23
12304,ok,46.3515,46.3515,29
12305,ok,42.5010,42.5010,22
12306,ok,49.0266,49.0266,18
12307,ok,34.4372,34.4372,29
12308,ok,36.6552,36.6117,22
12309,ok,20.5470,20.5470,21
1231,ok,22.8832,22.8832,25
12310,ok,30.9645,30.9645,12
12311,ok,47.7987,47.7987,17
12312,ok,45.2734,45.2734,15
12313,ok,42.4512,42.4512,23
12314,ok,44.4345,44.4345,9
12315,ok,42.8451,42.8451,17
12316,ok,18.3123,18.3123,29
12317,ok,39.9892,39.9892,20
12318,ok,41.9450,41.9450,31
12319,ok,44.9142,44.9142,23
1232,ok,42.4152,42.4152,36
12320,ok,46.3778,46.3778,14
12321,ok,33.3731,33.3731,32
12322,ok,47.2002,47.2002,20
12323,ok,42.5112,42.5112,27
12324,ok,38.1822,38.1822,18
12325,ok,40.4587,39.8852,19
12326,ok,48.8220,48.8220,28
12327,ok,48.1611,48.1611,31
12328,ok,48.8227,48.8227,10
12329,ok,46.0320,46.0320,14
1233,ok,47.6658,47.6658,14
12330,ok,40.7589,40.7589,11
12331,ok,42.9082,42.9082,29
12332,ok,41.5822,41.5822,20
12333,ok,47.1517,47.1517,30
12334,ok,36.1760,36.1760,20
12335,ok,44.9575,44.9575,19
12336,ok,25.8689,25.0233,20
12337,ok,46.3956,46.3956,24
12338,ok,47.8889,47.8889,26
12339,ok,51.1033,48.6953,19
1234,ok,44.0197,44.0197,27
12340,ok,46.3044,46.3044,31
12341,ok,40.1491,40.1491,22
12342,ok,48.8453,48.8453,44
12343,ok,29.0006,29.0006,54
12344,ok,45.4708,45.4708,25
12345,ok,48.5231,48.5231,16
12346,ok,39.6701,39.6701,20
12347,ok,41.8506,41.8506,24
12348,ok,42.8021,42.8021,13
12349,ok,28.9374,28.9374,26
1235,ok,47.5610,46.0988,36
12351,ok,42.3853,42.3853,30
12352,ok,36.6341,36.6341,23
12353,ok,19.4790,19.4790,18
12354,ok,36.1786,36.1786,13
12355,ok,39.7130,39.7130,34
12356,ok,43.9341,43.9341,17
12357,ok,43.3549,43.3549,22
12358,ok,46.8106,46.8106,25
12359,ok,48.0509,48.0509,20
1236,ok,42.3873,42.3873,20
12360,ok,47.8136,47.8136,27
12361,ok,48.8377,48.8377,39
12362,ok,35.5381,35.5381,18
12363,ok,49.3154,49.3154,20
12364,ok,36.5983,36.5983,14
12365,ok,669.7107,295.3939,35
12366,ok,46.9695,46.9695,21
12367,ok,43.4982,43.4982,14
12368,ok,36.0051,36.0051,25
12369,ok,24.5791,24.5791,31
1237,ok,41.5285,41.5285,21
12370,ok,15.7607,15.7607,15
12371,ok,36.1061,36.1061,22
12372,ok,38.6415,38.6415,47
12373,ok,46.6805,46.6805,13
12374,ok,48.0907,48.0907,16
12376,ok,32.2332,32.2332,23
12377,ok,39.4814,39.4814,28
12378,ok,31.4272,31.4272,34
12379,ok,25.6845,25.6845,47
1238,ok,48.1422,48.1422,29
12380,ok,49.1932,49.1932,19
12381,ok,48.1110,48.1110,25
12382,ok,33.9594,33.2288,12
12383,ok,46.9063,46.9063,32
12384,ok,36.8483,36.8483,29
12385,ok,38.0856,38.0856,29
12386,ok,29.7237,29.7237,37
12387,ok,43.6104,43.6104,28
12388,ok,46.0619,46.0619,15
12389,ok,19.4748,19.4748,14
1239,ok,27.5833,27.5833,16
12390,ok,47.0522,41.9211,17
12391,ok,44.1355,44.1355,13
12392,ok,24.4397,24.4397,20
12393,ok,28.2559,28.2559,19
12394,ok,36.9481,36.9481,16
12395,ok,39.9336,39.9336,24
12396,ok,46.6055,46.6055,22
12397,ok,31.0953,31.0953,12
12398,ok,47.2624,47.2624,28
12399,ok,49.2531,49.2531,20
124,ok,43.6911,43.6911,11
1240,ok,31.2929,31.2929,20
12400,ok,43.9707,43.9707,18
12401,ok,30.0242,30.0242,35
12402,ok,41.8518,41.8518,18
12403,ok,45.7654,45.7654,12
12404,ok,46.1167,46.1167,38
12405,ok,35.8458,35.8458,18
12406,ok,44.5432,42.3930,18
12407,ok,44.3974,44.3974,14
12408,ok,45.0256,45.0256,20
12409,ok,38.9832,38.9832,21
1241,ok,34.4445,34.4445,25
12410,ok,47.9949,47.9949,25
12411,ok,47.9635,47.9635,28
12412,ok,47.9184,47.9184,14
12413,ok,36.9029,36.9029,29
12414,ok,44.6018,44.6018,20
12415,ok,44.2100,44.2100,22
12416,ok,42.8085,42.8085,18
12417,ok,43.9013,43.9013,32
12418,ok,49.8702,49.8702,26
12419,ok,48.8283,48.8283,21
1242,ok,20.3028,20.3028,34
12420,ok,47.8766,47.8766,10
12421,ok,45.8414,45.8414,16
12422,ok,31.1674,31.1674,34
12423,ok,41.5516,41.5516,20
12424,ok,43.3395,43.3395,19
12425,ok,48.3576,48.3576,34
12426,ok,27.1993,26.1863,32
12427,ok,35.6288,35.6288,26
12428,ok,42.0743,42.0743,19
12429,ok,37.2894,37.2894,13
1243,ok,39.6724,39.6724,36
12430,ok,22.7414,22.7414,15
12431,ok,45.0650,43.4936,9
12432,ok,35.3305,35.3305,23
12433,ok,47.6506,47.6506,15
12434,ok,25.1308,25.1308,20
12435,ok,46.7111,44.9780,24
12436,ok,36.1276,36.1276,16
12437,ok,45.3396,45.3396,22
12438,ok,47.9631,47.0138,21
12439,ok,45.2845,45.2845,25
1244,ok,39.5747,39.5747,24
12440,ok,37.0195,37.0195,13
12441,ok,41.0311,41.0311,27
12442,ok,37.4074,37.4074,9
12443,ok,45.5798,45.5798,19
12444,ok,48.4711,48.4711,36
12445,ok,37.8042,37.8042,12
12446,ok,19.2826,19.2826,18
12447,ok,41.0263,40.2057,33
12448,ok,44.5312,44.5312,12
12449,ok,47.0665,47.0665,22
1245,ok,47.0875,47.0875,29
12450,ok,48.7468,48.7468,10
12451,ok,37.0280,37.0280,23
12452,ok,49.3462,48.7260,23
12453,ok,49.9253,49.9253,22
12454,ok,36.2795,36.2795,28
12455,ok,40.9129,40.9129,29
12456,ok,27.3865,27.3865,41
12457,ok,26.6325,26.6325,20
12458,ok,49.4689,49.4689,10
12459,ok,48.7815,48.7815,17
1246,ok,49.1021,49.1021,15
12460,ok,30.9727,30.7603,32
12461,ok,43.4193,43.4193,18
12462,ok,49.9432,49.9432,17
12463,ok,41.7497,41.5889,18
12464,ok,21.5063,21.5063,23
12465,ok,31.9875,31.9875,23
12466,ok,41.8563,41.8563,16
12468,ok,33.0915,30.7285,19
12469,ok,44.1168,44.1168,35
1247,ok,31.4900,31.4900,33
12470,ok,47.3767,47.3767,31
12471,ok,27.4314,27.4314,18
12472,ok,38.1981,38.1981,25
12473,ok,31.3115,31.3115,24
12474,ok,44.3072,44.3072,39
12475,ok,49.4978,49.4978,17
12476,ok,27.9334,27.9334,25
12477,ok,45.0498,45.0498,25
12478,ok,45.2592,45.2592,17
12479,ok,29.2796,29.2796,24
1248,ok,43.7761,43.7761,20
12480,ok,29.4345,29.0086,12
12481,ok,47.4643,47.4643,21
12482,ok,46.6856,46.6856,11
12483,ok,43.9475,43.9475,17
12484,ok,46.7711,46.7711,26
12485,ok,48.3477,48.3477,14
12486,ok,36.4185,36.4185,22
12487,ok,21.0534,21.0534,15
12488,ok,40.4563,40.4563,26
12489,ok,39.1067,39.1067,22
1249,ok,23.5364,23.5364,19
12490,ok,48.3868,48.3868,23
12491,ok,35.9540,35.9540,29
12492,ok,49.5292,49.5292,36
12493,ok,32.0590,32.0590,19
12494,ok,44.8399,44.8399,29
12495,ok,39.6640,39.6640,23
12496,ok,40.3429,40.3429,26
12497,ok,2740.9342,43.5103,32
12498,ok,33.5239,33.5239,21
12499,ok,48.4538,48.4538,14
125,ok,49.2720,49.2720,21
1250,ok,18.0867,18.0867,12
12500,ok,49.0500,49.0500,22
12501,ok,34.6666,34.6666,28
12502,ok,22.5473,22.5473,21
12503,ok,41.6785,41.6785,18
12504,ok,47.7254,47.7254,14
12505,ok,48.2352,48.2352,40
12506,ok,37.5640,37.5640,16
12507,ok,48.6622,48.6622,38
12508,ok,36.8326,33.1616,31
12509,ok,47.1865,47.1865,11
1251,ok,48.9481,48.9481,17
12510,ok,49.3970,49.3970,42
12511,ok,37.6404,37.6404,22
12512,ok,45.7119,45.7119,18
12513,ok,27.0625,27.0625,26
12514,ok,43.5619,43.5619,19
12515,ok,36.3091,36.3091,12
12516,ok,48.5588,48.5588,21
12517,ok,46.6554,46.6554,23
12518,ok,37.4498,37.4498,32
12519,ok,28.1567,27.8348,17
1252,ok,36.6963,36.6963,22
12520,ok,41.4224,41.4224,14
12521,ok,36.8996,36.8996,28
12522,ok,45.5973,45.5973,36
12523,ok,48.4414,48.4414,20
12524,ok,39.0173,39.0173,23
12525,ok,47.6843,47.6843,24
12526,ok,48.3996,48.3996,28
12527,ok,47.0584,47.0584,17
12528,ok,42.1188,42.1188,22
12529,ok,44.3065,44.3065,25
1253,ok,41.3967,41.3967,16
12530,ok,44.6314,44.6314,11
12531,ok,37.9463,37.9463,27
12532,ok,32.1762,32.1762,23
12533,ok,37.1089,37.1089,18
12534,ok,28.3338,28.3338,30
12535,ok,39.6172,39.6172,19
12536,ok,41.8207,41.8207,26
12537,ok,47.8028,47.8028,25
12538,ok,34.6243,34.6243,15
12539,ok,46.1709,46.1709,13
1254,ok,51.4858,49.4293,16
12540,ok,46.9622,46.9622,33
12541,ok,44.5517,44.5517,13
12542,ok,48.1362,48.1362,30
12543,ok,39.4792,39.4792,22
12544,ok,36.8008,36.8008,21
12545,ok,32.3019,32.3019,15
12546,ok,49.4129,49.4129,13
12547,ok,49.9081,49.9081,16
12548,ok,46.6492,46.6492,36
12549,ok,48.8869,48.8869,18
1255,ok,39.4003,39.4003,18
12550,ok,45.5482,45.5482,31
12551,ok,43.8037,43.8037,18
12552,ok,45.7048,45.7048,21
12553,ok,20.7371,20.7371,40
12554,ok,37.8937,37.8937,31
12555,ok,35.9953,35.9953,27
12556,ok,38.4895,38.4895,9
12557,ok,21.9925,21.9925,26
12558,ok,44.0180,44.0180,16
12559,ok,33.2588,33.2588,21
1256,ok,46.2781,46.2781,22
12560,ok,47.0851,47.0851,21
12561,ok,36.0047,36.0047,26
12562,ok,43.3940,38.6618,16
12563,ok,33.6805,33.6805,20
12564,ok,44.6309,44.6309,16
12565,ok,44.7906,44.7906,26
12566,ok,43.0611,43.0611,29
12567,ok,42.8639,42.8639,20
12568,ok,53.5758,47.1756,30
12569,ok,28.6184,28.6184,23
1257,ok,27.9953,27.9953,16
12570,ok,46.6110,46.6110,35
12571,ok,45.3135,45.3135,20
12572,ok,48.5232,48.5232,19
12573,ok,43.5545,43.5545,18
12574,ok,36.1220,33.0062,23
12575,ok,38.6299,38.6299,24
12576,ok,48.3888,48.3888,36
12577,ok,46.7633,46.7633,27
12578,ok,49.2527,49.2527,30
12579,ok,45.4682,45.4682,29
1258,ok,47.1852,47.1852,19
12580,ok,46.4950,46.4950,22
12581,ok,35.2485,35.2485,18
12582,ok,49.3365,49.3365,26
12583,ok,33.0646,33.0646,17
12584,ok,46.4440,46.4440,24
12585,ok,46.7417,46.7417,34
12586,ok,42.5976,42.5976,35
12587,ok,44.7018,44.7018,20
12588,ok,44.0844,44.0843,32
12589,ok,45.9785,45.9785,16
1259,ok,37.3802,37.3802,24
12590,ok,48.1608,46.8855,12
12591,ok,46.0471,46.0471,14
12592,ok,39.7313,39.7313,16
12593,ok,42.1871,42.1871,14
12594,ok,30.0203,30.0203,21
12595,ok,48.1862,48.1862,26
12596,ok,49.4745,44.0792,19
12597,ok,29.8137,29.8137,16
12598,ok,32.4363,32.4363,14
12599,ok,27.8461,27.1998,28
126,ok,38.5106,38.3103,31
12600,ok,39.9896,39.9896,29
12601,ok,45.6223,44.2423,17
12602,ok,35.3806,35.3806,41
12603,ok,46.4652,46.4652,19
12604,ok,47.9156,47.9156,17
12605,ok,44.4639,44.4639,26
12606,ok,34.9016,34.9016,28
12607,ok,40.4559,40.4559,40
12608,ok,29.8481,29.8481,10
12609,ok,46.1493,46.1493,14
1261,ok,39.5436,39.5436,32
12610,ok,34.9912,34.9912,30
12611,ok,38.4089,38.4089,24
12612,ok,48.6493,48.6493,15
12613,ok,38.3189,38.3189,14
12614,ok,48.9384,48.9384,34
12615,ok,48.8967,48.8967,15
12617,ok,44.6428,44.6428,18
12618,ok,42.9866,42.9866,29
12619,ok,51.6943,49.6079,31
1262,ok,45.7280,45.7280,24
12620,ok,48.5089,48.5089,17
12621,ok,49.6346,49.6346,26
12622,ok,26.8410,26.8410,27
12623,ok,44.8946,44.8946,16
12624,ok,37.1513,37.1513,18
12625,ok,36.3731,36.3731,19
12626,ok,39.9653,39.9653,33
12627,ok,48.2833,48.2833,35
12628,ok,37.4012,37.4012,31
12629,ok,39.2101,39.2101,28
1263,ok,37.8357,37.8357,32
12631,ok,42.7063,42.7063,34
12632,ok,44.9522,44.9522,29
12633,ok,41.3788,41.3788,27
12634,ok,43.5093,43.5093,14
12635,ok,32.7386,32.7386,22
12636,ok,35.5572,35.5572,24
12637,ok,48.6190,48.6190,17
12638,ok,40.1316,39.5722,12
12639,ok,20.0382,20.0382,27
1264,ok,35.5331,35.5331,27
12640,ok,30.6875,30.6875,13
12641,ok,36.3472,36.3472,25
12642,ok,45.8708,45.8708,22
12643,ok,42.3107,42.3107,24
12644,ok,45.9993,45.9993,34
12645,ok,46.0059,46.0059,12
12646,ok,27.6594,27.6594,33
12647,ok,44.3962,44.3962,15
12648,ok,43.1404,43.1404,22
12649,ok,46.2247,46.2246,23
1265,ok,39.5323,39.5323,37
12650,ok,34.3661,34.3661,31
12651,ok,49.3834,44.9274,21
12652,ok,40.3891,40.3891,15
12653,ok,45.5235,45.5235,10
12654,ok,43.4713,43.4713,10
12655,ok,40.2548,40.2548,22
12656,ok,44.0297,44.0297,36
12657,ok,47.4517,47.4517,15
12658,ok,47.9502,47.9502,19
12659,ok,44.2269,44.2269,23
1266,ok,48.4652,48.4652,29
12660,ok,19.6858,19.6858,36
12661,ok,42.2055,42.2055,35
12662,ok,43.6666,43.6666,15
12663,ok,42.6196,42.6196,21
12665,ok,41.6166,41.6166,17
12666,ok,22.3781,22.3781,15
12668,ok,35.6766,35.6766,28
12669,ok,34.6048,34.6048,24
1267,ok,44.0756,44.0756,18
12670,ok,31.5246,31.5246,32
12671,ok,22.6134,22.6134,25
12672,ok,37.7213,37.7213,21
12673,ok,33.4744,33.4744,17
12674,ok,32.0825,32.0825,14
12675,ok,33.3239,33.3239,31
12676,ok,40.8616,40.8616,15
12677,ok,35.2150,33.9744,17
12678,ok,39.6577,39.6577,11
12679,ok,31.2266,31.2266,28
1268,ok,43.0398,43.0398,29
12680,ok,43.3748,43.3748,15
12681,ok,43.6748,43.6748,16
12682,ok,45.9684,45.9684,27
12683,ok,46.8297,46.8297,15
12684,ok,28.6614,28.6614,13
12685,ok,44.5700,44.5700,35
12686,ok,37.8411,36.9157,14
12687,ok,45.5473,45.5473,16
12688,ok,46.9021,46.9021,17
12689,ok,42.7103,42.7103,14
1269,ok,47.4614,47.4614,14
12690,ok,22.9667,22.9667,23
12691,ok,48.8155,48.8155,14
12692,ok,34.0379,33.9788,39
12693,ok,33.1011,33.1011,25
12694,ok,36.4727,36.4727,18
12695,ok,44.2559,44.2559,14
12696,ok,44.8539,44.8539,33
12697,ok,33.2449,33.2449,28
12698,ok,49.1920,49.1920,13
12699,ok,43.6528,43.6528,18
127,ok,49.2856,49.2856,21
1270,ok,30.3666,30.3666,28
12700,ok,40.4230,40.4230,18
12701,ok,46.4123,46.4123,21
12702,ok,42.0285,42.0285,28
12703,ok,46.0139,46.0139,13
12704,ok,37.8109,37.8109,20
12705,ok,43.7579,43.7579,24
12706,ok,41.8646,41.8646,32
12707,ok,22.1844,22.1844,13
12708,ok,43.5774,43.5774,30
12709,ok,38.6469,38.6469,16
1271,ok,49.3269,49.3269,17
12710,ok,45.0073,45.0073,19
12711,ok,43.9757,39.1801,9
12712,ok,39.5026,39.5026,13
12713,ok,39.2112,39.2112,16
12714,ok,28.6707,28.6707,39
12716,ok,39.7006,39.7006,21
12717,ok,47.1970,47.1970,19
12719,ok,48.7386,48.7386,18
1272,ok,33.8169,32.2503,18
12720,ok,44.0253,44.0253,30
12721,ok,46.5530,46.5530,18
12722,ok,44.2334,44.2334,37
12723,ok,36.5000,36.5000,23
12724,ok,23.8793,23.8793,16
12725,ok,42.1383,42.1383,37
12726,ok,46.0787,46.0787,31
12727,ok,36.2405,36.2405,13
12728,ok,41.3854,41.3854,23
12729,ok,27.6929,27.6929,17
1273,ok,21.7601,21.7601,12
12730,ok,29.4090,29.4090,40
12731,ok,46.4612,46.4612,29
12732,ok,37.1366,37.1366,10
12733,ok,46.5344,46.5344,15
12734,ok,27.3719,27.3719,29
12735,ok,13.2489,13.2489,29
12736,ok,41.4652,41.4652,34
12737,ok,28.6452,28.6452,26
12738,ok,35.9658,35.9658,28
12739,ok,41.6537,41.6537,21
1274,ok,39.2430,39.2430,27
12740,ok,33.3090,32.2443,29
12741,ok,41.0338,41.0338,32
12742,ok,38.6840,38.6840,18
12743,ok,49.5252,49.5252,15
12744,ok,28.0740,28.0739,22
12745,ok,40.6061,40.6061,12
12746,ok,31.6505,31.6505,25
12747,ok,38.3079,38.3079,20
12748,ok,45.8361,45.8361,27
12749,ok,19.2435,19.2435,15
1275,ok,48.0266,48.0266,24
12750,ok,39.4001,39.4001,18
12751,ok,47.9036,47.9036,22
12752,ok,30.3424,30.3424,44
12753,ok,44.8467,44.6507,20
12754,ok,33.0683,33.0683,14
12755,ok,34.0618,34.0618,26
12756,ok,35.0968,35.0968,25
12757,ok,48.6411,48.6411,22
12758,ok,46.5901,46.5901,32
12759,ok,47.4023,47.4023,15
1276,ok,42.1097,42.1097,35
12760,ok,36.6059,36.6059,14
12761,ok,34.7608,34.7608,17
12762,ok,46.1291,46.1291,16
12763,ok,49.6297,49.6297,29
12764,ok,44.0258,44.0258,28
12765,ok,46.1843,46.1843,15
12766,ok,48.7011,48.7011,26
12767,ok,47.7911,47.7911,37
12768,ok,48.0288,48.0288,21
12769,ok,41.0472,41.0472,12
1277,ok,38.6255,38.6255,28
12770,ok,42.5838,42.5838,9
12771,ok,34.9573,34.9573,36
12772,ok,32.9819,32.9819,13
12773,ok,30.8127,30.8127,19
12774,ok,46.1121,46.1121,31
12775,ok,42.0648,42.0648,41
12776,ok,32.2794,32.2794,23
12777,ok,34.9150,34.9150,24
12778,ok,21.0999,20.9696,17
12779,ok,43.4731,43.4731,26
1278,ok,42.7785,42.7785,11
12780,ok,29.2684,29.2684,17
12781,ok,38.2819,38.2819,19
12782,ok,24.6282,24.6282,21
12783,ok,40.5408,40.5408,27
12784,ok,44.8994,44.8994,14
12785,ok,19.1126,19.1126,24
12786,ok,38.6419,38.6419,21
12787,ok,43.9454,43.9454,15
12788,ok,39.5094,39.5094,27
12789,ok,26.2026,26.2026,21
1279,ok,49.7568,48.8362,18
12790,ok,35.3098,35.3098,32
12791,ok,46.9201,46.9201,45
12792,ok,45.5619,45.5619,23
12793,ok,37.1519,37.1519,20
12794,ok,43.1995,43.1995,28
12795,ok,48.3244,48.3244,23
12796,ok,36.8465,36.8465,23
12797,ok,43.3956,43.3956,21
12798,ok,38.7837,38.7837,22
12799,ok,43.3004,43.3004,46
128,ok,22.7699,22.7699,21
1280,ok,41.5355,41.5355,19
12800,ok,35.2694,35.2694,29
12801,ok,49.3306,49.3306,25
12802,ok,46.6414,46.6414,12
12803,ok,31.1876,31.1876,39
12804,ok,46.3003,46.3003,24
12805,ok,34.3788,34.3788,13
12806,ok,48.0320,48.0320,20
12807,ok,36.3630,36.3630,17
12808,ok,37.8428,37.8428,13
12809,ok,38.4786,38.4786,20
1281,ok,43.1079,43.1079,18
12810,ok,38.3993,34.2118,22
12811,ok,46.2425,44.4842,33
12812,ok,33.7575,33.7575,27
12813,ok,26.4527,25.5270,9
12814,ok,48.8597,48.8597,24
12815,ok,41.0389,41.0389,17
12816,ok,48.3078,48.3078,17
12817,ok,47.9577,47.8732,34
12818,ok,30.5046,30.5046,32
12819,ok,46.0494,46.0494,20
1282,ok,40.3141,40.3141,25
12820,ok,43.0019,43.0019,22
12821,ok,20.7965,20.7965,22
12822,ok,46.2388,45.3827,22
12823,ok,36.6408,36.6408,24
12824,ok,45.4377,45.4377,12
12825,ok,25.2226,25.2226,24
12826,ok,48.8205,48.8205,18
12827,ok,33.9645,33.9645,9
12828,ok,45.6230,45.6230,26
12829,ok,48.8935,48.8935,12
1283,ok,34.4876,32.2909,22
12830,ok,24.7539,24.7539,28
12831,ok,36.5933,36.5933,22
12832,ok,28.1059,28.1059,13
12833,ok,39.5362,35.3122,10
12834,ok,30.1809,30.1809,22
12835,ok,39.4732,39.4732,28
12836,ok,40.3748,40.3748,19
12837,ok,38.7673,38.7673,34
12838,ok,36.9243,36.9243,24
12839,ok,47.8113,47.8113,31
1284,ok,42.4724,42.4724,38
12840,ok,45.8346,45.8346,29
12841,ok,32.6952,32.6952,36
12842,ok,50.2488,49.4363,26
12843,ok,48.7061,48.7061,32
12844,ok,43.8517,43.8517,20
12845,ok,39.7044,39.7044,16
12846,ok,49.9079,49.9079,32
12847,ok,40.7556,40.7556,20
12848,ok,48.3411,48.3411,24
12849,ok,49.7058,49.7058,23
1285,ok,25.7323,25.7323,23
12850,ok,32.8564,32.8564,24
12851,ok,47.1502,47.1502,22
12852,ok,44.3510,44.3510,15
12853,ok,20.6590,20.6590,18
12854,ok,33.5896,33.5896,33
12855,ok,47.4763,47.4763,15
12856,ok,41.9193,41.9193,29
12857,ok,38.0148,38.0148,20
12858,ok,34.4869,34.4869,24
12859,ok,29.2406,29.2406,14
1286,ok,41.6231,41.6231,28
12860,ok,47.5376,47.5376,20
12861,ok,42.0402,42.0402,28
12862,ok,45.7919,45.7919,44
12863,ok,46.0555,46.0555,22
12864,ok,45.2220,45.2220,20
12865,ok,49.6474,49.6474,32
12866,ok,39.0447,39.0447,32
12867,ok,34.4137,34.4137,18
12868,ok,26.0245,24.6897,27
12869,ok,47.8629,47.8629,26
1287,ok,35.3198,35.3198,19
12870,ok,44.6022,44.6022,34
12871,ok,40.6538,40.6538,30
12872,ok,38.0870,38.0870,31
12873,ok,42.3981,42.3981,14
12874,ok,25.2635,25.2635,26
12875,ok,50.6099,49.2556,16
12876,ok,44.8525,44.8525,16
12877,ok,44.5227,44.5227,19
12878,ok,48.2263,48.2263,21
12879,ok,49.3947,49.3947,32
1288,ok,49.8587,44.4215,22
12880,ok,20.9669,20.9669,24
12881,ok,42.2963,42.2963,19
12882,ok,34.9316,34.9316,33
12883,ok,30.5562,30.5562,33
12884,ok,35.8339,35.8339,28
12885,ok,49.4544,49.4544,11
12886,ok,31.8790,31.8790,20
12887,ok,44.0179,44.0179,30
12888,ok,31.8008,31.8008,16
12889,ok,31.0718,31.0718,26
1289,ok,47.4510,47.4510,22
12890,ok,44.8129,44.8129,17
12891,ok,49.5498,49.5498,24
12892,ok,48.4713,48.4713,11
12893,ok,42.5614,42.5614,23
12894,ok,32.6707,32.6707,25
12895,ok,23.5265,23.5265,21
12896,ok,44.5468,44.5468,19
12897,ok,41.2360,41.2360,14
12898,ok,42.0806,42.0806,21
12899,ok,48.6321,48.6321,33
129,ok,27.7615,27.7615,28
1290,ok,48.9127,48.9127,43
12901,ok,30.2775,30.2775,24
12902,ok,47.2108,47.2108,23
12903,ok,49.0380,49.0380,30
12904,ok,39.2728,39.2728,15
12905,ok,22.1039,22.0563,31
12906,ok,34.9508,34.9508,47
12907,ok,24.6578,24.6578,30
12908,ok,40.1566,39.6618,22
12909,ok,43.3945,43.3945,23
1291,ok,37.4630,37.4630,18
12910,ok,43.5420,43.5420,16
12911,ok,41.0569,41.0569,23
12913,ok,45.1514,45.1514,24
12914,ok,31.5304,31.5304,21
12915,ok,48.7995,48.7995,17
12916,ok,44.0860,44.0860,11
12917,ok,31.6447,31.6447,16
12918,ok,39.5045,39.5045,33
12919,ok,43.2747,43.2747,23
1292,ok,48.4768,48.4768,13
12920,ok,36.1252,36.1252,23
12921,ok,39.8331,39.8331,24
12922,ok,40.6306,40.6306,29
12923,ok,42.3752,42.3752,17
12924,ok,45.9561,45.9561,11
12925,ok,48.1512,48.1512,26
12926,ok,42.3314,42.3314,28
12927,ok,21.0848,21.0848,12
12928,ok,48.3229,48.3229,12
12929,ok,45.2750,45.2750,24
1293,ok,41.8292,41.8292,29
12930,ok,43.9309,41.4110,25
12931,ok,41.3846,41.3846,29
12932,ok,33.5847,33.5847,21
12933,ok,31.7302,31.7302,14
12934,ok,41.6663,41.6663,35
12935,ok,35.8485,35.8485,34
12936,ok,24.0872,24.0872,18
12937,ok,32.7779,32.7779,19
12938,ok,45.3431,45.3431,18
12939,ok,35.5833,35.5833,15
1294,ok,47.6113,47.6113,11
12940,ok,44.6534,44.6534,35
12941,ok,48.4978,48.4978,24
12942,ok,49.7278,45.4438,27
12943,ok,46.1299,40.4323,16
12944,ok,42.7021,42.7021,23
12945,ok,46.3698,46.3698,12
12946,ok,40.5474,40.5474,24
12947,ok,27.8213,27.8213,35
12948,ok,41.3743,41.3743,18
12949,ok,47.9077,47.9077,15
1295,ok,24.1046,24.1046,20
12950,ok,30.7353,30.7353,26
12952,ok,42.2402,42.2402,29
12953,ok,49.5761,49.5761,12
12954,ok,47.7800,47.7800,22
12955,ok,26.9596,26.9595,19
12956,ok,35.7757,35.7757,22
12957,ok,24.4114,24.4114,32
12958,ok,26.8136,26.8136,21
12959,ok,45.7896,45.7896,31
1296,ok,22.8779,22.8779,32
12960,ok,38.0002,38.0002,29
12961,ok,44.6346,44.6346,17
12962,ok,28.1355,28.1355,16
12963,ok,53.7596,47.8970,15
12964,ok,26.5277,26.5277,15
12965,ok,44.0224,44.0224,23
12966,ok,49.9213,49.9213,26
12967,ok,49.6647,49.6647,12
12968,ok,42.3152,42.3152,22
12969,ok,42.9649,42.9649,29
1297,ok,29.2659,29.2659,12
12970,ok,37.3979,37.3979,30
12971,ok,38.2903,36.3407,30
12972,ok,44.6259,43.5898,17
12973,ok,46.3104,46.3104,24
12974,ok,30.7383,30.7383,46
12975,ok,35.0728,35.0728,26
12976,ok,43.5164,43.5164,13
12977,ok,33.6159,33.6159,16
12978,ok,36.5538,36.5538,19
12979,ok,34.6700,34.6700,28
1298,ok,49.2960,49.2960,43
12980,ok,43.1971,43.1971,29
12981,ok,34.3130,34.3130,38
12982,ok,45.6136,45.6136,18
12983,ok,42.6802,42.6802,43
12984,ok,47.5374,47.5374,27
12985,ok,49.9850,49.9850,41
12986,ok,40.7934,40.7934,28
12987,ok,24.0325,24.0325,35
12988,ok,34.6367,34.6367,20
12989,ok,48.9892,48.9892,31
1299,ok,48.7191,48.7191,36
12990,ok,47.1745,47.1745,17
12991,ok,35.6226,35.6226,22
12992,ok,43.2583,43.2583,21
12993,ok,38.4505,38.4504,30
12994,ok,26.7817,26.7817,27
12995,ok,49.9211,49.9211,23
12996,ok,31.7264,31.7264,18
12997,ok,28.1494,28.1494,27
12998,ok,34.3457,34.3457,19
12999,ok,47.5944,47.5944,18
13,ok,42.6698,42.6698,15
130,ok,46.7886,46.7886,24
1300,ok,37.0518,37.0518,13
13000,ok,43.6299,43.6299,16
13001,ok,49.5962,49.5962,16
13002,ok,43.4536,43.4536,33
13003,ok,46.4550,46.4550,30
13004,ok,46.9871,46.9871,27
13005,ok,41.6763,40.8614,44
13006,ok,40.9306,40.9306,16
13007,ok,43.4507,43.4507,8
13008,ok,49.0196,49.0196,13
13009,ok,43.0993,43.0993,32
1301,ok,46.1729,46.1729,13
13010,ok,34.9661,34.9661,23
13011,ok,49.0459,49.0459,17
13012,ok,40.6794,40.6794,21
13013,ok,46.6290,46.6290,21
13014,ok,44.9724,44.9724,28
13015,ok,42.4507,42.4507,19
13016,ok,40.6943,40.6943,29
13017,ok,28.3622,28.3622,14
13018,ok,22.6830,22.6830,15
13019,ok,49.9123,49.9123,15
1302,ok,46.4518,46.4518,14
13020,ok,39.5753,39.5753,27
13021,ok,49.8634,49.8634,38
13022,ok,39.3881,39.3881,22
13023,ok,39.1884,39.1884,21
13024,ok,22.7695,22.4327,30
13025,ok,49.3458,49.3458,13
13026,ok,43.2685,43.2685,40
13027,ok,28.1540,28.1540,36
13028,ok,38.2825,38.2825,16
13029,ok,41.1088,41.1088,27
1303,ok,16.6726,16.6726,17
13030,ok,44.6860,44.6860,12
13031,ok,47.6434,47.1949,31
13032,ok,39.0747,39.0747,32
13033,ok,46.7753,46.7753,36
13034,ok,21.2842,21.2842,32
13035,ok,38.9060,38.9060,46
13036,ok,31.2103,31.2103,19
13037,ok,46.0004,46.0004,48
13038,ok,35.4247,35.4247,36
13039,ok,42.3326,42.3326,30
1304,ok,37.7596,37.7596,16
13040,ok,44.0995,44.0995,25
13041,ok,29.3110,29.3110,22
13042,ok,43.3857,43.3857,19
13044,ok,49.2055,49.2055,36
13045,ok,37.1503,37.1503,18
13046,ok,21.1344,21.1344,15
13047,ok,48.3208,48.3208,16
13048,ok,49.7533,49.7533,14
13049,ok,25.6379,25.6379,31
1305,ok,49.3021,49.3021,16
13050,ok,35.7784,35.7784,31
13051,ok,40.4751,38.6831,13
13052,ok,41.7202,41.7202,13
13053,ok,38.8494,38.8494,18
13054,ok,47.9621,47.9621,27
13055,ok,30.1905,30.1905,14
13056,ok,32.4905,32.4905,31
13057,ok,47.1804,47.1804,22
13058,ok,42.9421,42.9421,15
13059,ok,48.3274,48.3274,21
1306,ok,32.8584,32.8584,17
13060,ok,49.0623,49.0623,15
13061,ok,49.9902,49.9902,38
13062,ok,38.8517,38.8517,15
13063,ok,37.1766,37.1766,13
13064,ok,40.3147,40.3147,9
13065,ok,48.9113,48.9113,24
13066,ok,38.4167,38.4167,26
13067,ok,39.0110,39.0110,34
13068,ok,29.0532,29.0532,21
13069,ok,48.9164,48.9164,27
1307,ok,32.1870,32.1870,21
13070,ok,45.1491,45.1491,16
13071,ok,43.6294,43.6294,16
13072,ok,39.4570,39.4570,18
13073,ok,46.6823,46.6823,16
13074,ok,47.5241,47.5241,23
13075,ok,43.8690,43.8690,16
13076,ok,46.5870,46.5870,14
13077,ok,44.4084,44.4084,27
13078,ok,40.8794,40.8794,41
13079,ok,44.8056,44.8056,22
1308,ok,38.7133,38.7133,15
13080,ok,43.0148,43.0148,13
13081,ok,23.8230,23.8230,32
13082,ok,45.5744,45.5744,26
13083,ok,22.4695,18.9405,5
13085,ok,43.1385,43.1385,21
13086,ok,33.5292,33.5292,33
13087,ok,49.3107,49.3107,22
13088,ok,35.8088,35.8088,34
13089,ok,47.9175,47.9175,34
1309,ok,36.2619,36.2619,15
13090,ok,40.7280,40.7280,30
13091,ok,28.5334,28.5334,29
13092,ok,46.9290,46.9290,23
13093,ok,47.3688,47.3688,20
13094,ok,45.1048,45.1048,25
13095,ok,41.7972,41.7972,49
13096,ok,40.0944,40.0944,17
13097,ok,49.6880,49.6880,27
13098,ok,38.4066,38.4066,28
13099,ok,49.7941,49.7941,31
131,ok,48.7832,48.7832,42
1310,ok,40.4257,40.4257,22
13100,ok,47.6194,47.6194,17
13101,ok,46.8273,46.8273,28
13102,ok,44.2636,44.2636,29
13103,ok,43.2147,43.2147,33
13104,ok,24.2277,24.2277,16
13105,ok,44.9027,44.9027,19
13106,ok,40.7179,40.7179,18
13107,ok,48.8384,48.8384,11
13108,ok,48.7947,48.7947,48
13109,ok,36.2879,36.2879,28
1311,ok,49.8362,49.8362,11
13110,ok,42.1924,42.1924,29
13111,ok,35.3848,35.3848,30
13112,ok,45.1124,45.1124,14
13113,ok,44.5765,44.5765,42
13114,ok,44.7863,44.7863,15
13115,ok,46.4351,46.4351,19
13116,ok,45.1182,45.1182,28
13117,ok,44.7154,44.7154,50
13118,ok,56.0904,49.9737,15
13119,ok,40.2096,38.7480,14
1312,ok,45.2210,45.2210,34
13120,ok,49.0583,49.0583,33
13121,ok,44.0219,44.0219,30
13122,ok,38.5376,38.5376,31
13123,ok,17.7651,17.7651,14
13124,ok,30.8991,30.8991,19
13125,ok,40.6722,40.5212,18
13126,ok,44.0238,44.0238,14
13127,ok,45.4387,45.4387,14
13128,ok,39.8323,39.8323,33
13129,ok,45.4950,45.4950,22
1313,ok,47.0568,45.9173,36
13130,ok,38.0048,38.0048,16
13131,ok,40.4906,40.4906,17
13132,ok,37.6439,37.6439,15
13133,ok,38.6998,38.6998,17
13134,ok,35.9718,35.9718,30
13135,ok,37.2179,37.2179,13
13136,ok,49.5413,49.5413,20
13137,ok,48.6238,48.6238,24
13138,ok,43.7368,43.7368,20
13139,ok,20.7365,20.7365,27
1314,ok,47.0642,47.0642,25
13140,ok,43.0410,43.0410,14
13141,ok,28.8425,28.8425,28
13142,ok,36.0355,36.0355,19
13143,ok,41.0774,41.0774,12
13144,ok,35.8740,35.8740,15
13145,ok,42.8511,42.8511,27
13146,ok,25.7275,25.7275,13
13147,ok,43.5880,43.5880,22
13148,ok,46.2016,46.2016,27
13149,ok,31.9847,31.9847,10
1315,ok,46.7564,46.7564,27
13150,ok,38.7031,38.7031,21
13151,ok,46.8735,46.8735,42
13152,ok,42.6325,42.6325,17
13153,ok,44.5011,44.5011,23
13154,ok,38.6432,34.4291,20
13155,ok,36.6922,36.6922,27
13156,ok,44.5645,44.5645,41
13157,ok,48.6600,48.6600,23
13158,ok,28.4962,28.4962,21
13159,ok,44.8626,44.8626,15
1316,ok,48.9582,48.9582,13
13160,ok,40.5100,40.5100,16
13161,ok,49.9524,49.9524,31
13162,ok,49.9739,49.9739,18
13163,ok,33.9298,33.9298,18
13165,ok,45.1135,45.1135,25
13166,ok,46.1471,46.1471,31
13167,ok,35.9598,35.9598,9
13168,ok,47.1903,47.1903,19
13169,ok,48.9247,48.9247,32
1317,ok,18.7020,18.7020,19
13170,ok,34.8388,34.8388,19
13171,ok,21.8938,21.8938,8
13173,ok,40.2915,40.2915,14
13174,ok,46.0572,46.0572,27
13175,ok,27.2403,27.2403,17
13176,ok,46.2454,46.2454,24
13177,ok,41.5343,41.5343,29
13179,ok,44.2084,44.2084,11
1318,ok,48.0706,48.0706,29
13180,ok,24.1375,24.1375,8
13181,ok,42.4064,41.0224,23
13182,ok,45.9766,45.9766,27
13183,ok,41.0721,41.0721,36
13184,ok,47.3959,47.3959,28
13185,ok,28.7443,28.7443,40
13186,ok,49.4497,49.4497,17
13187,ok,32.5696,32.5696,15
13188,ok,47.7267,47.7267,25
13189,ok,36.9390,36.9390,13
1319,ok,34.2471,34.2471,26
13190,ok,37.8639,37.8639,24
13191,ok,37.9257,37.9257,20
13192,ok,45.8173,45.8173,25
13193,ok,48.0022,48.0022,36
13194,ok,45.0375,45.0375,15
13195,ok,49.8537,49.8537,22
13196,ok,39.6836,39.6836,21
13197,ok,49.7747,49.7747,29
13198,ok,27.8643,27.8643,17
13199,ok,44.6333,44.6333,17
132,ok,37.3069,37.3069,34
1320,ok,15.3053,15.3053,25
13200,ok,47.6026,47.6026,23
13201,ok,48.9347,48.9347,19
13202,ok,38.5499,38.5499,17
13203,ok,33.4942,32.0259,21
13204,ok,48.9322,48.9322,28
13205,ok,35.9517,35.9517,15
13206,ok,49.3494,49.3494,30
13207,ok,42.0403,42.0403,10
13208,ok,41.2372,41.2372,18
13209,ok,38.8921,38.8921,14
1321,ok,47.1011,47.1011,39
13210,ok,38.5147,38.5147,20
13211,ok,35.4966,35.4966,25
13212,ok,42.4161,42.4161,25
13213,ok,23.6795,23.6795,33
13214,ok,38.0063,38.0063,16
13215,ok,47.9252,47.9252,20
13216,ok,27.6123,27.6123,37
13217,ok,32.5565,32.5565,26
13218,ok,37.3715,37.3715,15
13219,ok,49.0117,49.0117,23
1322,ok,54.2811,48.3616,27
13220,ok,37.2515,37.2515,17
13221,ok,36.7921,36.7921,19
13222,ok,39.5550,39.5550,33
13223,ok,24.1986,24.1986,16
13224,ok,43.7339,43.7339,23
13225,ok,48.5005,48.5005,20
13226,ok,46.2885,46.2885,32
13227,ok,40.9246,40.9246,18
13228,ok,27.8107,27.8107,12
13229,ok,39.2644,39.2644,20
1323,ok,46.7898,46.7898,32
13230,ok,45.6292,43.4914,27
13231,ok,45.7245,45.7245,31
13232,ok,17.4431,17.4431,26
13233,ok,46.6126,46.6126,22
13234,ok,37.4993,37.4993,24
13235,ok,45.0973,45.0973,38
13236,ok,32.2810,32.2810,31
13237,ok,43.9051,43.9051,20
13238,ok,28.9274,28.9274,29
13239,ok,35.2442,35.2442,19
1324,ok,49.4253,49.4253,26
13240,ok,35.7282,35.7282,24
13241,ok,49.7017,49.7017,19
13242,ok,46.9430,46.9430,18
13243,ok,31.8721,30.3525,20
13244,ok,47.5162,47.5162,23
13245,ok,39.2690,39.2690,20
13246,ok,43.2604,43.2604,14
13247,ok,18.6678,18.6678,15
13248,ok,48.7104,48.7104,20
13249,ok,34.8713,34.8713,20
1325,ok,25.7249,25.7249,25
13250,ok,37.0295,37.0295,15
13251,ok,48.6859,48.6859,15
13252,ok,47.8472,47.8472,15
13253,ok,38.0122,38.0122,20
13254,ok,37.6544,37.6544,13
13255,ok,41.1534,41.1534,12
13256,ok,22.0787,22.0787,41
13257,ok,30.8961,30.8961,12
13258,ok,46.6799,46.6799,27
13259,ok,40.0739,40.0739,12
1326,ok,39.1802,39.1590,20
13260,ok,42.3384,42.3384,18
13261,ok,40.4827,40.4827,19
13262,ok,13.9729,13.9729,34
13263,ok,40.9623,36.4953,11
13264,ok,34.3782,34.3782,20
13265,ok,35.6070,35.6070,14
13266,ok,36.4355,36.4355,31
13267,ok,49.6057,49.6057,13
13268,ok,44.9980,44.9980,22
13269,ok,40.6032,40.6032,12
1327,ok,30.4181,30.4181,21
13270,ok,43.3048,43.3048,15
13271,ok,32.4132,31.9832,17
13273,ok,41.2399,41.2399,19
13274,ok,21.7999,21.7999,35
13275,ok,37.1642,37.1642,13
13276,ok,32.1216,32.1216,25
13277,ok,34.6832,34.6832,20
13278,ok,45.6984,45.6984,21
13279,ok,35.9192,35.9192,29
1328,ok,47.5807,47.5807,26
13280,ok,24.0212,24.0212,36
13281,ok,45.8695,45.8695,26
13282,ok,41.0334,41.0334,24
13283,ok,46.1183,46.1183,19
13284,ok,29.7608,29.7608,10
13285,ok,47.3306,47.3306,23
13286,ok,49.5859,49.5859,16
13287,ok,48.1307,48.1307,25
13288,ok,24.9388,24.9388,39
13289,ok,48.6006,48.6006,16
1329,ok,49.2748,49.2748,16
13290,ok,42.3143,42.3143,25
13291,ok,47.3093,47.3093,19
13292,ok,39.7656,39.7656,24
13293,ok,31.0867,31.0867,36
13294,ok,40.6710,40.6710,23
13295,ok,44.1978,44.1978,37
13296,ok,39.0597,39.0597,19
13297,ok,43.7472,43.7472,18
13298,ok,32.7333,32.7333,15
13299,ok,36.7177,36.7177,11
133,ok,49.1939,49.1939,26
1330,ok,49.8928,49.8928,27
13300,ok,46.3812,46.3812,39
13301,ok,36.5785,36.5785,32
13302,ok,47.5150,47.5150,32
13303,ok,49.0955,49.0955,15
13304,ok,43.2716,43.2716,30
13305,ok,40.0847,40.0847,25
13306,ok,45.9475,45.9475,18
13307,ok,33.4979,33.4979,18
13308,ok,44.8661,44.8661,10
13309,ok,37.0593,37.0593,38
1331,ok,50.8881,45.6337,24
13310,ok,48.6244,48.6244,19
13311,ok,49.7945,49.7945,15
13312,ok,32.6665,32.6665,37
13313,ok,48.2219,48.2219,21
13314,ok,48.6462,48.6462,17
13315,ok,34.6351,34.6351,36
13316,ok,43.7138,43.7138,40
13317,ok,44.6648,39.7940,20
13318,ok,45.4221,44.9703,24
13319,ok,46.3396,46.3396,18
1332,ok,33.6656,33.5206,30
13320,ok,47.3193,47.3193,30
13321,ok,38.1513,38.1513,20
13322,ok,26.9551,26.9551,24
13323,ok,49.2276,49.2276,24
13324,ok,33.1815,31.7257,13
13325,ok,47.9429,47.9429,26
13326,ok,44.1843,44.1843,49
13327,ok,49.1004,49.1004,27
13328,ok,46.6278,46.6278,22
13329,ok,49.1766,49.1766,15
1333,ok,38.0231,38.0231,21
13330,ok,45.9795,45.9795,25
13331,ok,47.1841,47.1841,16
13332,ok,34.0190,34.0190,16
13333,ok,47.3413,45.9825,18
13334,ok,46.8464,46.8464,19
13335,ok,44.3485,44.3485,21
13336,ok,47.9859,47.9859,35
13337,ok,45.4558,45.4558,20
13338,ok,48.8161,48.8161,32
13339,ok,28.5950,28.5950,32
1334,ok,32.5370,32.5370,18
13340,ok,41.6657,40.5022,27
13341,ok,36.4152,36.4152,14
13342,ok,49.3330,49.3330,32
13343,ok,42.6137,42.6137,17
13344,ok,35.2155,35.2155,32
13345,ok,47.6880,47.6880,24
13346,ok,33.5940,33.5940,24
13347,ok,49.2095,49.2095,34
13348,ok,41.4115,41.4115,24
13349,ok,19.4303,19.4303,16
1335,ok,46.8904,46.8904,24
13350,ok,44.7442,44.7442,12
13351,ok,34.3607,34.0481,27
13352,ok,49.7647,49.7647,11
13353,ok,26.3070,26.3070,32
13355,ok,40.5055,40.5055,26
13356,ok,44.0597,44.0597,12
13357,ok,39.9948,39.9948,29
13358,ok,38.3977,38.3392,11
13359,ok,49.3105,49.3105,16
13360,ok,22.1959,22.1959,13
13361,ok,45.2883,45.2883,32
13362,ok,45.8186,44.4368,14
13363,ok,42.3580,42.3580,13
13364,ok,37.4142,37.4142,14
13365,ok,42.4123,42.4123,22
13366,ok,46.5853,46.5853,12
13367,ok,45.4551,45.4551,27
13368,ok,39.7581,39.7581,18
13369,ok,47.3941,47.3941,16
1337,ok,45.8784,45.8784,31
13370,ok,27.7248,27.7248,15
13371,ok,36.0846,36.0846,26
13372,ok,48.1073,48.1073,26
13373,ok,34.3533,34.3533,22
13374,ok,26.4840,26.4840,18
13375,ok,34.7552,34.7552,37
13376,ok,24.6550,24.6550,15
13377,ok,49.6242,49.6242,18
13378,ok,41.9677,41.9677,36
13379,ok,23.0842,23.0842,38
1338,ok,46.6437,46.6437,20
13380,ok,31.2774,31.2774,33
13381,ok,43.4469,43.4469,17
13382,ok,38.4696,38.4696,17
13383,ok,37.8480,37.8480,20
13384,ok,49.6840,49.6840,12
13385,ok,26.1184,26.1184,9
13386,ok,42.5928,42.5928,26
13387,ok,33.4273,33.4273,26
13388,ok,54.3978,48.4656,22
13389,ok,48.0801,48.0801,22
1339,ok,40.0571,40.0571,14
13390,ok,47.5836,47.5801,31
13391,ok,43.7629,43.7629,44
13392,ok,40.5711,40.5711,30
13393,ok,41.9650,41.9650,20
13394,ok,26.3516,26.3516,31
13395,ok,47.4179,47.4179,25
13396,ok,51.1932,49.6708,24
13397,ok,49.8667,49.8667,45
13398,ok,32.1481,32.1481,38
13399,ok,34.2808,34.2808,34
134,ok,45.5625,45.5625,20
1340,ok,40.2023,40.2023,30
13400,ok,47.6060,47.6060,26
13401,ok,41.7062,41.7062,27
13402,ok,36.7639,36.7639,12
13403,ok,32.4829,32.4829,43
13404,ok,42.6377,42.6377,25
13405,ok,27.9696,27.9696,31
13406,ok,35.5945,35.5945,18
13407,ok,37.9277,37.9277,17
13408,ok,35.2666,35.2666,24
13409,ok,45.8277,45.8277,28
13410,ok,31.1324,31.1324,19
13411,ok,42.8647,42.8647,24
13412,ok,40.5230,40.5230,15
13413,ok,40.1161,40.1161,16
13414,ok,43.9917,43.9917,10
13415,ok,42.3018,42.3018,22
13416,ok,42.9132,42.9132,32
13417,ok,41.8618,41.8618,36
13418,ok,42.5632,42.5632,20
13419,ok,36.2008,36.2008,13
1342,ok,39.5117,39.5117,25
13420,ok,35.7627,35.7627,21
13421,ok,39.7053,39.7053,19
13422,ok,39.2573,39.2573,31
13423,ok,53.6301,47.7816,19
13424,ok,17.5996,17.5996,28
13425,ok,35.8277,35.8277,17
13426,ok,41.9176,41.9176,16
13427,ok,49.5798,49.5798,22
13428,ok,35.7984,35.7984,11
13429,ok,25.7742,25.7742,12
1343,ok,48.3107,48.3107,19
13430,ok,47.7240,47.7240,10
13431,ok,41.3697,41.3697,19
13432,ok,44.2474,44.2474,26
13433,ok,24.9429,24.9429,26
13434,ok,33.9127,30.2144,25
13435,ok,44.7645,44.7645,33
13436,ok,32.8813,32.8813,33
13437,ok,39.6267,39.6267,25
13438,ok,36.6391,36.6391,18
13439,ok,27.5748,27.5748,11
1344,ok,49.6911,48.6405,29
13440,ok,16.9078,16.7167,24
13441,ok,45.2047,43.4874,23
13442,ok,47.7080,47.7080,19
13443,ok,47.0710,47.0710,25
13444,ok,47.3753,47.3753,14
13445,ok,33.9321,33.9321,30
13446,ok,38.8864,38.8864,30
13447,ok,42.9826,42.9826,19
13448,ok,47.3028,47.3028,12
13449,ok,83.2878,40.9293,25
1345,ok,48.0754,48.0754,19
13450,ok,48.7125,48.7125,12
13451,ok,44.4315,44.4315,32
13452,ok,47.2440,47.2440,33
13453,ok,23.2818,23.2818,32
13454,ok,42.2537,42.2537,17
13455,ok,47.0476,47.0476,28
13456,ok,45.0106,45.0106,19
13457,ok,37.7592,37.7592,29
13458,ok,44.4556,44.4556,18
13459,ok,33.8020,33.8020,36
1346,ok,26.8283,26.8283,26
13460,ok,46.6661,46.6661,20
13461,ok,34.4835,34.2436,38
13462,ok,22.3416,22.3416,18
13463,ok,33.8774,33.8774,25
13464,ok,30.0757,30.0757,19
13465,ok,35.7384,35.7384,22
13466,ok,38.8938,38.8938,35
13467,ok,44.4834,44.4834,27
13468,ok,39.9294,39.9294,23
13469,ok,45.6340,45.6340,39
1347,ok,48.1751,48.1751,12
13470,ok,37.3998,37.3998,37
13471,ok,49.4775,49.4775,24
13472,ok,45.2320,45.2320,39
13473,ok,49.1057,49.1057,36
13474,ok,29.2936,29.2936,35
13475,ok,24.2168,24.2168,11
13476,ok,47.1851,47.1851,20
13477,ok,49.8362,49.8362,21
13478,ok,42.6343,42.6343,29
13479,ok,44.5166,44.5166,21
1348,ok,49.8526,49.8526,35
13480,ok,38.7861,38.7861,23
13481,ok,32.2860,32.2860,21
13482,ok,35.4367,35.4367,33
13483,ok,43.4415,43.4415,24
13484,ok,40.7365,36.7375,13
13485,ok,38.7490,38.7490,27
13486,ok,43.0832,43.0832,27
13487,ok,48.5875,48.5875,10
13488,ok,26.7747,26.7747,19
1349,ok,26.8854,26.8854,24
13490,ok,42.4360,42.4360,51
13491,ok,43.8128,43.8128,15
13492,ok,43.7907,43.7907,24
13493,ok,43.2507,43.2507,24
13494,ok,41.7173,41.7173,21
13495,ok,31.6343,30.3806,19
13496,ok,46.1981,46.1981,21
13497,ok,43.3058,43.3058,10
13498,ok,49.0110,49.0110,20
13499,ok,44.9980,40.1887,22
135,ok,44.1907,44.1907,14
1350,ok,49.6433,49.6433,20
13500,ok,45.8396,45.8396,14
13501,ok,46.5845,46.5845,29
13502,ok,49.3268,49.3268,23
13503,ok,21.8818,21.8818,30
13504,ok,45.5686,45.5686,34
13505,ok,49.5164,49.5164,23
13506,ok,17.2491,16.7841,37
13507,ok,44.9814,44.9814,25
13508,ok,34.6250,34.6250,16
13509,ok,17.1532,17.1532,27
1351,ok,42.5144,42.5144,27
13510,ok,50.0915,49.2397,11
13511,ok,22.4506,22.4506,16
13512,ok,45.4800,45.4800,30
13513,ok,30.4605,30.4605,20
13514,ok,45.9363,45.9363,31
13515,ok,41.2107,41.2107,33
13516,ok,30.3115,30.3115,23
13517,ok,38.1104,38.1104,27
13518,ok,43.1234,43.1234,28
13519,ok,17.2540,17.2540,30
1352,ok,43.6191,43.3442,23
13520,ok,43.2573,43.2573,19
13521,ok,42.5822,42.5822,15
13522,ok,38.0255,38.0255,19
13523,ok,36.7481,36.7481,12
13524,ok,48.7722,48.7722,43
13525,ok,36.1085,36.1085,23
13526,ok,43.6520,43.6520,37
13527,ok,37.9970,37.9970,17
13528,ok,49.8502,49.8502,31
13529,ok,44.4704,44.4704,18
1353,ok,34.5867,34.5867,29
13530,ok,41.3892,41.3892,17
13531,ok,44.0070,44.0070,20
13532,ok,41.9612,41.9612,20
13533,ok,39.9620,39.9620,18
13534,ok,28.8137,28.8137,27
13535,ok,49.9427,49.9427,21
13536,ok,48.4088,48.4088,18
13537,ok,41.1040,41.1040,34
13538,ok,49.1906,49.1906,31
13539,ok,36.2913,36.2913,11
1354,ok,48.6716,48.6716,23
13540,ok,46.3567,46.3567,24
13541,ok,48.7430,48.7430,20
13542,ok,26.4229,26.4229,29
13543,ok,44.2283,44.2283,23
13544,ok,27.6646,27.6646,23
13546,ok,48.3329,48.3329,17
13547,ok,42.7693,42.7693,32
13548,ok,35.8818,35.8818,28
13549,ok,55.3701,49.3319,35
1355,ok,43.3520,43.3520,21
13550,ok,43.5713,43.5713,16
13551,ok,32.4218,32.4218,28
13552,ok,25.6835,25.6835,12
13553,ok,48.8411,48.8411,41
13554,ok,35.2797,35.2797,40
13555,ok,40.1181,40.1181,32
13556,ok,47.5299,47.5299,15
13557,ok,38.9409,38.9409,29
13558,ok,37.1135,37.1135,21
13559,ok,37.0983,36.8936,36
1356,ok,42.6518,42.6518,18
13560,ok,47.9261,47.9261,29
13561,ok,38.8488,38.8488,22
13562,ok,39.4058,39.4058,33
13563,ok,30.0371,30.0371,44
13564,ok,44.2764,43.2122,18
13565,ok,33.7900,33.7900,12
13566,ok,37.6973,37.6973,30
13567,ok,47.4490,47.4490,30
13568,ok,36.5628,36.5628,31
13569,ok,47.9564,47.9564,21
1357,ok,47.8278,47.8278,25
13570,ok,39.3474,35.0564,42
13571,ok,44.8927,44.8927,32
13572,ok,46.7551,46.7551,16
13573,ok,47.0968,47.0968,16
13574,ok,46.0842,46.0842,15
13575,ok,28.3208,28.3208,15
13576,ok,43.7707,43.7707,17
13577,ok,49.0686,49.0686,23
13578,ok,47.0131,47.0131,15
13579,ok,43.0201,43.0201,32
1358,ok,44.0816,44.0816,13
13580,ok,45.7983,45.7983,16
13581,ok,26.0607,26.0607,23
13582,ok,37.1946,37.1946,27
13583,ok,40.0706,40.0706,24
13584,ok,42.3515,42.3515,21
13585,ok,42.0577,42.0577,13
13586,ok,33.0113,33.0113,17
13587,ok,28.3861,28.3861,9
13588,ok,49.3647,49.3647,21
13589,ok,26.6420,26.6419,27
1359,ok,46.7049,46.7049,15
13590,ok,35.3361,35.3361,29
13591,ok,46.0832,46.0832,11
13592,ok,35.2630,35.2630,32
13593,ok,49.1493,49.1493,19
13594,ok,44.9782,44.9782,31
13595,ok,37.3211,37.3211,20
13596,ok,50.7794,49.9171,29
13597,ok,45.0961,45.0961,26
13598,ok,43.3273,43.3273,39
13599,ok,40.5962,40.5962,32
136,ok,16.8735,16.8735,15
1360,ok,25.6254,25.6254,21
13600,ok,34.3343,34.3343,34
13601,ok,45.0096,45.0096,15
13602,ok,23.2149,23.2149,13
13603,ok,25.3697,25.3697,18
13604,ok,43.4920,43.4920,25
13605,ok,27.5377,27.5377,44
13606,ok,28.2068,28.2068,13
13607,ok,45.4530,45.4530,25
13608,ok,37.9623,37.9623,28
13609,ok,42.2007,42.2007,35
1361,ok,40.5857,40.5857,21
13610,ok,31.2404,31.2404,17
13611,ok,45.4118,45.4118,34
13612,ok,40.8504,40.8504,26
13613,ok,43.2491,43.2491,27
13614,ok,44.2456,44.2456,19
13616,ok,24.5783,24.5783,26
13617,ok,31.6754,31.2805,27
13618,ok,36.5240,36.5240,28
13619,ok,49.7895,49.7895,22
1362,ok,25.1779,25.1779,16
13620,ok,48.5916,48.5916,22
13621,ok,40.4234,40.4234,18
13622,ok,44.5786,44.5786,22
13623,ok,49.6388,49.6388,14
13624,ok,46.7674,46.7674,24
13625,ok,46.6460,46.6460,13
13626,ok,38.6529,38.6529,23
13627,ok,30.5922,30.5922,26
13628,ok,48.8393,43.3237,44
13629,ok,35.0454,35.0454,23
1363,ok,26.8028,26.8028,20
13630,ok,25.5378,25.5378,30
13631,ok,41.6556,41.6556,27
13632,ok,35.9719,35.9719,31
13633,ok,48.7391,48.7391,27
13634,ok,42.1243,42.1243,28
13635,ok,27.3760,27.3760,27
13636,ok,29.9815,29.9815,14
13637,ok,45.2395,45.2395,13
13638,ok,38.0143,38.0143,12
13639,ok,37.6953,37.6953,26
1364,ok,47.7213,47.7213,28
13640,ok,39.9883,39.9883,9
13641,ok,32.9242,32.9242,25
13642,ok,36.7299,35.6656,29
13643,ok,45.5072,45.5072,28
13644,ok,30.7359,30.7359,19
13645,ok,42.8385,42.8385,13
13646,ok,46.2962,46.2962,16
13647,ok,41.8493,41.8493,16
13648,ok,47.9353,47.9353,20
13649,ok,35.0776,35.0776,28
1365,ok,20.6582,20.6582,18
13650,ok,42.4016,42.4016,19
13651,ok,32.6452,32.6452,34
13652,ok,46.5671,46.5671,26
13653,ok,42.3787,42.3787,33
13654,ok,20.2642,20.2642,31
13655,ok,40.0650,40.0650,38
13656,ok,43.1418,43.1418,33
13657,ok,47.9636,47.9636,17
13658,ok,49.7448,49.7448,28
13659,ok,33.2340,33.2340,21
1366,ok,38.9053,38.9053,33
13660,ok,44.3826,44.3826,27
13661,ok,22.2292,22.2292,47
13662,ok,48.9395,48.9395,33
13663,ok,49.7302,49.7302,24
13664,ok,45.2246,45.2246,22
13665,ok,33.3436,33.3436,31
13666,ok,47.6278,47.6278,17
13667,ok,47.5429,47.5429,25
13668,ok,33.2384,33.2384,21
13669,ok,42.7538,42.7538,12
1367,ok,32.5262,32.5262,29
13670,ok,29.8655,29.8655,8
13671,ok,41.0084,41.0084,35
13672,ok,49.4013,49.4013,36
13673,ok,47.5766,47.5766,32
13674,ok,48.0016,48.0016,17
13675,ok,35.9155,35.9155,18
13676,ok,46.7824,46.7824,19
13677,ok,44.6997,44.6997,27
13678,ok,41.9464,41.9464,26
13679,ok,22.2563,22.2563,28
1368,ok,30.6186,29.8223,26
13680,ok,44.7085,44.7085,14
13681,ok,32.3964,32.3964,20
13682,ok,34.3286,34.3286,19
13683,ok,41.2955,41.2955,29
13684,ok,49.6122,49.6122,12
13685,ok,42.4843,42.4843,29
13686,ok,38.2543,38.2543,12
13687,ok,34.1596,34.1596,31
13688,ok,48.4112,48.4112,22
13689,ok,47.5185,47.5185,24
1369,ok,36.3248,36.3248,22
13690,ok,38.3755,38.3755,20
13692,ok,27.5163,27.5163,18
13693,ok,33.6510,33.6510,31
13694,ok,31.9079,31.9079,24
13695,ok,48.5893,48.5893,23
13696,ok,46.4659,46.4659,23
13697,ok,48.8738,48.8738,17
13698,ok,38.4255,37.2417,16
13699,ok,42.6617,42.6617,27
137,ok,43.4214,43.4214,17
1370,ok,48.7720,48.7720,12
13700,ok,48.3904,48.3904,17
13701,ok,49.7528,49.7528,31
13702,ok,36.3629,36.3629,25
13703,ok,43.5807,43.5807,21
13704,ok,43.3741,41.0663,31
13705,ok,25.2388,25.2388,20
13706,ok,46.8464,46.8464,16
13707,ok,30.8734,30.8734,30
13708,ok,48.9053,48.9053,25
13709,ok,22.1869,22.1869,14
1371,ok,37.1660,37.1660,24
13710,ok,48.3237,48.3237,18
13711,ok,43.2900,43.2900,21
13712,ok,48.7944,48.3169,26
13713,ok,36.7152,36.7152,28
13714,ok,39.6167,39.6167,35
13715,ok,37.4485,37.4485,24
13716,ok,43.7080,43.7080,24
13717,ok,47.1888,47.1888,31
13718,ok,47.6609,47.6609,35
13719,ok,46.5145,44.3062,32
1372,ok,40.3077,40.3077,15
13720,ok,41.1979,41.1979,22
13721,ok,45.9137,45.9137,17
13722,ok,49.2461,49.2461,22
13723,ok,37.1487,37.1487,35
13724,ok,47.4606,47.4606,28
13725,ok,24.4821,24.4821,21
13726,ok,38.8367,38.8367,29
13727,ok,36.2732,36.2732,25
13728,ok,43.5437,43.5437,30
13729,ok,49.0163,49.0163,16
1373,ok,46.8175,46.8175,37
13730,ok,44.1503,44.1503,13
13731,ok,44.8268,44.8268,18
13732,ok,29.7741,29.7741,18
13733,ok,38.0038,38.0038,15
13734,ok,40.1782,40.1782,30
13735,ok,42.7781,41.6281,12
13736,ok,44.4649,44.4649,39
13737,ok,51.5217,48.4270,20
13738,ok,39.0646,39.0646,17
13739,ok,45.1778,45.1778,27
1374,ok,26.2179,26.2179,16
13740,ok,29.4208,29.4208,41
13741,ok,40.6271,40.6271,28
13742,ok,37.0014,37.0014,20
13743,ok,46.6002,46.6002,20
13744,ok,37.0833,37.0833,14
13745,ok,25.2653,25.2653,23
13746,ok,27.1250,27.1250,24
13747,ok,38.7205,38.7205,26
13748,ok,34.7280,34.7280,33
13749,ok,49.3933,49.3933,29
1375,ok,37.5889,37.5889,8
13750,ok,50.1292,49.2083,20
13751,ok,46.3185,46.3185,21
13752,ok,38.7033,38.7033,15
13753,ok,41.0954,41.0954,19
13754,ok,41.4167,41.4167,22
13755,ok,32.0212,32.0212,34
13756,ok,45.1722,45.1722,33
13757,ok,33.3750,33.3750,21
13758,ok,39.7482,39.7482,8
13759,ok,40.4637,40.4637,40
1376,ok,42.2588,42.2588,17
13760,ok,47.9665,47.9665,22
13761,ok,43.7855,43.7855,16
13762,ok,35.9645,35.9645,28
13763,ok,42.0607,41.4164,38
13764,ok,49.3310,49.3310,33
13765,ok,34.7240,34.7240,35
13766,ok,48.7372,48.7372,22
13767,ok,48.3328,48.3328,26
13768,ok,47.2364,47.2364,24
13769,ok,43.7745,43.7745,26
1377,ok,42.8430,42.8430,9
13770,ok,37.1933,37.1933,21
13771,ok,45.7295,45.7295,29
13772,ok,23.5382,23.5382,13
13773,ok,40.8337,40.8337,14
13774,ok,41.3410,41.3410,28
13775,ok,52.1819,46.4914,24
13776,ok,32.7140,32.7140,31
13777,ok,42.6731,42.6731,14
13778,ok,49.8174,49.8174,32
13779,ok,46.3742,46.3742,38
1378,ok,42.9382,42.9382,20
13780,ok,45.2736,45.2736,39
13781,ok,42.4282,37.8013,27
13782,ok,32.9487,32.7606,24
13783,ok,46.1042,46.1042,24
13784,ok,40.1214,40.1214,26
13785,ok,44.9158,44.9158,19
13786,ok,46.8821,46.8821,21
13787,ok,41.2095,41.2095,43
13788,ok,15.4492,15.4492,18
13789,ok,43.9728,43.9728,23
1379,ok,27.6773,27.6773,31
13790,ok,36.8604,36.8604,25
13791,ok,33.9065,33.9065,15
13792,ok,40.0634,40.0634,34
13793,ok,47.6078,47.6078,24
13794,ok,38.1603,38.1603,19
13795,ok,35.9518,35.9518,24
13796,ok,49.3126,49.3126,22
13797,ok,39.1356,39.0356,28
13798,ok,36.3168,36.3168,18
13799,ok,46.1209,46.1209,16
138,ok,37.5994,37.5994,39
1380,ok,27.5619,27.5619,21
13800,ok,33.8642,33.8642,19
13801,ok,48.9123,48.4798,30
13802,ok,45.1482,45.1482,20
13803,ok,41.9390,41.9390,11
13804,ok,44.8380,44.8380,24
13805,ok,33.3838,33.3838,21
13806,ok,49.7772,49.7772,21
13807,ok,33.7174,33.7174,33
13808,ok,29.9032,29.9032,17
13809,ok,24.3493,24.3493,24
1381,ok,42.8462,42.8462,32
13810,ok,39.6467,39.6467,20
13811,ok,38.1849,38.1849,19
13812,ok,42.8416,42.8416,22
13813,ok,46.4557,46.4557,40
13814,ok,45.0081,45.0081,19
13815,ok,45.7867,45.7867,32
13816,ok,28.9060,28.9060,28
13817,ok,28.2199,28.2199,15
13818,ok,42.7763,42.7763,12
1382,ok,49.7390,49.7390,20
13820,ok,44.5294,44.5294,23
13821,ok,36.4819,36.4819,21
13822,ok,47.7469,45.2708,35
13823,ok,48.8057,48.8057,10
13824,ok,37.8402,37.8402,24
13825,ok,45.9719,45.9719,38
13826,ok,32.6066,32.6066,12
13827,ok,34.7305,34.7305,21
13828,ok,36.2136,36.2136,27
13829,ok,43.1805,43.1805,14
1383,ok,43.7140,43.7140,36
13830,ok,49.1061,47.5477,27
13831,ok,49.7658,49.7658,10
13832,ok,37.9894,37.9894,20
13833,ok,33.7541,33.7541,9
13834,ok,42.1349,42.1349,31
13835,ok,40.4028,40.4028,41
13836,ok,32.2508,32.2508,26
13837,ok,44.5395,44.5395,13
13838,ok,24.3624,24.3624,17
13839,ok,41.0415,41.0415,27
1384,ok,36.5532,36.5532,11
13840,ok,44.1308,44.1308,20
13841,ok,35.8689,35.8689,45
13842,ok,37.8626,37.8626,21
13843,ok,49.3308,49.3308,27
13844,ok,24.0276,24.0276,28
13845,ok,29.1434,29.1434,15
13846,ok,47.0953,47.0953,24
13847,ok,32.3821,32.3821,45
13848,ok,46.6760,46.6760,15
13849,ok,39.1759,39.1759,27
1385,ok,48.1769,48.1769,40
13850,ok,39.3813,39.3813,26
13851,ok,25.5998,22.8081,23
13852,ok,39.3730,39.3730,18
13853,ok,44.6143,44.6143,10
13854,ok,30.2175,30.2175,22
13855,ok,38.7021,38.7021,26
13856,ok,48.8235,48.8235,24
13857,ok,39.5689,39.5689,36
13858,ok,40.2120,39.9299,14
13859,ok,47.9804,47.9804,20
1386,ok,36.1233,36.1232,42
13860,ok,20.1846,20.1846,19
13861,ok,41.9915,41.9915,14
13862,ok,46.2404,46.2404,20
13863,ok,49.4339,49.4339,17
13864,ok,16.7835,16.7835,19
13865,ok,23.2971,23.2971,38
13866,ok,45.3763,45.3763,14
13867,ok,48.5173,48.5173,20
13868,ok,48.7395,48.7395,25
13869,ok,5611.2394,254.8013,37
1387,ok,26.8739,26.8739,18
13870,ok,31.0724,31.0724,25
13871,ok,44.3553,44.3553,26
13872,ok,41.9031,40.5768,29
13873,ok,39.7305,39.7305,19
13874,ok,41.2635,41.2635,17
13875,ok,40.2693,40.2693,24
13876,ok,45.0839,45.0839,43
13877,ok,46.6953,46.6953,30
13878,ok,49.8934,49.8934,17
13879,ok,36.8413,36.8413,40
1388,ok,43.1569,43.1569,43
13880,ok,48.0446,48.0446,16
13881,ok,39.5779,39.5779,36
13882,ok,37.7781,37.7781,28
13883,ok,39.8762,39.8762,17
13884,ok,38.4252,38.4252,26
13885,ok,22.0453,22.0453,27
13886,ok,40.0764,40.0764,26
13887,ok,44.6164,44.6164,17
13888,ok,48.1378,47.7525,32
13889,ok,22.5282,22.5282,17
1389,ok,28.4264,28.4264,18
13890,ok,44.1720,44.1720,30
13891,ok,46.9785,46.9785,18
13892,ok,48.7919,48.7919,34
13894,ok,29.3610,29.3610,26
13895,ok,47.0263,47.0263,26
13896,ok,40.5941,40.5941,27
13897,ok,48.4679,48.4679,37
13898,ok,39.1087,39.1087,30
13899,ok,49.7975,44.3670,21
139,ok,39.7294,39.7294,33
1390,ok,47.1956,47.1956,16
13900,ok,52.1214,46.4375,23
13901,ok,45.7045,45.7045,18
13902,ok,39.5031,39.5031,16
13903,ok,45.6552,45.6552,29
13904,ok,41.8633,41.8633,17
13905,ok,38.9608,38.9608,22
13906,ok,22.2546,22.2546,19
13907,ok,47.5568,47.5568,19
13908,ok,32.1591,32.1591,40
13909,ok,48.6903,48.6903,18
1391,ok,43.6842,43.6842,35
13910,ok,49.5331,49.5331,28
13911,ok,40.5204,40.5204,32
13912,ok,38.7754,38.7754,21
13913,ok,26.9708,26.9708,14
13914,ok,27.6313,27.6313,23
13915,ok,39.8353,39.8353,32
13916,ok,49.5456,49.5456,11
13917,ok,39.0267,39.0267,35
13918,ok,29.3143,29.3143,23
13919,ok,47.3178,47.3178,35
1392,ok,38.8821,38.8821,35
13920,ok,33.6720,33.6720,19
13921,ok,47.9211,47.9211,14
13922,ok,29.7291,29.7291,21
13923,ok,38.1988,38.1988,44
13924,ok,47.6170,47.6170,30
13925,ok,45.8768,45.8768,30
13926,ok,42.1157,42.1157,36
13927,ok,46.6073,46.6073,30
13928,ok,34.9155,34.9155,12
13929,ok,40.3619,40.3619,16
1393,ok,46.5728,46.5728,39
13930,ok,49.3030,49.3030,27
13931,ok,43.0805,43.0805,33
13932,ok,31.1372,31.1372,21
13933,ok,49.1127,49.1127,22
13934,ok,46.6056,46.6056,28
13935,ok,37.7266,37.7266,28
13936,ok,30.6422,30.6422,24
13937,ok,43.6694,43.6694,15
13938,ok,43.5978,43.5978,31
13939,ok,44.7664,44.7664,18
1394,ok,43.9467,43.9467,20
13941,ok,32.0530,32.0530,28
13942,ok,44.8980,44.8980,18
13943,ok,31.9651,31.9651,9
13944,ok,42.0741,42.0741,21
13945,ok,42.0605,42.0605,20
13946,ok,46.8192,46.8192,19
13947,ok,49.3008,49.3008,24
13948,ok,46.1852,46.1852,23
13949,ok,40.8432,40.8432,26
1395,ok,27.9063,27.9063,17
13950,ok,25.0057,25.0057,32
13951,ok,38.1607,38.1607,15
13953,ok,30.8695,30.8695,16
13954,ok,44.9632,44.9632,18
13955,ok,32.7328,32.7328,14
13957,ok,42.7188,42.7188,15
13958,ok,49.1708,49.1708,12
13959,ok,46.7227,46.7227,25
1396,ok,35.2156,35.2156,12
13960,ok,30.0194,30.0194,39
13961,ok,31.5495,31.5495,20
13962,ok,38.9875,38.9875,17
13963,ok,44.7713,44.7713,32
13964,ok,33.3695,33.3695,24
13965,ok,40.3447,40.3447,29
13966,ok,48.4796,48.4796,12
13967,ok,48.2597,48.2597,23
13968,ok,2594.2239,51.9621,21
13969,ok,46.0676,46.0676,42
1397,ok,41.2335,41.2335,30
13970,ok,47.3763,47.3763,11
13971,ok,28.1821,28.1821,37
13972,ok,43.7140,43.7140,20
13973,ok,46.0058,46.0058,18
13974,ok,46.3210,46.3210,24
13975,ok,39.9877,39.9877,17
13976,ok,27.8325,27.8325,18
13977,ok,33.2199,33.2199,12
13978,ok,47.8975,47.8975,27
13979,ok,36.6791,36.6791,31
1398,ok,48.3834,48.3834,22
13980,ok,48.3961,48.3961,26
13981,ok,37.6450,37.6450,13
13982,ok,41.9482,41.9482,25
13983,ok,32.4539,32.4539,18
13984,ok,33.0155,33.0155,22
13985,ok,43.5744,43.5744,31
13986,ok,49.7606,49.7606,27
13987,ok,33.3632,33.3632,21
13988,ok,31.5248,31.2609,18
13989,ok,30.1919,30.1919,11
1399,ok,36.2313,36.2313,15
13990,ok,41.3376,41.3376,23
13991,ok,43.2955,43.2955,24
13992,ok,44.4011,44.4011,25
13993,ok,30.3355,30.3355,27
13994,ok,24.3533,24.3533,35
13995,ok,39.7170,39.7170,16
13996,ok,38.8131,38.8131,28
13997,ok,38.2663,38.2663,37
13998,ok,37.3546,37.3546,14
13999,ok,46.8352,46.8352,19
14,ok,44.8750,44.8750,25
140,ok,40.1879,40.1879,13
1400,ok,45.7721,45.7710,36
14000,ok,48.7732,48.7732,20
14001,ok,45.8934,45.8934,18
14002,ok,42.0767,42.0767,30
14003,ok,32.7043,32.7043,19
14004,ok,48.0516,48.0516,29
14005,ok,40.5467,40.5467,39
14006,ok,47.3262,47.3262,22
14007,ok,34.8865,34.8865,32
14008,ok,27.1388,27.1388,28
14009,ok,40.2253,35.8387,23
1401,ok,30.3516,30.3516,18
14010,ok,24.6970,24.6970,17
14012,ok,20.9648,20.9648,36
14013,ok,42.1287,42.1287,17
14014,ok,39.0451,39.0451,27
14015,ok,47.5791,47.5791,20
14016,ok,48.2256,48.2256,38
14017,ok,47.7088,47.7088,19
14018,ok,36.0792,36.0792,29
14019,ok,48.7480,48.7480,17
1402,ok,30.7717,30.7717,24
14020,ok,38.0760,38.0760,21
14021,ok,43.0933,43.0933,30
14022,ok,46.0810,46.0810,29
14023,ok,47.3285,47.3285,16
14024,ok,47.0998,47.0998,14
14025,ok,37.7018,37.7018,17
14026,ok,40.7474,40.7474,21
14027,ok,43.5903,43.5903,27
14028,ok,37.7920,37.7920,15
14029,ok,45.1133,45.1133,23
1403,ok,24.6133,24.6133,31
14030,ok,41.3635,41.3635,23
14031,ok,31.2820,31.2820,22
14032,ok,45.4431,45.4431,25
14033,ok,25.8010,25.8010,18
14034,ok,42.8025,42.8025,21
14035,ok,45.9649,45.9649,25
14036,ok,45.2113,45.2113,33
14037,ok,32.7846,32.7846,20
14038,ok,37.4743,37.4743,38
14039,ok,46.7753,46.7753,25
1404,ok,27.4159,27.4159,16
14040,ok,32.4211,32.4211,25
14041,ok,25.6508,25.6508,43
14042,ok,37.7077,37.7077,17
14043,ok,45.8687,45.8687,21
14044,ok,45.5634,45.5634,17
14045,ok,47.3962,47.3962,22
14046,ok,24.3437,24.3437,30
14047,ok,41.5046,41.5046,34
14048,ok,41.0086,41.0086,42
14049,ok,32.7805,32.2686,29
1405,ok,39.6104,35.2908,22
14050,ok,41.3129,41.3129,22
14051,ok,45.3117,45.3117,20
14052,ok,39.2898,39.2898,19
14053,ok,49.5404,49.5404,13
14054,ok,44.7950,44.7950,23
14055,ok,15.7621,15.7621,28
14056,ok,16.8847,16.8847,20
14057,ok,35.1864,35.1864,24
14058,ok,38.6508,38.6508,39
14059,ok,40.1663,40.1663,39
1406,ok,37.2514,37.2514,15
14060,ok,38.8411,38.8411,24
14061,ok,48.9232,48.9232,36
14062,ok,49.9526,49.9526,27
14063,ok,44.8234,44.8234,17
14064,ok,44.7156,44.7156,38
14065,ok,48.7464,48.7464,21
14066,ok,46.0052,46.0052,17
14067,ok,45.7094,45.7094,32
14068,ok,42.6762,42.6762,23
14069,ok,44.9747,44.9747,20
1407,ok,35.9828,35.9828,18
14070,ok,44.9612,44.9612,20
14071,ok,49.2915,49.2915,27
14072,ok,45.7297,45.7297,19
14073,ok,44.6912,44.6912,26
14074,ok,45.5840,45.5840,15
14075,ok,45.0037,45.0037,43
14076,ok,44.9466,44.9466,30
14077,ok,36.1228,36.1228,48
14078,ok,29.5073,29.5073,39
14079,ok,45.6947,45.6947,16
1408,ok,49.6756,49.6756,23
14080,ok,48.1942,48.1942,23
14081,ok,26.2099,26.2099,40
14082,ok,22.0540,22.0540,25
14083,ok,51.0478,45.4809,11
14084,ok,49.2278,49.2278,21
14085,ok,27.7455,27.4414,17
14086,ok,46.9939,46.9939,19
14087,ok,47.5299,47.5299,19
14088,ok,41.5731,41.5731,25
14089,ok,20.6067,20.6067,20
1409,ok,36.9245,33.2391,11
14090,ok,44.8849,44.0193,13
14091,ok,25.5617,25.5617,19
14092,ok,40.5369,40.5369,14
14093,ok,18.6109,18.6109,10
14094,ok,33.5294,33.5294,21
14095,ok,44.8196,44.8196,24
14096,ok,30.7315,30.7315,24
14097,ok,33.6943,33.6943,10
14098,ok,48.2390,48.2390,25
14099,ok,28.5902,28.5902,37
141,ok,38.1357,38.1357,33
1410,ok,44.2274,44.2274,21
14100,ok,40.6066,40.6066,41
14101,ok,36.8115,36.8115,31
14102,ok,48.7335,48.7335,30
14103,ok,30.6786,30.6786,35
14104,ok,44.8670,44.8670,41
14105,ok,40.4454,40.4454,39
14106,ok,37.2736,37.2736,23
14107,ok,24.4588,24.4588,29
14108,ok,30.7106,30.7106,26
14109,ok,36.8141,36.8141,37
1411,ok,45.1782,45.1782,19
14110,ok,18.4412,18.4412,23
14111,ok,49.9731,49.9731,28
14112,ok,36.5255,36.5255,37
14113,ok,36.1307,32.1906,21
14114,ok,49.9863,49.9863,14
14115,ok,37.5806,37.5806,29
14116,ok,41.2504,41.2504,16
14117,ok,44.9819,44.9819,20
14118,ok,33.9764,33.9764,39
14119,ok,48.3028,48.3028,20
1412,ok,48.0330,48.0330,34
14120,ok,49.2305,49.2305,11
14121,ok,45.3137,45.3137,22
14122,ok,36.5494,36.5494,43
14123,ok,46.1256,46.1256,19
14124,ok,48.3230,48.3230,23
14125,ok,33.6251,33.6251,16
14126,ok,37.6548,36.6070,13
14127,ok,45.5412,45.5412,26
14128,ok,49.1834,49.1834,24
14129,ok,41.3136,41.3136,27
1413,ok,48.5668,48.5668,13
14130,ok,37.3656,37.3656,19
14131,ok,48.1623,48.1623,23
14132,ok,39.0524,39.0524,35
14133,ok,48.0124,48.0124,29
14134,ok,28.8648,28.8648,37
14135,ok,35.8967,35.8967,27
14136,ok,34.2118,34.2118,14
14137,ok,49.5795,49.5795,19
14138,ok,35.8722,35.8722,22
14139,ok,31.9690,31.9690,46
1414,ok,22.1020,22.1020,28
14140,ok,43.9279,43.9279,33
14141,ok,44.9871,44.9871,20
14142,ok,40.9882,40.9881,21
14143,ok,45.7738,45.7738,21
14144,ok,39.3953,39.3953,36
14145,ok,48.3154,48.3154,15
14146,ok,39.1194,39.1194,32
14147,ok,43.7877,43.7877,22
14148,ok,23.2575,23.2575,14
14149,ok,40.6675,40.6675,17
1415,ok,46.8229,46.8229,14
14150,ok,47.3485,47.3485,13
14151,ok,48.6336,48.6336,30
14152,ok,49.3956,49.3956,23
14153,ok,49.2295,49.2295,24
14154,ok,48.7573,48.7573,21
14155,ok,44.3915,44.3915,17
14156,ok,34.7588,34.7588,29
14157,ok,34.8940,34.8940,16
14158,ok,32.6816,32.6816,18
1416,ok,47.4386,47.4386,18
14160,ok,46.6898,46.6898,13
14161,ok,47.9909,47.9909,30
14162,ok,30.5846,30.5846,16
14163,ok,35.6372,35.6372,20
14164,ok,23.8364,23.8364,14
14165,ok,34.6558,34.6558,24
14166,ok,51.1403,48.3248,29
14167,ok,37.1763,37.1763,13
14168,ok,34.8259,34.8259,23
14169,ok,40.8490,39.8647,30
1417,ok,40.2620,40.2620,40
14170,ok,45.6410,45.5891,25
14171,ok,44.2483,44.2483,30
14172,ok,47.1442,47.1442,13
14173,ok,31.8210,31.8210,19
14174,ok,46.0152,43.3692,24
14175,ok,47.6390,47.6390,26
14176,ok,15.2680,15.2680,41
14177,ok,43.3843,43.3843,33
14178,ok,45.1197,45.1197,18
14179,ok,42.9239,42.9239,21
1418,ok,28.9450,28.9450,25
14180,ok,49.8436,49.8436,22
14181,ok,45.7241,45.7241,18
14182,ok,48.8619,48.8619,27
14183,ok,30.2295,30.2295,15
14184,ok,42.6904,42.6904,24
14185,ok,49.1267,48.9133,10
14186,ok,24.6168,24.6168,22
14187,ok,47.5788,47.5788,28
14188,ok,28.2818,28.2818,29
14189,ok,43.8877,43.8877,21
1419,ok,37.0620,37.0620,15
14190,ok,46.9602,41.8391,36
14191,ok,29.9158,29.9158,16
14192,ok,28.9282,28.9282,15
14193,ok,45.7357,45.7357,27
14194,ok,20.3797,20.3797,28
14195,ok,48.1708,48.1708,13
14196,ok,42.0907,42.0907,19
14197,ok,39.1218,39.1218,20
14198,ok,38.0642,38.0642,13
14199,ok,42.7750,42.7750,23
142,ok,44.7984,44.7984,25
1420,ok,41.0008,41.0008,17
14200,ok,43.8620,43.8620,37
14201,ok,44.3923,44.3923,14
14202,ok,49.5805,49.5805,20
14203,ok,38.5827,38.5827,15
14204,ok,37.8619,37.8619,16
14205,ok,47.8807,47.8807,21
14206,ok,35.5758,35.5758,25
14207,ok,31.3039,31.3039,11
14208,ok,44.3294,40.8634,19
14209,ok,43.6103,43.6103,21
1421,ok,41.1336,41.1336,29
14210,ok,42.8261,42.8261,21
14211,ok,38.7212,38.7212,32
14212,ok,36.2678,36.2678,24
14213,ok,41.6992,41.6992,16
14214,ok,32.3911,32.3911,15
14215,ok,23.0912,23.0912,17
14216,ok,37.9573,37.9573,23
14217,ok,24.7164,24.7164,23
14218,ok,31.5773,31.5773,32
14219,ok,45.0272,45.0272,25
1422,ok,39.2794,39.2794,19
14220,ok,20.3093,20.3093,13
14221,ok,41.9277,37.3554,22
14222,ok,24.5075,24.5075,18
14223,ok,44.8350,44.8350,31
14224,ok,40.4559,40.4559,36
14225,ok,48.3728,48.3728,33
14226,ok,23.0900,23.0900,22
14227,ok,43.7632,43.7632,16
14228,ok,46.7003,46.7003,17
14229,ok,45.8466,45.8466,27
1423,ok,46.4004,46.4004,28
14230,ok,46.3644,46.3644,24
14231,ok,48.1808,48.1808,23
14232,ok,45.0593,45.0593,15
14233,ok,40.8441,40.8441,28
14234,ok,49.4935,49.4935,23
14235,ok,46.0012,45.9311,28
14236,ok,46.2331,46.2331,17
14237,ok,44.9206,40.0219,20
14238,ok,26.0280,26.0280,28
14239,ok,32.0455,32.0455,27
1424,ok,128.8261,44.2896,25
14240,ok,43.6085,41.3193,21
14241,ok,38.9400,38.9400,38
14242,ok,28.4047,28.4047,18
14243,ok,26.9843,26.9843,12
14244,ok,33.3250,33.3250,14
14245,ok,46.1868,46.1868,20
14246,ok,43.3268,43.3268,30
14247,ok,35.7322,35.7322,19
14248,ok,46.8881,46.8881,21
14249,ok,47.5275,47.5275,31
1425,ok,35.5020,34.6985,18
14250,ok,38.0374,38.0374,20
14251,ok,32.7697,32.7697,31
14252,ok,49.0794,49.0794,16
14253,ok,48.1243,48.1243,17
14254,ok,43.5356,43.5356,15
14255,ok,35.0541,35.0541,24
14256,ok,40.2803,40.2803,10
14257,ok,27.0846,27.0846,23
14258,ok,26.0502,26.0502,23
14259,ok,45.6941,45.6941,27
1426,ok,42.3075,42.3075,38
14260,ok,46.2132,46.2132,20
14261,ok,33.5297,33.5297,26
14262,ok,46.6473,46.6473,19
14263,ok,48.6029,48.6029,20
14264,ok,46.6093,46.6093,28
14265,ok,42.3677,42.3677,44
14266,ok,26.3653,26.3653,17
14267,ok,35.5294,35.5294,15
14268,ok,40.7547,40.7547,27
14269,ok,49.6517,49.6517,20
1427,ok,32.1635,32.1635,29
14270,ok,37.5099,37.5099,18
14271,ok,36.6328,36.6328,14
14272,ok,14.3079,14.3079,15
14273,ok,42.7149,42.7149,20
14274,ok,45.6847,45.6847,15
14275,ok,28.6429,28.6429,22
14276,ok,29.5512,29.5512,14
14277,ok,43.7110,43.7109,21
14278,ok,45.8980,45.8980,30
14279,ok,37.3182,37.3182,21
1428,ok,31.7465,31.7465,26
14280,ok,36.2723,36.2723,20
14281,ok,45.7147,45.7147,12
14282,ok,43.0138,43.0138,25
14283,ok,44.7059,44.7059,25
14284,ok,37.1532,37.1532,27
14285,ok,37.5375,37.5375,23
14286,ok,49.3027,49.3027,9
14287,ok,49.9093,44.4666,25
14288,ok,46.6884,46.6884,18
14289,ok,44.1291,44.1291,17
1429,ok,47.1202,47.1202,21
14290,ok,25.2538,25.2538,13
14291,ok,44.7883,44.7883,15
14292,ok,45.3152,45.3152,27
14293,ok,37.6773,37.6773,24
14294,ok,34.5074,34.5074,34
14295,ok,46.5570,46.5570,30
14296,ok,48.0803,48.0803,31
14297,ok,41.6929,41.6929,25
14298,ok,48.5860,48.5860,18
14299,ok,39.0303,39.0303,14
143,ok,31.8859,31.8859,28
1430,ok,49.0744,49.0744,33
14300,ok,47.8289,47.8289,25
14301,ok,48.5696,48.5696,28
14302,ok,42.7032,42.7032,20
14303,ok,35.7652,35.7652,13
14304,ok,51.6920,46.0549,9
14306,ok,26.5787,26.5787,15
14307,ok,40.9105,40.9105,9
14308,ok,42.3536,42.3536,31
1431,ok,48.0973,48.0973,13
14310,ok,33.5384,33.5384,29
14311,ok,36.3289,36.3289,17
14312,ok,46.5129,46.5129,13
14313,ok,44.3982,44.1102,40
14314,ok,44.7746,44.7746,14
14315,ok,31.7751,31.7751,49
14316,ok,41.8629,41.8629,22
14317,ok,46.4301,46.4301,29
14318,ok,37.1297,37.1297,20
14319,ok,22.3654,22.3654,16
1432,ok,46.6640,46.6640,11
14320,ok,23.2370,23.2370,24
14321,ok,47.4753,47.4753,23
14322,ok,46.5176,46.5176,30
14323,ok,27.2728,27.2728,24
14324,ok,49.9452,49.9452,33
14325,ok,31.7569,31.7569,43
14326,ok,36.4077,36.4077,18
14327,ok,25.0492,25.0492,20
14328,ok,49.8100,49.8100,30
14329,ok,30.3897,30.3896,40
1433,ok,35.4031,35.4031,34
14330,ok,40.5646,40.5646,21
14331,ok,34.5519,34.5519,17
14332,ok,43.8455,43.8455,30
14333,ok,38.5230,38.5230,27
14334,ok,34.1451,34.1451,23
14335,ok,31.8492,31.8492,40
14336,ok,39.8064,39.8064,24
14337,ok,40.9401,40.9401,25
14338,ok,30.5677,30.5677,17
14339,ok,48.4508,48.4508,31
1434,ok,46.2860,46.2860,39
14341,ok,42.7581,42.7581,28
14342,ok,30.7250,29.5498,22
14343,ok,25.5207,25.5207,13
14344,ok,37.4668,37.4668,13
14345,ok,49.8795,49.8795,13
14346,ok,28.3782,28.3782,43
14347,ok,44.6646,44.6646,27
14348,ok,40.8469,40.8469,25
14349,ok,46.2841,46.0340,25
1435,ok,39.3554,39.3554,40
14350,ok,48.2471,48.2471,14
14351,ok,40.4811,40.4811,32
14352,ok,38.7937,38.7937,14
14353,ok,40.0477,40.0477,16
14354,ok,17.7479,17.7479,18
14355,ok,35.0375,35.0375,10
14356,ok,47.4719,47.4719,21
14357,ok,47.7193,47.7193,14
14358,ok,39.0886,39.0886,18
14359,ok,26.6425,26.6425,24
1436,ok,44.7882,44.7882,21
14360,ok,30.0075,29.7528,28
14361,ok,44.1987,44.1987,18
14362,ok,46.9947,46.9947,22
14363,ok,49.2960,49.2960,27
14364,ok,36.8509,36.8509,20
14365,ok,33.4337,33.4337,22
14366,ok,35.4780,35.4780,26
14367,ok,49.3191,49.3191,15
14368,ok,43.5709,43.5709,20
14369,ok,41.2325,41.2325,15
1437,ok,30.4911,30.4911,16
14370,ok,49.1636,43.8022,36
14371,ok,36.2737,36.2737,15
14372,ok,48.5651,48.5609,34
14373,ok,21.7977,21.7977,23
14374,ok,37.3041,37.3041,16
14375,ok,38.3394,38.3394,23
14376,ok,35.7951,35.7951,21
14377,ok,41.6428,41.6428,18
14378,ok,31.2324,31.2324,15
14379,ok,43.6320,43.6320,35
1438,ok,44.7300,39.8521,25
14380,ok,49.6674,49.6674,21
14381,ok,34.7104,33.9186,25
14382,ok,36.2998,36.2998,22
14383,ok,38.3343,38.3343,37
14384,ok,41.5616,41.5616,38
14385,ok,46.2975,46.2975,18
14386,ok,43.7096,43.7096,42
14387,ok,35.7689,33.9502,16
14388,ok,43.4652,43.4652,12
14389,ok,40.6406,40.6406,13
1439,ok,45.8052,45.8052,18
14390,ok,51.8886,48.6240,30
14391,ok,37.8755,37.8755,22
14392,ok,37.0451,37.0451,34
14393,ok,31.2643,31.2643,37
14394,ok,49.9974,49.9974,12
14395,ok,20.9343,20.9343,30
14396,ok,37.5439,37.5439,21
14397,ok,44.4010,44.4010,12
14398,ok,47.1357,47.1357,23
14399,ok,49.4203,49.4203,22
144,ok,46.1069,46.1069,48
1440,ok,30.2143,30.2143,28
14400,ok,31.2234,30.4299,28
14401,ok,43.0526,43.0526,23
14402,ok,38.9421,38.9421,29
14403,ok,49.7515,49.7515,13
14404,ok,46.2035,46.2035,24
14405,ok,35.3020,35.3020,28
14406,ok,43.6011,43.6011,20
14407,ok,34.7979,34.7979,30
14408,ok,46.0239,46.0239,21
14409,ok,46.5931,46.5931,26
1441,ok,37.7088,35.8168,28
14410,ok,40.2095,40.2095,20
14411,ok,48.7902,48.7902,16
14412,ok,52.8924,47.1627,11
14413,ok,47.4252,46.5757,12
14414,ok,36.3563,36.3563,16
14415,ok,46.8924,46.8924,18
14416,ok,44.3552,44.3552,29
14417,ok,49.7309,49.7309,22
14418,ok,49.8516,49.8516,40
14419,ok,48.5424,48.5424,17
1442,ok,29.1645,29.1645,31
14420,ok,48.7428,48.7428,28
14421,ok,48.5404,48.5404,20
14422,ok,44.0276,44.0276,52
14423,ok,46.2133,46.2133,39
14424,ok,40.4599,40.4599,25
14425,ok,45.1115,45.1115,26
14426,ok,43.9736,43.9736,31
14427,ok,41.8094,41.8094,20
14428,ok,46.5525,46.5525,38
14429,ok,29.6000,29.6000,23
1443,ok,48.2937,48.2937,29
14430,ok,44.7708,44.7708,26
14431,ok,47.9558,47.9558,30
14432,ok,29.2742,29.2742,37
14433,ok,37.6087,37.6087,17
14434,ok,49.3026,49.3026,23
14435,ok,40.6997,40.6997,29
14436,ok,20.3933,20.3933,28
14437,ok,32.8905,32.8905,26
14438,ok,48.4379,48.4379,10
14439,ok,24.0434,24.0434,34
1444,ok,38.8664,38.8664,24
14440,ok,33.7765,33.7765,22
14441,ok,39.8556,39.8556,25
14442,ok,31.0667,31.0667,30
14444,ok,49.2918,49.2918,24
14445,ok,25.3829,23.1927,18
14447,ok,41.1540,41.1540,45
14448,ok,37.6533,37.6533,30
14449,ok,31.7196,31.7196,27
1445,ok,41.7240,41.7240,23
14450,ok,38.2354,38.2354,25
14451,ok,47.4762,47.4762,20
14452,ok,41.5336,41.5336,26
14453,ok,46.1112,46.1112,19
14454,ok,41.2779,41.2779,13
14455,ok,26.9021,26.9021,27
14456,ok,37.2641,37.2641,14
14457,ok,16.4449,16.4449,24
14458,ok,18.9425,18.9425,25
14459,ok,38.9418,38.9418,30
1446,ok,49.2218,49.2218,34
14460,ok,35.1971,35.1971,18
14461,ok,41.7335,41.7335,26
14462,ok,28.0488,28.0488,13
14463,ok,39.5146,39.2597,36
14464,ok,35.3912,31.5317,41
14465,ok,40.4051,40.4051,25
14466,ok,24.1477,24.1477,17
14467,ok,35.4983,35.4983,22
14468,ok,27.3050,27.3050,39
14469,ok,26.7572,26.7572,21
1447,ok,44.1712,44.1712,27
14470,ok,48.7807,48.7807,18
14471,ok,31.1708,31.1708,22
14472,ok,44.4723,44.4723,16
14473,ok,42.8511,42.8511,29
14474,ok,34.5064,33.2540,19
14475,ok,26.4308,26.4308,26
14476,ok,40.6130,40.6130,12
14477,ok,26.9668,26.9668,12
14478,ok,33.3913,33.3913,35
14479,ok,29.9388,29.9388,35
1448,ok,44.2129,42.8492,22
14480,ok,43.4397,43.4397,30
14481,ok,49.8883,49.8883,44
14482,ok,29.4483,29.4483,22
14483,ok,25.6933,25.6933,29
14484,ok,36.9204,36.9204,30
14485,ok,40.0749,40.0749,21
14486,ok,28.6666,28.6666,34
14487,ok,53.0361,49.3613,24
14488,ok,46.9758,46.9758,21
14489,ok,35.0106,35.0106,16
1449,ok,39.5018,39.5018,15
14490,ok,48.7227,48.7227,22
14491,ok,46.9762,46.9762,36
14492,ok,42.0714,42.0714,14
14493,ok,33.5170,33.5170,29
14494,ok,41.3459,41.3459,17
14495,ok,47.4771,47.4771,22
14496,ok,46.5331,46.5331,18
14497,ok,37.6859,37.6858,11
14498,ok,37.2050,37.2050,16
14499,ok,42.3749,42.3749,12
145,ok,41.7970,41.7970,24
1450,ok,45.2349,45.2349,16
14500,ok,44.0981,44.0981,20
14501,ok,47.6429,47.6429,17
14502,ok,39.4524,39.4524,18
14503,ok,36.8236,36.8236,26
14504,ok,30.1096,30.1096,28
14505,ok,45.2875,45.2875,20
14506,ok,45.8958,45.8958,9
14507,ok,34.6139,34.6139,34
14508,ok,40.5364,40.5364,29
14509,ok,47.7941,47.7941,18
1451,ok,43.8849,43.8849,23
14510,ok,34.8560,34.8556,37
14511,ok,43.7307,43.7307,41
14512,ok,48.2035,48.2035,31
14513,ok,48.4343,48.4343,12
14514,ok,44.7354,44.7354,13
14515,ok,42.0040,42.0040,13
14516,ok,41.1733,41.1733,29
14517,ok,23.6200,23.6200,31
14518,ok,28.4069,28.4069,27
14519,ok,46.4923,46.4923,31
1452,ok,22.2382,22.2382,16
14520,ok,37.3007,37.3007,17
14521,ok,47.5137,47.5137,35
14522,ok,36.1885,36.1885,15
14523,ok,46.0123,46.0123,19
14524,ok,22.4111,22.4111,14
14525,ok,47.8393,47.8393,13
14526,ok,30.9201,30.9201,36
14527,ok,48.8157,48.8157,22
14528,ok,39.0838,39.0838,14
14529,ok,37.4304,37.4304,37
1453,ok,45.9194,45.9194,21
14530,ok,49.7132,49.7132,13
14531,ok,31.1564,31.1564,29
14532,ok,34.0200,34.0200,11
14533,ok,44.8959,44.8959,20
14534,ok,49.0354,49.0354,14
14535,ok,46.0535,46.0535,31
14536,ok,38.6593,38.6593,28
14537,ok,32.4535,32.4535,32
14538,ok,45.9250,45.9250,18
14539,ok,48.9408,48.9408,21
1454,ok,38.2794,38.2794,25
14540,ok,43.1328,43.1328,52
14541,ok,37.4498,37.4498,15
14542,ok,49.2029,49.2029,15
14543,ok,48.2404,48.2404,44
14544,ok,45.4280,45.4280,25
14545,ok,38.0771,37.1302,28
14546,ok,47.7635,47.7635,31
14547,ok,48.0914,48.0914,16
14548,ok,48.5535,48.5535,10
14549,ok,43.9675,43.9675,26
1455,ok,44.9199,44.9199,35
14550,ok,46.6235,46.6235,28
14551,ok,39.0211,38.1981,16
14552,ok,35.2225,35.2225,18
14553,ok,40.0620,40.0620,9
14554,ok,36.7111,36.7111,17
14555,ok,25.5379,25.5379,25
14556,ok,32.9357,32.9357,9
14557,ok,42.4570,42.4570,25
14558,ok,25.8512,25.8512,29
14559,ok,43.8334,43.8334,33
1456,ok,47.3407,47.3407,19
14560,ok,46.6030,46.6030,23
14561,ok,26.4229,26.4229,34
14562,ok,41.0840,41.0840,21
14563,ok,49.2428,49.2428,28
14564,ok,39.4795,39.4795,18
14565,ok,45.1731,45.1731,33
14566,ok,42.5056,42.5056,30
14567,ok,49.5567,49.5567,33
14568,ok,37.8468,37.8468,16
14569,ok,39.0080,39.0080,25
1457,ok,40.6743,40.6743,12
14570,ok,23.6287,23.6287,22
14571,ok,45.2970,45.2970,25
14572,ok,33.9319,33.9319,33
14573,ok,48.6877,48.6877,35
14574,ok,34.2023,34.2023,18
14575,ok,48.9791,48.9791,36
14576,ok,40.6036,40.6036,32
14577,ok,42.3170,42.3170,25
14578,ok,47.3893,47.3893,22
14579,ok,31.6261,31.6261,33
1458,ok,37.6656,37.6656,27
14580,ok,37.1411,37.1411,24
14581,ok,44.4643,44.4643,34
14582,ok,45.6292,45.6292,10
14583,ok,21.2541,21.2541,28
14584,ok,45.3421,45.3421,38
14585,ok,41.6650,41.6650,17
14586,ok,37.4475,37.4475,15
14587,ok,33.0553,29.4505,27
14588,ok,46.6190,46.6190,31
14589,ok,25.5849,25.5849,21
1459,ok,44.0099,44.0099,15
14590,ok,49.3336,49.3336,15
14591,ok,49.5907,46.4561,19
14592,ok,30.3901,30.3901,31
14593,ok,44.7131,44.7131,36
14594,ok,35.2213,35.2213,18
14595,ok,23.3532,23.3532,32
14596,ok,35.3768,35.3768,19
14597,ok,43.8151,43.8151,12
14598,ok,32.3098,32.3098,33
146,ok,44.5919,44.5919,13
14600,ok,35.0233,35.0233,31
14601,ok,29.8547,29.8547,31
14602,ok,36.8257,36.8257,35
14603,ok,48.4616,48.4616,17
14604,ok,46.8314,46.8314,17
14605,ok,48.0185,48.0185,13
14606,ok,39.6240,39.3008,33
14607,ok,37.2288,37.2288,28
14608,ok,39.9272,39.9272,10
14609,ok,33.7229,33.7229,34
1461,ok,26.7400,26.7400,18
14610,ok,46.9404,46.9404,31
14611,ok,49.4211,49.4211,14
14612,ok,46.2307,46.2307,15
14613,ok,45.7349,45.7349,28
14614,ok,44.6659,44.6659,34
14615,ok,36.7026,36.7026,52
14616,ok,48.9256,48.9256,17
14617,ok,25.3799,25.3799,26
14618,ok,36.3540,36.3540,11
14619,ok,48.6925,48.6925,20
14620,ok,25.8210,25.8210,13
14621,ok,46.4562,46.4562,16
14622,ok,39.5006,39.5006,25
14623,ok,34.5116,34.5116,27
14624,ok,33.9868,33.5952,26
14625,ok,29.5360,29.5360,13
14626,ok,49.8962,49.8962,12
14627,ok,47.5346,47.5346,28
14628,ok,33.0491,33.0491,15
14629,ok,33.1457,32.0624,20
1463,ok,49.3927,49.3927,47
14630,ok,49.6884,49.6884,23
14631,ok,43.5717,43.5717,26
14632,ok,48.2178,48.2178,21
14633,ok,49.8491,49.8491,30
14634,ok,41.0712,41.0712,23
14635,ok,46.6977,46.6977,27
14636,ok,46.6026,46.6026,48
14637,ok,34.7843,34.7843,18
14638,ok,48.1659,48.1659,27
14639,ok,43.3807,43.3807,27
1464,ok,34.3379,34.3379,16
14640,ok,46.6335,46.6335,30
14641,ok,49.5356,49.5356,21
14642,ok,40.1930,40.1930,26
14643,ok,24.6998,24.6998,17
14644,ok,48.6215,48.6215,25
14645,ok,45.3235,45.3235,21
14646,ok,41.6585,41.6585,27
14647,ok,37.4744,37.4744,15
14648,ok,42.8759,42.8759,17
14649,ok,48.5950,48.5950,16
1465,ok,44.8798,44.8798,35
14650,ok,47.8485,47.8485,29
14651,ok,45.1626,45.1626,20
14652,ok,49.5688,49.5688,25
14653,ok,49.6698,49.6698,24
14654,ok,43.0997,43.0997,19
14655,ok,49.5176,49.5176,24
14656,ok,29.1668,29.1668,28
14657,ok,40.3811,40.3811,22
14658,ok,43.2028,43.2028,17
14659,ok,46.3331,46.3331,28
1466,ok,36.7442,36.7442,35
14660,ok,25.9985,25.9985,17
14661,ok,28.5519,28.5519,30
14662,ok,35.0299,35.0299,36
14663,ok,45.9841,45.9841,16
14664,ok,34.7135,34.7135,21
14665,ok,28.4503,28.4503,20
14666,ok,38.9869,38.9869,35
14667,ok,38.1449,38.1449,13
14668,ok,37.3507,37.3507,33
14669,ok,40.7784,40.7784,14
1467,ok,47.6441,47.6441,26
14670,ok,48.4753,48.4753,32
14671,ok,49.1224,49.1224,36
14672,ok,43.9840,43.9840,31
14673,ok,45.0979,45.0979,28
14674,ok,45.4800,45.4800,13
14675,ok,30.8453,30.8453,22
14676,ok,46.0630,46.0630,18
14677,ok,47.0929,47.0929,30
14678,ok,25.4312,25.4312,43
14679,ok,49.3652,49.3652,35
1468,ok,43.8788,43.8788,23
14680,ok,37.6511,37.6511,23
14681,ok,36.0399,36.0399,30
14682,ok,33.3832,33.3832,17
14683,ok,21.8920,21.8920,25
14684,ok,36.2725,36.2725,27
14685,ok,48.3865,48.3865,19
14686,ok,49.8498,49.8498,23
14687,ok,32.5092,32.5092,26
14688,ok,46.8474,46.8474,45
14689,ok,37.5666,37.5666,18
1469,ok,49.4309,49.4309,23
14690,ok,47.7714,47.7714,16
14691,ok,26.8492,26.8492,20
14692,ok,38.5288,38.5288,16
14693,ok,45.4376,45.4376,13
14694,ok,40.9758,40.9758,35
14695,ok,33.0307,33.0307,17
14696,ok,43.5652,43.5652,17
14697,ok,39.2179,39.2179,19
14698,ok,16.5704,16.5704,27
14699,ok,31.9613,31.9613,22
147,ok,54.1088,48.2081,22
1470,ok,46.6677,46.6677,21
14700,ok,36.3827,36.3827,20
14701,ok,48.9299,48.9299,23
14702,ok,40.8323,40.8323,19
14703,ok,49.0716,49.0716,18
14704,ok,38.8058,38.8058,18
14705,ok,46.6298,46.6298,18
14706,ok,17.6669,17.6669,25
14707,ok,47.6318,46.8698,12
14708,ok,27.8966,27.8966,24
14709,ok,48.3116,48.3116,23
1471,ok,34.2941,34.2941,15
14710,ok,41.6263,41.6263,32
14711,ok,48.3062,48.3062,32
14712,ok,41.4160,36.8995,20
14713,ok,35.0238,35.0238,12
14714,ok,48.5755,48.5755,23
14715,ok,41.9297,41.9297,17
14716,ok,48.0784,48.0784,25
14717,ok,30.9958,30.9958,15
14718,ok,46.0326,46.0326,26
14719,ok,46.4231,46.4231,18
1472,ok,45.4253,45.4253,22
14720,ok,33.5997,33.5997,11
14721,ok,41.4520,36.9315,15
14722,ok,42.7030,42.7030,19
14723,ok,21.7672,21.7672,29
14724,ok,37.9407,37.9407,28
14725,ok,49.4106,49.4106,37
14726,ok,37.2326,37.2326,23
14727,ok,31.3066,31.3066,14
14728,ok,49.3913,49.3913,33
14729,ok,34.6317,34.6317,37
1473,ok,39.9153,39.9153,22
14730,ok,26.5693,23.6719,29
14731,ok,45.2583,45.2583,22
14732,ok,48.1417,48.1417,27
14733,ok,42.2603,42.2603,15
14734,ok,46.5035,46.5035,68
14735,ok,48.3253,47.9885,35
14736,ok,43.8394,43.8394,15
14737,ok,34.9339,34.9339,32
14738,ok,38.5030,36.6689,30
14739,ok,44.4618,43.0198,29
1474,ok,29.1437,29.1437,26
14740,ok,40.8347,40.8347,12
14741,ok,46.6642,46.6642,44
14742,ok,47.4195,47.4195,20
14743,ok,44.6354,44.6354,32
14744,ok,45.4751,45.4751,17
14745,ok,37.9698,37.8372,37
14746,ok,31.7001,31.7001,15
14747,ok,25.4311,25.4311,20
14748,ok,49.8419,49.8419,28
14749,ok,48.2692,48.2692,16
1475,ok,27.4474,27.4474,28
14750,ok,46.5840,46.5840,25
14751,ok,49.4001,47.7471,13
14752,ok,47.1600,47.1600,14
14753,ok,47.8937,47.8937,16
14754,ok,49.4630,49.4630,49
14755,ok,21.0520,21.0520,20
14756,ok,27.6580,27.6580,15
14757,ok,38.9717,38.9717,17
14758,ok,37.3591,37.3591,32
14759,ok,46.1067,46.1067,11
1476,ok,45.7884,45.7884,28
14760,ok,43.8678,43.8678,28
14761,ok,49.3972,49.3972,12
14762,ok,35.9442,35.9442,22
14763,ok,49.0345,49.0345,19
14764,ok,43.4207,43.4207,20
14765,ok,26.4225,26.0761,28
14766,ok,40.3622,40.3622,19
14767,ok,46.7382,46.7382,26
14768,ok,27.5256,27.5256,25
14769,ok,39.8140,39.8140,31
1477,ok,45.3109,45.3109,50
14770,ok,40.5263,40.5263,12
14771,ok,44.3322,44.3322,22
14772,ok,41.4984,41.4984,21
14773,ok,49.9953,49.9953,16
14774,ok,25.2740,25.2740,38
14775,ok,37.6247,37.6247,11
14776,ok,36.1570,36.1570,21
14777,ok,21.6537,21.6537,19
14778,ok,23.9521,23.9521,31
14779,ok,47.3856,47.3856,23
1478,ok,48.5243,48.5243,32
14780,ok,49.5433,49.5433,19
14781,ok,45.0589,45.0589,33
14782,ok,34.4392,34.4392,19
14783,ok,24.2751,24.2751,21
14784,ok,36.8911,36.8911,16
14785,ok,44.0292,44.0292,12
14786,ok,50.6261,49.6517,17
14787,ok,45.8339,45.8339,31
14788,ok,46.6512,46.6512,39
14789,ok,34.7076,34.7076,19
1479,ok,41.1251,41.1251,31
14790,ok,27.0623,27.0623,11
14791,ok,37.7422,37.7422,24
14792,ok,48.5930,48.5930,20
14793,ok,15.4863,15.4863,12
14794,ok,44.0663,44.0663,39
14795,ok,48.6603,48.6603,24
14796,ok,39.7851,39.7851,55
14797,ok,45.1525,45.1525,36
14798,ok,38.7292,38.7292,38
14799,ok,23.4991,23.4991,18
148,ok,48.6615,48.6615,36
1480,ok,35.9519,35.9519,18
14800,ok,23.6607,23.6607,14
14801,ok,49.8648,49.8648,23
14802,ok,48.6767,48.6767,34
14803,ok,45.5972,45.5972,27
14804,ok,48.1777,48.1777,21
14805,ok,40.1403,40.1403,30
14806,ok,34.1213,34.1213,26
14807,ok,49.0368,49.0368,17
14808,ok,37.6784,37.6784,21
14809,ok,31.1708,31.1708,16
1481,ok,44.6433,44.6433,12
14810,ok,48.8176,48.8176,13
14811,ok,40.1807,40.1807,23
14812,ok,37.0486,37.0486,25
14813,ok,44.5736,44.5736,35
14814,ok,47.1135,47.1135,15
14815,ok,39.0497,39.0497,41
14816,ok,35.3852,35.3852,22
14817,ok,47.1049,47.1049,25
14818,ok,42.3554,42.3554,34
14819,ok,46.5237,46.5237,30
1482,ok,22.7529,22.7529,16
14820,ok,35.1611,35.1611,23
14821,ok,42.9621,42.9621,22
14822,ok,31.6307,31.6307,30
14823,ok,46.2112,46.2112,29
14824,ok,43.2989,43.2989,29
14825,ok,36.5367,36.5367,16
14826,ok,48.0337,48.0337,41
14827,ok,36.5741,36.5741,24
14828,ok,47.9520,47.9520,12
14829,ok,49.7645,49.7645,27
1483,ok,47.8917,46.2292,19
14830,ok,26.7498,23.8327,16
14831,ok,43.9164,43.9164,19
14832,ok,40.6121,40.6121,35
14833,ok,30.3447,27.0356,21
14834,ok,35.0341,35.0341,17
14835,ok,20.9758,20.9758,23
14836,ok,47.0338,47.0338,27
14837,ok,49.8735,49.8735,26
14838,ok,13.6428,13.6428,24
14839,ok,27.8654,27.8654,27
1484,ok,32.7160,32.7160,14
14840,ok,29.2819,29.2819,13
14842,ok,45.4845,45.4845,33
14844,ok,38.1198,38.1198,23
14845,ok,42.2431,42.2431,19
14846,ok,36.5842,36.5842,31
14847,ok,49.3841,49.3841,14
14848,ok,40.7360,40.7360,34
14849,ok,40.4722,40.4722,49
1485,ok,48.5371,48.5371,18
14850,ok,39.2387,39.2387,27
14851,ok,36.9547,36.9547,19
14852,ok,39.7655,39.7655,30
14853,ok,36.4914,36.4914,31
14854,ok,46.2711,46.2711,13
14855,ok,31.4187,31.4187,15
14856,ok,30.3748,30.3748,28
14857,ok,34.8296,34.8296,12
14858,ok,39.3410,39.3410,17
14859,ok,40.2971,40.2971,20
1486,ok,47.6912,47.6912,24
14860,ok,41.4539,41.4539,21
14861,ok,34.2721,34.2721,20
14862,ok,45.5847,45.5847,22
14863,ok,35.7456,35.7456,40
14864,ok,41.4685,41.4685,17
14865,ok,45.8876,45.8876,23
14866,ok,47.5254,44.8016,29
14867,ok,48.6623,48.6623,11
14868,ok,46.3371,46.3371,30
14869,ok,47.6727,47.6727,24
1487,ok,48.3574,48.3574,15
14870,ok,38.6925,38.6925,16
14871,ok,41.5143,41.5143,37
14872,ok,42.5699,42.5699,22
14873,ok,38.0811,36.8308,28
14874,ok,37.5987,37.5987,32
14875,ok,20.9657,20.9657,27
14876,ok,42.6147,42.6147,16
14877,ok,39.2509,39.2509,38
14878,ok,45.3454,45.3454,16
14879,ok,34.7896,34.7896,16
1488,ok,48.6312,48.6312,21
14880,ok,46.6431,46.6431,14
14881,ok,30.7468,30.7468,23
14882,ok,42.6586,42.6586,29
14883,ok,32.9976,32.9976,21
14884,ok,39.9915,39.9915,28
14885,ok,34.4750,34.4750,12
14886,ok,49.7875,49.7875,20
14887,ok,26.7561,26.7561,20
14888,ok,42.8817,42.8817,35
14889,ok,45.7917,45.7917,29
1489,ok,41.0747,41.0747,16
14890,ok,27.2994,27.2994,22
14891,ok,28.5284,28.5284,25
14893,ok,38.9540,34.7060,17
14894,ok,38.0201,36.9624,18
14895,ok,44.3066,44.3066,13
14896,ok,27.9201,24.5796,14
14897,ok,40.3253,40.3253,31
14898,ok,38.2515,38.2515,26
14899,ok,31.1913,31.1913,15
149,ok,33.7052,33.7052,18
1490,ok,40.8669,40.8669,31
14900,ok,44.3447,44.3447,22
14901,ok,39.6475,39.6475,17
14902,ok,41.0551,41.0551,14
14903,ok,23.3039,23.3039,19
14904,ok,44.3311,44.3311,29
14905,ok,38.5882,38.5882,23
14906,ok,46.7271,46.7271,28
14907,ok,42.8573,42.8573,17
14908,ok,45.1536,45.1536,11
14909,ok,31.0688,31.0688,38
1491,ok,32.6295,32.6295,23
14910,ok,49.0164,49.0164,33
14911,ok,45.3527,45.3527,9
14912,ok,38.5676,38.5676,17
14913,ok,44.6723,44.6723,23
14914,ok,32.0108,32.0108,17
14915,ok,40.8074,40.8074,43
14916,ok,36.5847,36.5847,17
14917,ok,42.9207,42.9207,16
14918,ok,47.8002,47.8002,21
14919,ok,42.9016,42.9016,30
1492,ok,49.6465,49.6465,28
14920,ok,47.4325,47.4325,20
14921,ok,35.8272,35.8272,21
14922,ok,34.3545,34.3545,16
14923,ok,38.7095,38.7095,9
14924,ok,28.0496,28.0496,28
14925,ok,38.3163,38.3163,33
14926,ok,39.5785,39.5785,21
14927,ok,38.3533,38.3533,21
14929,ok,18.6781,18.6781,25
1493,ok,34.2991,34.2991,15
14930,ok,37.9948,37.9948,25
14931,ok,32.6495,32.6495,20
14932,ok,44.4328,44.4328,13
14933,ok,23.5341,23.5341,18
14934,ok,26.6184,26.6184,22
14935,ok,25.7648,25.7648,16
14936,ok,49.6750,49.6750,23
14937,ok,44.5992,44.5992,16
14938,ok,45.8698,45.8698,26
14939,ok,32.3070,32.3070,16
1494,ok,45.7916,45.7916,21
14940,ok,44.2466,44.2466,37
14941,ok,35.0919,35.0919,20
14942,ok,41.2356,41.2356,17
14943,ok,41.2898,41.2898,20
14944,ok,37.6263,37.6263,38
14945,ok,42.6213,42.6213,21
14946,ok,47.4095,47.4095,50
14947,ok,35.6884,35.6884,30
14948,ok,46.7457,46.7457,30
14949,ok,29.3749,29.3749,33
1495,ok,32.1821,32.1821,39
14950,ok,45.2074,45.2074,21
14951,ok,44.0307,44.0307,20
14952,ok,29.1647,29.1647,32
14953,ok,47.6631,47.6631,44
14954,ok,21.6300,21.6300,35
14955,ok,23.0044,23.0044,30
14956,ok,29.6665,29.6665,21
14958,ok,43.7761,43.7761,12
14959,ok,46.4041,46.4041,26
1496,ok,38.3746,38.3746,22
14960,ok,39.4604,39.4604,17
14961,ok,36.1743,36.1743,14
14962,ok,42.8444,42.8444,12
14963,ok,39.2046,39.2046,19
14964,ok,43.1855,43.1855,41
14965,ok,41.9032,41.9032,32
14966,ok,34.8671,34.5972,17
14967,ok,39.8045,39.8045,38
14968,ok,49.6040,49.6040,19
14969,ok,49.2563,49.2563,17
1497,ok,45.9800,45.9800,22
14970,ok,49.7494,49.7494,17
14971,ok,42.6361,42.6361,20
14972,ok,47.2890,47.2890,12
14973,ok,26.3953,26.3953,15
14974,ok,37.8039,37.8039,24
14975,ok,38.5886,38.5886,26
14976,ok,35.9464,35.9464,18
14977,ok,21.7198,21.7198,16
14978,ok,44.5549,44.5549,21
14979,ok,29.7928,29.6350,31
1498,ok,39.4932,35.1864,26
14980,ok,45.4571,45.4571,15
14981,ok,39.7285,39.7285,39
14982,ok,45.1855,45.1855,29
14983,ok,47.3206,47.3206,23
14984,ok,37.1133,37.1133,20
14985,ok,35.4431,35.4431,29
14986,ok,25.8517,25.8517,13
14987,ok,32.7499,32.7499,15
14988,ok,49.9767,49.9767,26
14989,ok,34.5013,34.5013,18
1499,ok,18.1195,18.1195,38
14990,ok,31.0958,31.0958,29
14991,ok,43.9384,43.9384,23
14992,ok,18.5592,18.5592,16
14993,ok,44.2383,44.2383,33
14994,ok,36.5679,36.5679,12
14995,ok,44.9660,44.9660,17
14996,ok,47.2307,47.2307,13
14997,ok,45.0080,45.0080,20
14998,ok,37.3804,37.3804,33
14999,ok,47.1603,46.8028,21
15,ok,45.1121,45.1121,10
150,ok,23.7856,23.7856,18
1500,ok,48.6087,48.6087,12
15000,ok,27.7747,27.7747,25
15001,ok,37.9886,37.9886,41
15002,ok,49.8430,49.8430,23
15003,ok,49.1229,49.1229,18
15004,ok,46.1128,46.1128,19
15005,ok,49.7119,49.7119,16
15006,ok,39.4981,39.4981,19
15007,ok,39.5823,38.2570,20
15008,ok,33.7416,33.7416,34
15009,ok,40.2956,40.2956,21
1501,ok,40.5677,40.5677,30
15010,ok,35.1731,35.1731,30
15011,ok,37.8343,37.8343,34
15012,ok,48.0877,48.0877,19
15013,ok,44.8054,44.8054,29
15014,ok,27.0015,27.0015,35
15015,ok,25.6568,25.6568,40
15016,ok,50.4180,44.9198,19
15017,ok,48.6048,48.6048,18
15018,ok,38.7618,38.7618,25
15019,ok,35.0178,35.0178,24
1502,ok,55.7224,49.6457,22
15020,ok,47.1644,47.1644,22
15021,ok,37.5265,37.5265,16
15022,ok,36.1018,36.1018,19
15023,ok,46.5009,46.5009,30
15024,ok,35.7972,35.7972,18
15025,ok,43.1937,43.1937,17
15026,ok,27.7913,27.7913,22
15027,ok,48.9001,48.9001,15
15028,ok,50.1043,49.3472,32
15029,ok,32.3949,32.3949,12
1503,ok,49.1389,49.1389,12
15030,ok,49.2591,49.2591,24
15031,ok,43.2363,43.2363,29
15032,ok,49.3407,49.3407,19
15033,ok,37.4462,37.4462,24
15034,ok,45.4291,45.4291,48
15035,ok,36.7953,36.7953,15
15036,ok,30.6445,30.6445,17
15037,ok,39.4004,39.4004,21
15038,ok,35.5172,35.5172,37
15039,ok,37.9010,37.9010,19
1504,ok,17.2364,17.2364,25
15040,ok,46.5119,46.5119,25
15041,ok,45.8409,45.8409,21
15042,ok,22.5098,22.5098,26
15043,ok,47.4864,47.4864,24
15045,ok,30.5364,29.1237,28
15046,ok,27.8357,27.8357,13
15047,ok,45.8520,45.8520,20
15048,ok,42.4391,42.4391,15
15049,ok,41.3418,40.4457,18
1505,ok,43.8880,43.8880,37
15050,ok,49.6755,49.6755,19
15051,ok,48.6901,48.6901,25
15052,ok,35.1222,35.1222,15
15053,ok,40.0711,40.0711,19
15054,ok,32.6760,32.4550,44
15055,ok,25.7560,25.7560,33
15056,ok,38.5046,38.5046,15
15057,ok,44.2006,44.2006,28
15058,ok,34.1600,30.9481,20
15059,ok,23.8496,23.8496,16
1506,ok,41.7656,41.7656,28
15060,ok,46.3085,46.3085,25
15061,ok,42.7289,42.7289,24
15062,ok,39.5888,39.5888,31
15063,ok,42.6288,42.6288,27
15064,ok,29.3505,26.3087,17
15065,ok,41.2451,41.2451,24
15066,ok,44.8037,44.8037,16
15067,ok,40.1274,40.1274,33
15068,ok,38.1359,38.1359,22
15069,ok,19.8890,19.8890,37
1507,ok,25.8746,25.5139,16
15070,ok,42.3981,42.3981,41
15071,ok,40.1578,40.1578,33
15072,ok,33.5114,33.5114,15
15073,ok,36.6765,36.2019,17
15075,ok,34.7642,34.7642,22
15076,ok,48.8333,48.8333,28
15077,ok,54.6239,48.6671,27
15078,ok,41.8016,41.8016,39
15079,ok,49.6776,49.6776,13
1508,ok,43.8922,43.8922,20
15080,ok,48.8754,48.8754,20
15081,ok,49.4544,49.4544,14
15082,ok,48.3014,48.3014,26
15083,ok,46.7206,46.7206,29
15084,ok,47.6015,47.6015,32
15085,ok,42.8963,42.8963,21
15086,ok,43.8178,43.8178,14
15087,ok,43.7513,43.7512,18
15088,ok,34.5934,34.5934,29
15089,ok,27.2501,27.2501,15
1509,ok,48.8882,48.8882,28
15091,ok,44.5874,44.5874,28
15092,ok,44.7197,44.7197,29
15093,ok,43.2028,43.2028,27
15094,ok,26.0643,26.0643,34
15095,ok,26.8280,26.8280,30
15096,ok,40.4032,40.4032,19
15097,ok,32.1064,32.1064,16
15098,ok,32.5201,32.5201,19
15099,ok,44.1302,44.1302,29
151,ok,48.2026,48.2026,13
1510,ok,45.3051,45.3051,14
15100,ok,48.5093,48.5093,23
15101,ok,49.2785,49.2785,35
15102,ok,49.3932,49.3932,45
15103,ok,35.0960,35.0960,15
15104,ok,48.8031,48.8031,19
15105,ok,46.6054,46.6054,24
15106,ok,45.9129,45.9129,29
15107,ok,35.3024,35.3024,37
15108,ok,45.7878,45.7878,10
15109,ok,46.6248,46.6248,19
1511,ok,45.1762,45.1762,26
15110,ok,46.1101,46.1101,26
15111,ok,38.1209,38.1209,15
15112,ok,37.0976,37.0976,41
15113,ok,48.5246,48.5246,12
15114,ok,39.9779,39.9779,15
15115,ok,39.8887,39.8887,34
15116,ok,38.8376,38.8376,29
15117,ok,47.1316,47.1316,32
15118,ok,27.9192,27.9192,26
15119,ok,41.4872,41.4872,39
1512,ok,45.0582,45.0582,13
15120,ok,47.2869,47.2869,41
15121,ok,45.5730,45.5730,35
15122,ok,48.4505,48.4505,19
15123,ok,40.5139,40.5139,17
15124,ok,25.2165,25.2165,23
15125,ok,39.8493,38.2841,13
15126,ok,47.6741,47.6741,17
15127,ok,36.5502,36.5502,13
15128,ok,32.4368,32.4368,33
15129,ok,24.1841,24.1841,33
1513,ok,46.4731,46.4731,38
15130,ok,39.6599,39.6599,30
15131,ok,49.7129,49.7129,13
15132,ok,27.3494,27.3494,28
15133,ok,29.5746,29.5746,30
15134,ok,37.0195,37.0195,33
15135,ok,35.2171,35.2171,25
15136,ok,29.8524,29.8524,40
15137,ok,15.9141,15.9141,22
15138,ok,45.1508,45.1508,23
15139,ok,43.5956,43.5956,17
1514,ok,46.7266,46.7266,17
15140,ok,45.0948,45.0948,20
15141,ok,31.1385,31.1385,13
15142,ok,31.5167,31.5167,54
15143,ok,46.7824,46.7824,32
15144,ok,21.6948,21.6948,36
15145,ok,49.8923,49.8923,36
15146,ok,42.4708,42.4708,29
15147,ok,48.9542,48.9542,28
15148,ok,27.8070,27.8070,22
15149,ok,34.6254,34.6254,32
1515,ok,38.0627,38.0627,29
15150,ok,30.3598,30.3598,23
15151,ok,44.0267,44.0267,29
15152,ok,40.8510,40.8510,20
15153,ok,49.9736,49.9736,33
15154,ok,47.3160,47.3160,21
15155,ok,26.4486,26.4486,13
15156,ok,31.5927,31.5927,40
15157,ok,44.4656,44.4656,27
15158,ok,34.4780,34.4780,27
15159,ok,44.4557,44.4557,14
1516,ok,46.8640,46.8640,29
15160,ok,33.7840,33.7840,17
15161,ok,34.6057,34.6057,28
15162,ok,20.9248,20.9248,24
15163,ok,44.5550,44.5550,32
15164,ok,42.7403,42.7403,13
15165,ok,48.6531,48.6531,32
15166,ok,45.5576,45.5576,29
15167,ok,28.2413,28.2413,20
15168,ok,47.2103,47.2103,27
15169,ok,47.8983,47.8983,17
1517,ok,48.2627,48.2627,41
15170,ok,37.3100,37.3100,24
15171,ok,45.4823,45.4823,14
15172,ok,47.6248,47.6248,16
15173,ok,47.2698,47.2698,35
15174,ok,31.5038,31.5038,20
15175,ok,37.0375,37.0375,34
15176,ok,39.7058,39.7058,28
15177,ok,43.8869,43.8869,8
15178,ok,33.4325,33.4325,16
15179,ok,34.7273,34.7273,12
1518,ok,38.2212,38.2212,19
15180,ok,34.3046,34.3046,15
15181,ok,44.8767,44.8767,12
15182,ok,40.1202,40.1202,35
15183,ok,47.8311,47.8311,34
15185,ok,46.1065,46.1065,14
15186,ok,33.5068,33.5068,26
15187,ok,39.2652,39.2652,25
15188,ok,40.4461,40.4461,28
15189,ok,49.1075,49.1075,34
1519,ok,35.5067,35.5067,17
15190,ok,45.6799,45.6799,18
15191,ok,25.2511,25.2511,19
15192,ok,37.2719,37.2719,24
15193,ok,39.0574,39.0574,27
15194,ok,36.7385,36.7385,18
15195,ok,35.0146,35.0146,21
15196,ok,32.2465,32.2465,21
15197,ok,45.0787,45.0787,46
15198,ok,37.1894,37.1894,47
15199,ok,33.0394,33.0394,28
152,ok,45.6046,45.6046,18
1520,ok,46.0105,46.0105,23
15200,ok,37.4806,36.4768,24
15201,ok,40.6249,40.6249,30
15202,ok,39.7911,39.7911,29
15203,ok,43.6485,43.6485,17
15204,ok,46.5647,46.5647,15
15206,ok,48.6036,48.6036,18
15207,ok,39.5160,39.5160,13
15208,ok,47.8713,47.8713,21
15209,ok,32.1800,32.1800,13
1521,ok,38.1682,38.1682,14
15210,ok,32.0539,32.0539,31
15211,ok,31.6606,31.6606,14
15212,ok,38.3583,38.3583,34
15213,ok,40.5135,40.5135,22
15214,ok,43.1449,43.1449,17
15215,ok,42.6975,42.6975,18
15216,ok,37.4937,37.4937,21
15217,ok,48.7797,48.7797,28
15218,ok,27.1104,27.1104,41
15219,ok,49.8911,49.8911,16
1522,ok,26.6667,26.6667,22
15220,ok,43.5440,43.5440,26
15221,ok,47.7357,47.7357,12
15222,ok,41.0085,41.0085,22
15223,ok,34.3157,34.3157,35
15224,ok,31.8080,31.8080,24
15225,ok,29.7405,29.7405,30
15226,ok,25.7707,25.7707,28
15227,ok,40.7119,40.7119,17
15228,ok,31.2126,31.2126,33
15229,ok,28.0312,28.0312,21
1523,ok,47.6427,47.6427,14
15230,ok,48.5429,48.5429,17
15232,ok,43.6622,43.6622,16
15233,ok,30.5449,30.5449,9
15234,ok,25.8150,25.4323,24
15235,ok,36.2160,36.2160,33
15236,ok,48.2366,48.2366,16
15237,ok,41.7391,41.7391,26
15238,ok,44.3677,44.3677,32
15239,ok,23.0620,23.0620,13
1524,ok,41.0279,41.0279,15
15240,ok,22.6511,22.5609,39
15241,ok,37.9497,37.9497,32
15242,ok,43.0092,43.0092,23
15243,ok,48.7963,48.7963,17
15244,ok,29.3109,29.3109,32
15245,ok,26.7661,26.7661,36
15246,ok,45.2667,45.2667,23
15247,ok,47.1379,47.1379,23
15248,ok,28.7385,28.7385,27
15249,ok,36.9514,36.9514,12
1525,ok,41.8382,41.8382,16
15250,ok,49.4185,49.4185,30
15251,ok,26.7317,23.5678,30
15252,ok,31.3929,27.9694,28
15253,ok,27.2071,26.8727,17
15254,ok,43.9711,43.9711,15
15255,ok,36.8666,36.8666,30
15256,ok,33.4329,33.4329,16
15258,ok,49.8760,49.8760,29
15259,ok,49.4891,49.4891,27
1526,ok,43.9480,43.9480,10
15260,ok,46.7999,46.7999,21
15261,ok,49.1344,49.1344,25
15262,ok,36.4558,36.4558,15
15263,ok,15.8897,15.8897,11
15264,ok,49.0270,49.0270,24
15265,ok,42.5595,42.5595,30
15266,ok,41.7742,41.7742,19
15267,ok,37.8971,37.8971,18
15268,ok,45.7269,45.7269,28
15269,ok,48.5780,48.5780,14
1527,ok,36.7563,36.7563,27
15270,ok,41.4167,40.8052,14
15271,ok,43.3896,43.3896,28
15272,ok,43.4369,43.4369,18
15273,ok,42.8773,42.8773,28
15274,ok,36.0076,36.0076,11
15275,ok,32.5376,32.5376,30
15276,ok,43.0708,43.0708,18
15277,ok,44.6492,44.6492,11
15278,ok,34.3834,34.3834,20
15279,ok,42.1367,42.1367,21
1528,ok,48.0451,48.0451,25
15280,ok,46.3650,46.3650,14
15281,ok,45.1565,45.1565,29
15282,ok,26.4520,26.4520,25
15283,ok,40.8026,40.8026,17
15284,ok,35.5938,35.5938,35
15285,ok,49.5271,49.5271,15
15286,ok,37.7584,37.7584,19
15287,ok,45.4769,45.4769,14
15288,ok,47.0957,47.0957,31
15289,ok,45.9512,45.9512,11
1529,ok,42.9724,42.9724,26
15290,ok,47.3237,47.3237,24
15291,ok,49.6604,49.6604,23
15292,ok,42.3322,42.3322,22
15293,ok,47.2640,47.2640,14
15294,ok,44.2404,44.2404,19
15295,ok,49.4793,49.4793,13
15296,ok,48.2627,48.2627,19
15297,ok,43.2527,43.2527,35
15298,ok,42.8521,42.8521,16
15299,ok,48.4300,48.4300,34
153,ok,40.1979,40.1979,29
1530,ok,46.1813,46.1813,40
15300,ok,47.2383,47.2383,30
15301,ok,49.1625,49.1625,28
15302,ok,38.3023,38.3023,19
15303,ok,43.2583,43.2583,33
15304,ok,41.6609,41.0789,20
15305,ok,29.7127,29.7127,28
15306,ok,25.5562,25.5562,23
15307,ok,28.5246,28.5246,26
15308,ok,31.4656,31.4656,24
15309,ok,40.6081,40.6081,22
1531,ok,25.3137,25.3137,15
15310,ok,48.0260,47.7916,32
15311,ok,44.0436,44.0436,24
15312,ok,40.2595,40.2595,21
15313,ok,44.1883,44.1883,19
15314,ok,34.8916,34.8916,28
15315,ok,45.7413,45.7413,22
15316,ok,32.1816,32.1816,24
15317,ok,37.4734,37.4734,34
15318,ok,47.0724,47.0724,14
15319,ok,48.1776,45.6939,22
1532,ok,39.8871,39.8871,18
15320,ok,46.5724,46.5724,16
15321,ok,36.2104,36.2104,17
15322,ok,36.7101,36.7101,33
15323,ok,54.1926,49.0403,13
15324,ok,33.2606,33.2606,18
15325,ok,55.4743,49.4247,17
15326,ok,49.9826,49.9826,26
15327,ok,44.7016,44.7016,17
15328,ok,35.2311,35.2310,27
15329,ok,19.9060,19.9060,32
1533,ok,49.4771,49.4771,29
15330,ok,35.6928,35.6928,14
15331,ok,48.5651,48.5651,20
15332,ok,40.9273,40.9273,14
15333,ok,27.4737,27.4737,35
15334,ok,49.6543,49.6543,16
15335,ok,32.6235,32.6235,29
15336,ok,45.3035,45.3035,23
15337,ok,49.3324,43.3499,25
15338,ok,33.7475,33.7475,15
15339,ok,49.9522,49.9522,26
1534,ok,40.1530,40.1530,21
15340,ok,39.1656,39.1656,16
15341,ok,51.0230,49.7092,22
15342,ok,29.5778,29.5778,20
15343,ok,45.5992,45.5992,22
15344,ok,39.2952,39.2952,15
15345,ok,27.3249,27.3249,23
15346,ok,35.9947,35.9947,40
15348,ok,47.3037,47.3037,21
15349,exception:ValueError,-1.0000,-1.0000,-1
1535,ok,43.8612,43.8612,20
15350,ok,29.0643,29.0643,8
15351,ok,49.3530,49.3530,28
15352,ok,33.4485,33.4485,28
15353,ok,39.2051,39.2051,28
15354,ok,32.3098,32.3098,24
15355,ok,42.3363,42.3363,37
15356,ok,41.9135,41.9135,20
15357,ok,43.7114,41.8963,31
15358,ok,47.8641,47.8641,31
15359,ok,45.4120,45.4120,25
1536,ok,49.5149,49.5149,29
15360,ok,32.7969,32.7969,18
15361,ok,23.7243,23.7243,15
15362,ok,42.2082,42.2082,24
15363,ok,48.7240,48.7240,28
15364,ok,41.8100,41.8100,21
15365,ok,34.0383,34.0383,15
15366,ok,28.7618,28.7618,27
15367,ok,48.8654,48.8654,30
15368,ok,39.9597,39.9597,32
15369,ok,36.8251,36.8251,18
1537,ok,40.2642,40.2642,20
15370,ok,43.9432,43.9432,12
15371,ok,39.2417,38.1646,9
15372,ok,42.1534,42.1534,27
15373,ok,44.6152,44.6152,34
15374,ok,26.2782,26.2782,31
15375,ok,49.8815,49.8815,19
15376,ok,47.2145,47.2145,24
15377,ok,24.0359,24.0359,24
15378,ok,44.1327,44.1327,21
15379,ok,42.0657,41.3293,20
1538,ok,37.5956,37.5956,25
15380,ok,41.1167,41.1167,31
15381,ok,40.8627,40.8627,21
15382,ok,18.1625,18.1625,43
15383,ok,47.3269,45.7696,15
15384,ok,23.6039,23.6039,17
15385,ok,38.7878,38.7878,32
15386,ok,35.0573,35.0573,11
15387,ok,35.0567,35.0567,30
15388,ok,46.6819,46.6819,27
15389,ok,41.0645,41.0645,24
1539,ok,30.0927,30.0927,20
15390,ok,30.2362,30.2362,13
15391,ok,19.6478,19.6478,29
15392,ok,38.1359,38.1359,25
15393,ok,37.3777,37.3777,29
15394,ok,35.1801,35.1801,16
15395,ok,43.4281,43.4281,24
15396,ok,48.7879,48.7879,28
15398,ok,42.1736,42.1736,35
15399,ok,37.7399,37.7399,24
154,ok,46.8819,46.8819,9
1540,ok,41.1094,41.1094,23
15400,ok,39.3953,39.3953,20
15401,ok,48.2845,48.2845,13
15402,ok,41.3769,41.3769,13
15403,ok,34.3962,34.3962,21
15404,ok,32.8594,32.8594,10
15405,ok,37.5204,37.5204,17
15406,ok,46.7777,45.4931,15
15407,ok,43.2616,41.8877,31
15408,ok,27.6520,27.6520,21
15409,ok,37.4359,37.4359,29
1541,ok,34.7183,32.9717,19
15410,ok,35.8072,35.8072,19
15411,ok,46.5682,46.5682,9
15413,ok,49.4738,49.4738,19
15414,ok,49.9329,49.9329,31
15415,ok,42.9246,42.9246,17
15416,ok,37.8943,37.8943,21
15417,ok,47.1027,47.1027,32
15418,ok,49.4007,49.4007,32
15419,ok,48.0105,48.0105,11
1542,ok,36.1795,36.1795,17
15420,ok,21.6603,21.6603,16
15421,ok,44.9805,44.9805,20
15422,ok,32.2804,32.2804,25
15423,ok,43.6670,43.6670,18
15424,ok,43.7105,43.7105,16
15425,ok,48.6534,48.6534,28
15426,ok,45.6532,45.6532,13
15427,ok,37.4828,37.4828,31
15428,ok,34.3747,34.3747,27
15429,ok,49.5710,49.5710,29
1543,ok,48.8103,48.8103,21
15430,ok,37.2726,37.2726,16
15431,ok,37.5340,37.5340,19
15432,ok,27.1346,27.1346,26
15433,ok,44.2834,44.2834,31
15434,ok,48.2685,48.2685,26
15435,ok,42.7437,42.7437,36
15436,ok,26.2343,26.2343,20
15437,ok,45.5553,45.5553,21
15438,ok,26.1320,26.1320,17
15439,ok,36.3237,36.3237,15
1544,ok,39.9002,37.5632,22
15440,ok,34.2072,34.2072,33
15441,ok,40.2345,39.6997,30
15442,ok,39.9394,39.9394,14
15444,ok,48.8828,48.8828,15
15445,ok,30.3882,30.3882,36
15446,ok,45.6819,45.6819,18
15447,ok,29.5940,29.5940,36
15448,ok,36.1876,36.1876,31
15449,ok,33.9452,33.9452,17
1545,ok,43.1699,43.1699,11
15450,ok,37.3233,37.3233,19
15451,ok,47.0150,47.0150,34
15452,ok,32.5603,32.5603,30
15453,ok,46.4488,46.4488,10
15454,ok,43.1165,43.1165,37
15455,ok,27.2248,27.2248,21
15456,ok,48.6955,48.6955,33
15457,ok,46.3516,46.3516,46
15458,ok,46.0723,46.0723,12
15459,ok,42.3596,42.3596,14
1546,ok,43.4836,43.4836,28
15460,ok,20.0443,20.0443,39
15461,ok,42.5871,42.5871,12
15462,ok,38.7431,38.7431,14
15463,ok,32.4705,32.4705,28
15464,ok,41.1642,41.1642,22
15465,ok,38.1610,38.1610,26
15466,ok,34.4788,34.4788,20
15467,ok,29.3504,29.3504,25
15468,ok,34.7656,34.7656,25
15469,ok,34.1505,34.1505,46
1547,ok,47.3814,47.3814,35
15470,ok,38.5225,38.5225,17
15471,ok,37.2756,37.2756,30
15472,ok,47.9096,47.9096,23
15473,ok,44.6828,44.6828,24
15474,ok,36.4769,36.4769,18
15475,ok,26.1974,26.1974,19
15477,ok,41.6410,41.6410,40
15478,ok,49.6393,49.6393,28
15479,ok,34.8103,34.8103,29
1548,ok,42.6038,42.6038,33
15480,ok,49.9049,49.9049,33
15481,ok,49.8800,49.8800,27
15482,ok,39.4998,39.4998,16
15483,ok,49.6778,49.6778,25
15484,ok,48.3775,48.3775,28
15485,ok,46.0631,46.0631,20
15486,ok,30.3784,30.3784,11
15487,ok,20.5654,20.5654,26
15488,ok,15.8068,15.8068,23
15489,ok,47.7294,47.7294,41
1549,ok,28.6263,28.6263,24
15490,ok,23.3597,23.3597,13
15491,ok,34.8510,34.8510,21
15492,ok,47.4255,47.4255,21
15493,ok,49.4762,49.4762,34
15494,ok,48.9679,48.9679,11
15495,ok,49.3727,49.3727,23
15496,ok,40.5076,40.5076,16
15497,ok,34.8025,34.8025,20
15498,ok,47.4196,47.4196,40
15499,ok,43.4701,43.4701,25
155,ok,37.5957,37.2705,26
1550,ok,40.8863,40.8863,14
15500,ok,35.0206,35.0206,25
15501,ok,47.1281,47.1281,37
15502,ok,37.9316,37.9316,31
15503,ok,40.8094,40.8094,30
15504,ok,36.5251,36.5251,35
15505,ok,49.1764,49.1764,15
15506,ok,25.9299,25.9299,34
15508,ok,41.5983,41.5983,30
15509,ok,46.6711,46.6711,16
1551,ok,23.7000,23.7000,17
15510,ok,42.0731,42.0731,22
15511,ok,45.9718,45.9718,21
15512,ok,44.0604,44.0604,16
15513,ok,46.5615,46.5615,15
15514,ok,49.5783,49.5783,33
15515,ok,49.9458,49.9458,33
15516,ok,45.6319,44.6859,11
15517,ok,45.8229,45.8229,27
15518,ok,47.0059,47.0059,13
15519,ok,41.4940,41.4940,30
1552,ok,25.2385,25.2385,16
15520,ok,46.9845,46.9845,27
15521,ok,35.6093,35.6093,29
15522,ok,30.5924,30.5924,36
15523,ok,36.7801,36.7801,33
15524,ok,26.6378,26.6378,26
15525,ok,20.3090,18.0943,48
15526,ok,33.0282,33.0282,26
15527,ok,29.1528,29.1528,15
15528,ok,49.6034,49.6034,29
15529,ok,32.8614,32.8614,19
1553,ok,34.6879,34.6879,29
15530,ok,37.2490,37.2490,20
15531,ok,41.8778,41.8778,30
15532,ok,48.8680,48.8680,24
15533,ok,43.0702,43.0702,13
15534,ok,23.7578,23.7578,18
15535,ok,45.6406,45.6406,27
15536,ok,26.8914,26.8914,16
15537,ok,46.5463,46.5463,14
15538,ok,38.3672,38.3672,13
15539,ok,48.1067,48.1067,13
1554,ok,48.7110,48.7110,20
15540,ok,45.9470,45.9470,16
15541,ok,41.3395,41.3395,25
15542,ok,30.8195,30.8195,14
15543,ok,46.7211,46.7211,32
15544,ok,47.0162,47.0162,34
15545,ok,39.2137,39.2137,27
15546,ok,33.5427,33.5427,27
15547,ok,49.7733,49.7733,22
15548,ok,46.9872,46.9872,14
15549,ok,32.9466,32.9466,18
1555,ok,20.0400,20.0400,8
15550,ok,43.4939,43.4939,15
15551,ok,41.3045,39.4418,36
15552,ok,31.0969,30.8565,12
15553,ok,20.6059,20.6059,17
15554,ok,33.5434,33.5434,17
15555,ok,44.1126,44.1125,19
15556,ok,40.6334,40.6334,38
15557,ok,46.4201,46.4201,36
15558,ok,47.3760,47.3760,29
15559,ok,43.7588,43.7588,14
1556,ok,39.9840,39.9840,21
15560,ok,39.6047,39.6047,25
15561,ok,32.8794,32.8794,33
15562,ok,49.9049,49.9049,16
15563,ok,46.1069,46.1069,24
15564,ok,46.5794,46.0781,16
15565,ok,44.5514,44.5514,13
15566,ok,49.7295,49.7295,29
15567,ok,43.2985,43.2985,21
15568,ok,45.9383,45.9383,12
15569,ok,24.6080,24.6080,32
1557,ok,49.5509,49.5509,29
15570,ok,40.5452,40.5452,46
15571,ok,46.5610,46.5610,21
15572,ok,45.4100,45.4100,15
15573,ok,48.8118,48.8118,33
15574,ok,47.0738,47.0738,20
15575,ok,39.9997,39.9997,31
15576,ok,43.3790,43.3790,37
15577,ok,47.1451,47.1451,15
15578,ok,29.8716,29.8716,24
15579,ok,45.2329,45.2329,15
1558,ok,44.9362,44.9362,19
15580,ok,46.2485,46.2485,23
15581,ok,48.8176,48.8176,31
15582,ok,49.8238,49.8238,18
15583,ok,35.9315,35.9315,38
15584,ok,44.8355,44.8355,42
15585,ok,35.5379,34.3898,20
15586,ok,47.2732,47.2732,20
15588,ok,35.9381,35.9381,17
15589,ok,38.0088,38.0088,44
1559,ok,29.0468,29.0468,28
15590,ok,23.1941,23.1941,21
15591,ok,40.9311,40.9311,23
15592,ok,47.7620,47.7620,19
15593,ok,47.0048,47.0048,43
15594,ok,26.2185,26.2185,16
15595,ok,48.9280,48.9280,27
15596,ok,39.2644,39.2644,23
15597,ok,47.0056,47.0056,43
15598,ok,44.4016,44.4016,28
15599,ok,23.4894,23.4894,14
156,ok,49.0392,49.0392,23
1560,ok,45.4805,45.4805,17
15600,ok,39.6456,39.6456,14
15601,ok,49.8416,49.8416,29
15602,ok,22.6008,22.6008,25
15603,ok,40.5276,40.5276,16
15604,ok,35.7206,35.7206,13
15605,ok,47.6273,47.6273,31
15606,ok,36.7928,36.7928,12
15607,ok,36.1093,36.1093,14
15608,ok,33.3867,32.2001,30
15609,ok,38.0376,38.0376,23
1561,ok,36.4192,36.4192,32
15610,ok,31.2735,31.2735,43
15611,ok,46.6820,46.6820,13
15612,ok,40.0621,40.0621,30
15613,ok,40.7000,40.7000,15
15614,ok,49.6526,49.6526,32
15615,ok,44.0626,44.0626,13
15616,ok,47.4534,47.4534,19
15617,ok,45.6186,45.6186,24
15618,ok,42.8386,42.8386,19
15619,ok,39.6518,39.6518,30
1562,ok,23.0681,23.0681,35
15620,ok,33.7678,33.7678,10
15621,ok,34.1748,33.5967,12
15622,ok,26.7599,26.7599,16
15623,ok,29.7464,29.7464,37
15624,ok,44.4401,44.4401,18
15625,ok,35.3267,35.3267,20
15626,ok,45.2770,45.2770,35
15627,ok,47.4514,45.9020,18
15628,ok,37.3165,37.3165,37
15629,ok,42.2602,42.2602,16
1563,ok,36.8849,36.8849,32
15630,ok,26.6541,26.6541,30
15631,ok,48.9392,48.9392,23
15632,ok,47.4224,47.4224,21
15633,ok,46.1905,46.1905,25
15634,ok,45.0136,45.0136,24
15635,ok,34.4796,34.4796,28
15636,ok,43.2631,43.2631,20
15637,ok,42.5083,42.5083,15
15639,ok,19.2469,19.2469,15
1564,ok,44.5681,44.5681,21
15640,ok,40.3241,40.3241,16
15641,ok,47.0444,47.0444,28
15642,ok,36.8659,36.8659,32
15643,ok,46.1601,46.1601,16
15644,ok,39.5766,39.5766,29
15645,ok,30.9489,30.9489,16
15646,ok,42.8472,42.8472,14
15647,ok,34.0046,34.0046,14
15648,ok,44.3786,44.3786,22
15649,ok,33.0000,33.0000,12
1565,ok,44.5504,44.5504,40
15650,ok,43.1988,43.1988,9
15651,ok,42.2267,42.2267,18
15652,ok,39.9792,39.9792,26
15653,ok,44.8775,44.8775,20
15654,ok,49.5983,48.8018,25
15655,ok,36.2142,36.2142,29
15656,ok,45.7157,45.7157,12
15657,ok,49.8554,49.3838,19
15658,ok,43.0321,43.0321,21
15659,ok,47.6291,47.6291,35
1566,ok,48.2794,48.2794,39
15660,ok,33.2814,33.2814,19
15661,ok,40.1125,40.1125,39
15662,ok,45.5330,45.5330,25
15663,ok,26.3707,26.3707,25
15664,ok,37.8196,37.8196,39
15665,ok,36.6366,36.6366,20
15666,ok,45.8839,45.8839,13
15667,ok,36.1410,36.1410,23
15668,ok,43.4578,43.4578,36
15669,ok,49.7194,49.7194,14
1567,ok,39.5363,39.5363,16
15670,ok,28.5408,28.5408,32
15671,ok,36.4530,36.4530,17
15672,ok,46.3112,46.3112,26
15673,ok,40.2462,40.2462,31
15674,ok,49.7929,49.7929,23
15675,ok,22.2363,22.2363,29
15676,ok,48.2043,48.2043,20
15677,ok,40.4151,40.4151,24
15678,ok,35.3343,35.3343,22
15679,ok,270.8662,228.5663,22
1568,ok,17.6608,17.6608,15
15680,ok,19.1627,19.1627,19
15681,ok,43.5430,43.5430,14
15682,ok,44.7658,44.7658,37
15683,ok,43.7057,43.7057,23
15684,ok,30.8336,30.8336,18
15685,ok,32.2904,32.2904,10
15686,ok,20.7694,20.7694,26
15687,ok,40.7077,40.7077,14
15688,ok,49.3050,49.3050,24
15689,ok,49.6532,49.6532,18
1569,ok,37.2610,37.2610,14
15690,ok,48.3332,48.3332,40
15691,ok,48.1395,48.1395,24
15692,ok,39.3554,39.3554,30
15693,ok,44.9735,44.9735,29
15694,ok,37.1395,37.1395,35
15695,ok,43.7578,43.7578,19
15696,ok,47.1020,47.1020,16
15697,ok,35.8849,35.8849,25
15698,ok,48.2927,48.2927,18
15699,ok,45.5112,45.5112,18
157,ok,46.2897,46.2897,21
1570,ok,40.0742,40.0742,23
15700,ok,44.1763,44.1763,12
15701,ok,36.1564,36.1564,10
15702,ok,41.4734,41.4734,28
15703,ok,34.7462,34.7462,35
15704,ok,41.8770,41.8770,22
15705,ok,41.5490,41.5490,27
15706,ok,26.1593,26.1593,9
15707,ok,47.6578,45.2084,27
15708,ok,48.0018,42.7671,36
15709,ok,44.3745,44.3745,46
1571,ok,35.4637,35.4637,48
15710,ok,43.4478,41.7793,22
15711,ok,46.9478,46.9478,40
15712,ok,42.0597,42.0597,41
15713,ok,36.9077,36.9077,22
15714,ok,39.8375,39.8375,28
15715,ok,48.5222,48.5222,15
15716,ok,36.8584,36.8584,16
15717,ok,31.5650,30.3318,13
15719,ok,44.9758,44.9758,16
1572,ok,45.7643,45.7643,18
15720,ok,50.1683,49.7694,39
15721,ok,40.2541,40.2541,18
15722,ok,30.3445,30.3445,26
15723,ok,49.8011,49.8011,35
15724,ok,31.0153,31.0153,18
15725,ok,38.5638,38.5638,23
15726,ok,41.9071,41.9071,14
15727,ok,40.4990,40.4990,25
15728,ok,47.8591,47.8591,21
15729,ok,47.4602,47.4602,26
1573,ok,37.9636,37.9636,11
15730,ok,44.7335,44.7335,32
15731,ok,45.9767,45.9767,19
15732,ok,41.3764,41.3764,20
15733,ok,46.0938,46.0938,34
15734,ok,21.5142,21.5142,21
15735,ok,32.5384,32.5384,23
15736,ok,45.3272,45.3272,39
15737,ok,41.9206,41.9206,10
15738,ok,47.7251,47.7251,20
15739,ok,42.4123,42.4123,24
1574,ok,31.6515,31.6515,21
15740,ok,32.3678,32.3678,28
15741,ok,54.3429,48.4167,31
15742,ok,41.3012,41.3012,17
15743,ok,31.2740,31.2740,52
15744,ok,41.5133,40.1442,37
15745,ok,23.8566,23.8566,14
15747,ok,48.4428,48.4428,29
15748,ok,46.2809,46.2809,22
15749,ok,48.8026,48.8026,43
1575,ok,45.3198,45.3198,23
15750,ok,39.4096,39.4096,17
15751,ok,44.0677,44.0677,18
15752,ok,48.5873,48.5873,25
15753,ok,38.8206,38.8206,25
15754,ok,55.8472,49.7569,17
15755,ok,18.3769,18.3769,12
15756,ok,48.5398,48.5398,14
15757,ok,22.9724,22.9724,9
15758,ok,38.0039,38.0039,17
15759,ok,39.4844,39.4844,9
1576,ok,37.8104,37.8104,24
15760,ok,36.7828,36.7828,36
15761,ok,32.8583,32.8583,20
15762,ok,26.9858,26.9858,28
15763,ok,36.7508,36.7508,20
15764,ok,42.4204,37.7944,25
15765,ok,49.7037,48.2480,11
15766,ok,44.5275,44.5275,32
15767,ok,27.1347,27.1347,37
15768,ok,29.5321,29.5321,18
15769,ok,27.3938,27.3938,21
1577,ok,35.1996,35.1996,10
15770,ok,40.4432,40.4432,17
15771,ok,45.0206,45.0206,23
15772,ok,46.9309,46.9309,20
15773,ok,34.7455,34.7455,26
15774,ok,48.4267,48.4267,17
15775,ok,46.8729,46.8729,30
15776,ok,26.3694,26.3694,24
15777,ok,44.7368,44.7368,18
15778,ok,44.4148,44.4148,30
15779,ok,50.8823,49.6768,26
1578,ok,36.1027,36.1027,21
15780,ok,31.8861,31.8861,39
15781,ok,38.2594,38.2594,21
15782,ok,31.5219,31.5219,19
15783,ok,31.9650,31.9650,18
15784,ok,48.7617,48.7617,35
15785,ok,23.7493,23.7493,20
15786,ok,40.6483,40.6483,33
15787,ok,35.3600,35.3600,18
15788,ok,45.3753,45.3753,21
15789,ok,49.1542,49.1542,27
1579,ok,48.7156,45.8858,29
15790,ok,47.8641,47.8641,15
15791,ok,44.9622,44.9622,22
15792,ok,49.5356,49.5356,42
15793,ok,44.3047,44.3047,19
15794,ok,35.1543,35.1543,27
15795,ok,34.1851,34.1851,25
15796,ok,33.6532,33.6532,50
15797,ok,47.1612,47.1612,16
15798,ok,39.9146,39.9146,41
15799,ok,13.4900,13.3477,26
158,ok,40.3969,40.3969,33
1580,ok,46.9432,46.9432,22
15800,ok,47.6691,47.6691,20
15801,ok,33.6632,33.6632,29
15802,ok,47.6004,47.6004,36
15803,ok,48.3918,48.3918,29
15804,ok,47.1987,45.8600,24
15805,ok,38.8658,38.8658,30
15806,ok,44.4777,44.4777,16
15807,ok,40.6029,40.6029,13
15808,ok,49.9520,49.9520,25
1581,ok,50.3601,48.4437,20
15810,ok,48.3996,48.3996,19
15811,ok,39.2594,39.2594,29
15812,ok,21.0283,20.4396,30
15813,ok,21.5174,21.5174,20
15814,ok,33.4085,33.4085,34
15815,ok,49.4170,49.4170,28
15816,ok,32.4311,32.4311,22
15817,ok,26.5814,26.5814,20
15818,ok,48.4463,47.2368,21
15819,ok,42.6423,42.6423,20
1582,ok,36.8828,36.8828,24
15820,ok,45.6208,45.6208,28
15822,ok,44.2522,44.2522,19
15823,ok,49.2141,49.2141,20
15824,ok,47.5356,47.5356,19
15825,ok,46.0756,46.0756,16
15826,ok,40.1115,40.1115,13
15827,ok,24.5410,24.5410,15
15828,ok,30.7999,30.7999,26
15829,ok,35.7682,35.7682,27
1583,ok,44.8459,44.8459,19
15830,ok,47.7809,47.7809,29
15831,ok,43.3223,43.3223,19
15832,ok,46.8029,46.8029,20
15833,ok,30.1385,30.1385,13
15834,ok,45.2022,45.2022,21
15835,ok,30.3085,30.3085,22
15836,ok,41.9730,41.9730,22
15837,ok,36.2165,36.2165,18
15838,ok,66.1682,44.9992,12
15839,ok,27.3348,27.3348,16
1584,ok,41.1920,41.1920,30
15840,ok,49.5826,49.5826,16
15841,ok,40.1896,40.1896,23
15842,ok,49.3248,49.3248,28
15843,ok,49.6007,49.6007,24
15844,ok,41.9282,41.9282,33
15845,ok,46.7147,46.6140,26
15846,ok,48.5302,48.5302,24
15847,ok,41.8839,41.8839,11
15848,ok,43.3651,43.3651,25
15849,ok,27.0060,27.0060,19
1585,ok,52.3790,49.1903,29
15850,ok,39.4767,39.4767,16
15851,ok,44.9136,44.9136,15
15852,ok,45.9843,45.9843,18
15853,ok,39.1552,39.1552,15
15854,ok,42.9787,42.9787,16
15855,ok,48.9659,48.9659,38
15856,ok,44.7557,44.7557,30
15857,ok,48.4880,48.4880,36
15858,ok,46.0916,46.0916,32
15859,ok,47.5567,47.5567,17
1586,ok,30.4198,30.4198,21
15860,ok,48.0482,48.0482,18
15861,ok,46.7717,46.7717,22
15862,ok,46.7257,46.7257,26
15863,ok,42.8315,42.8315,18
15864,ok,47.7860,47.7860,26
15865,ok,37.9703,37.9703,18
15866,ok,38.1925,38.1925,17
15867,ok,47.5241,45.8896,22
15868,ok,47.1780,47.1780,10
15869,ok,21.3344,21.3344,32
1587,ok,39.2419,39.2419,23
15870,ok,49.1533,49.1533,22
15871,ok,28.2245,28.2245,13
15872,ok,48.5045,48.5045,20
15873,ok,34.5833,34.5833,32
15874,ok,44.8457,44.8457,27
15875,ok,47.9052,47.9052,17
15876,ok,41.9373,41.9373,25
15877,ok,46.0334,46.0334,11
15878,ok,42.2295,41.5695,22
15879,ok,43.9907,43.9907,26
1588,ok,26.3884,26.3884,14
15881,ok,39.9379,39.9379,16
15882,ok,41.7913,41.7913,28
15883,ok,21.5435,21.5435,13
15884,ok,46.8280,46.8280,24
15885,ok,49.3724,49.3724,30
15886,ok,41.6628,41.4715,14
15887,ok,29.2156,29.2156,35
15888,ok,46.5015,46.5015,33
15889,ok,40.2281,40.2281,44
1589,ok,47.7531,47.7531,28
15890,ok,33.0389,33.0389,16
15891,ok,38.5193,38.5193,15
15892,ok,39.2411,39.2411,37
15893,ok,29.9851,29.9851,27
15894,ok,20.6006,20.6006,11
15895,ok,37.2773,37.2773,29
15896,ok,40.2042,40.2042,20
15897,ok,48.4905,48.4905,15
15898,ok,28.3764,28.3764,16
15899,ok,38.0230,38.0230,19
159,ok,43.3703,43.3703,26
1590,ok,63.6236,54.7379,24
15900,ok,40.6349,40.6349,21
15901,ok,36.8378,36.8378,28
15902,ok,42.4197,42.4197,21
15903,ok,41.5399,41.5399,13
15904,ok,32.7795,32.7795,40
15905,ok,46.6191,46.6191,15
15906,ok,45.9913,45.6594,43
15907,ok,48.0373,48.0373,27
15908,ok,25.4092,25.4092,18
15909,ok,49.7448,49.7448,23
1591,ok,40.0286,40.0286,14
15910,ok,44.5274,39.6716,13
15911,ok,38.1897,38.1897,31
15912,ok,45.8740,45.8740,30
15913,ok,46.7499,46.7499,17
15914,ok,49.3732,49.3732,17
15915,ok,41.8928,41.8928,38
15916,ok,47.3128,47.3128,18
15917,ok,48.5310,48.5310,21
15918,ok,25.8716,25.8716,11
15919,ok,46.6618,46.6618,34
1592,ok,45.7450,45.7450,24
15920,ok,45.0127,45.0127,26
15921,ok,48.5554,48.5554,18
15922,ok,48.2011,48.2011,42
15923,ok,28.0088,28.0088,32
15924,ok,25.4034,25.4034,25
15925,ok,45.3947,45.3947,26
15926,ok,25.4123,25.4123,25
15927,ok,41.3477,41.3477,18
15928,ok,46.8651,46.8651,19
15929,ok,48.6655,48.6655,26
1593,ok,47.2667,47.2667,26
15930,ok,46.9263,46.1025,21
15931,ok,34.2855,34.2855,26
15932,ok,41.7963,41.7963,46
15933,ok,45.1132,45.1132,16
15934,ok,27.5977,27.5977,27
15935,ok,49.5636,49.5636,28
15936,ok,36.6636,36.6636,26
15937,ok,29.0943,29.0943,26
15938,ok,31.7739,31.0898,35
15939,ok,51.0836,49.0259,13
1594,ok,41.6548,41.6548,32
15940,ok,41.6979,41.6979,34
15942,ok,28.6481,28.6481,25
15943,ok,48.0683,48.0683,26
15944,ok,42.5697,42.5697,28
15945,ok,27.2115,27.2115,21
15946,ok,38.3415,38.3415,21
15947,ok,47.4110,47.4110,27
15948,ok,48.9375,48.9375,24
15949,ok,48.0184,48.0184,15
1595,ok,46.0627,46.0627,44
15950,ok,25.8512,25.8512,51
15951,ok,39.5368,39.5368,28
15952,ok,44.6700,44.6700,28
15953,ok,49.3608,49.3608,28
15954,ok,38.9915,38.9915,25
15955,ok,43.6737,43.6737,18
15956,ok,49.8310,49.8310,24
15957,ok,26.6223,26.2393,26
15958,ok,33.9666,33.4227,31
15959,ok,40.5048,40.5048,34
1596,ok,43.6502,43.6502,24
15960,ok,45.4758,45.4758,20
15961,ok,48.9943,48.9943,24
15962,ok,46.3468,46.3468,20
15963,ok,49.2886,49.2886,28
15964,ok,47.6708,47.6708,12
15965,ok,48.4329,48.4329,41
15966,ok,38.7506,38.7506,17
15967,ok,44.0494,44.0494,29
15968,ok,32.4392,32.4392,25
15969,ok,44.9021,44.9021,12
1597,ok,21.1628,21.1628,16
15970,ok,46.7120,46.7120,22
15971,ok,47.7293,47.7293,25
15972,ok,26.7910,26.7910,14
15973,ok,28.4099,28.4099,23
15974,ok,46.7080,46.7080,45
15975,ok,44.3692,44.3692,33
15976,ok,39.6305,39.6305,28
15977,ok,44.2830,44.2830,23
15978,ok,49.8184,49.8184,8
15979,ok,35.0612,35.0612,15
1598,ok,31.8704,31.8704,29
15980,ok,39.4264,39.4264,14
15981,ok,37.4162,36.9322,15
15982,ok,33.0736,33.0736,22
15983,ok,49.3555,49.3555,21
15984,ok,39.2888,39.2888,21
15985,ok,42.8558,42.8558,14
15986,ok,47.4801,47.4801,27
15987,ok,26.6837,25.6651,28
15988,ok,46.0914,46.0914,28
15989,ok,47.4732,47.4732,16
1599,ok,30.9621,30.9621,20
15990,ok,49.8050,49.8050,14
15991,ok,49.7577,49.7577,11
15992,ok,43.2934,41.4014,18
15993,ok,38.9299,38.9299,51
15994,ok,46.9124,46.9124,19
15995,ok,32.8355,32.8355,22
15996,ok,45.8287,45.8287,13
15997,ok,49.6995,49.6995,27
15998,ok,42.6751,38.0364,32
15999,ok,47.2077,47.2077,28
16,ok,39.8691,39.8691,20
160,ok,38.4732,38.4732,20
1600,ok,47.5413,47.5413,19
16000,ok,16.9506,16.9506,22
16001,ok,48.8739,48.8739,32
16002,ok,21.8796,21.8796,16
16003,ok,37.7254,37.7254,21
16005,ok,43.1655,43.1655,34
16006,ok,33.9214,33.9214,33
16007,ok,45.1849,45.1849,45
16008,ok,26.4532,26.4532,27
16009,ok,44.2441,44.2441,34
1601,ok,39.8622,39.8622,18
16010,ok,44.9095,44.9095,25
16011,ok,47.7560,47.7560,34
16012,ok,47.1431,47.1431,23
16013,ok,49.5231,49.5231,13
16014,ok,35.5503,35.5503,19
16015,ok,46.3442,46.3442,42
16016,ok,32.5448,32.5448,8
16017,ok,39.7544,39.7544,22
16018,ok,48.7895,48.7895,36
16019,ok,35.1552,35.1552,23
1602,ok,44.7019,44.7019,27
16020,ok,40.0723,40.0723,17
16021,ok,46.3442,46.3442,20
16022,ok,42.2716,42.2716,24
16023,ok,46.9834,46.9834,18
16024,ok,21.4792,21.4792,30
16025,ok,35.7651,35.7651,26
16026,ok,40.4807,40.4807,9
16027,ok,49.5692,49.5692,25
16028,ok,41.1598,41.1598,43
1603,ok,36.8262,36.8262,39
16030,ok,38.9373,38.9373,12
16031,ok,39.7631,39.7631,16
16032,ok,38.6210,38.6210,25
16033,ok,41.5699,41.5699,24
16034,ok,46.5407,46.5407,22
16035,ok,49.1288,49.1288,20
16036,ok,38.3848,38.3848,27
16037,ok,46.7035,46.7035,27
16038,ok,22.4456,22.4456,36
16039,ok,36.9389,36.9389,36
1604,ok,21.0814,21.0814,38
16040,ok,18.5749,18.5749,14
16041,ok,41.9467,41.9467,17
16042,ok,48.0629,48.0629,25
16043,ok,41.6560,41.6560,30
16044,ok,45.6653,45.6653,30
16045,ok,38.2623,38.2623,17
16046,ok,41.7983,41.7983,30
16047,ok,46.7739,46.7739,19
16048,ok,43.3942,43.3942,13
16049,ok,46.6186,46.6186,19
1605,ok,44.2361,44.2361,23
16050,ok,41.2417,41.2417,39
16051,ok,47.3093,47.3093,30
16052,ok,35.3320,35.3320,33
16053,ok,47.3647,47.3647,22
16054,ok,35.9026,34.5197,13
16055,ok,26.3322,26.3322,22
16056,ok,46.7177,46.7177,19
16057,ok,49.6188,49.6188,21
16058,ok,33.5132,33.5132,33
16059,ok,47.4122,42.6163,21
1606,ok,53.0005,47.2207,21
16060,ok,49.5770,49.5770,16
16061,ok,45.2442,45.2442,21
16062,ok,25.6867,25.6867,25
16063,ok,41.3296,41.3296,34
16064,ok,42.9656,41.4621,13
16065,ok,45.0036,45.0036,14
16066,ok,50.7983,47.1668,17
16067,ok,27.6324,27.6324,27
16068,ok,42.7204,42.7204,22
16069,ok,49.9415,49.9415,21
1607,ok,48.9188,48.9188,20
16070,ok,47.2770,47.2770,23
16071,ok,30.4803,30.4803,35
16072,ok,27.3141,27.3141,18
16073,ok,43.6176,43.6176,23
16074,ok,25.5460,25.5460,12
16075,ok,49.8858,49.8858,23
16076,ok,37.5061,37.5061,22
16077,ok,42.3849,42.3849,38
16078,ok,16.4623,16.4623,26
16079,ok,28.4602,28.4602,25
1608,ok,25.4189,25.4189,10
16080,ok,44.0096,44.0096,27
16081,ok,28.2710,28.2710,27
16082,ok,39.7611,39.7611,16
16083,ok,43.5910,43.5910,19
16084,ok,21.8411,21.8411,18
16085,ok,31.1252,31.1252,26
16086,ok,43.0904,43.0904,18
16087,ok,41.5738,41.5738,11
16088,ok,25.4820,25.4820,23
16089,ok,40.0323,40.0323,27
1609,ok,468.2461,63.0522,17
16090,ok,1060.1431,46.2072,24
16091,ok,30.8391,27.5016,18
16092,ok,39.5510,39.5510,38
16093,ok,37.5804,37.5804,20
16094,ok,46.5727,46.5727,31
16095,ok,41.2263,41.2263,28
16096,ok,49.7964,49.7964,26
16097,ok,46.7451,46.7451,45
16098,ok,46.8447,46.8447,41
16099,ok,27.5171,27.5171,27
161,ok,44.5016,44.5016,16
1610,ok,39.3324,39.3324,27
16100,ok,47.8461,46.0461,17
16101,ok,48.9840,48.9840,18
16102,ok,23.1592,23.1592,17
16103,ok,35.8771,35.8771,23
16104,ok,46.2152,46.2152,42
16105,ok,36.7548,36.7548,24
16106,ok,24.4805,24.4805,15
16107,ok,30.3962,30.3962,44
16109,ok,41.7094,41.7094,21
1611,ok,29.1554,28.7340,10
16110,ok,45.4911,45.4911,29
16111,ok,49.0701,49.0701,13
16112,ok,46.3125,46.3125,8
16113,ok,22.2977,22.2977,15
16114,ok,49.1580,49.1580,15
16115,ok,46.7744,46.7744,13
16116,ok,50.9200,48.7294,24
16117,ok,25.6221,25.6221,19
16118,ok,48.4771,48.4771,17
16119,ok,42.6258,42.6258,35
1612,ok,40.7903,40.7903,21
16120,ok,46.3530,46.3530,29
16121,ok,15.8960,15.8960,18
16122,ok,43.7478,43.7478,21
16123,ok,45.1373,45.1373,21
16124,ok,41.1190,41.1190,28
16125,ok,49.8432,49.8432,31
16126,ok,41.5271,41.5271,23
16127,ok,41.9594,41.9594,19
16128,ok,35.1419,35.1419,22
16129,ok,36.8803,36.8803,24
1613,ok,41.7721,41.7721,27
16130,ok,49.5367,49.5367,34
16131,ok,37.0316,37.0316,29
16132,ok,31.4655,31.4655,24
16133,ok,32.0097,32.0097,39
16134,ok,47.2260,47.2260,22
16135,ok,45.2640,45.2640,29
16136,ok,28.3854,28.3854,17
16137,ok,22.3899,22.3899,38
16138,ok,43.8976,43.8976,26
16139,ok,47.1694,47.1694,22
1614,ok,46.3699,46.3699,39
16140,ok,39.8358,39.8358,49
16141,ok,32.1598,32.0369,22
16142,ok,38.2774,38.2774,35
16143,ok,44.1865,44.1865,36
16144,ok,48.7000,48.7000,19
16145,ok,47.3411,47.3411,13
16146,ok,24.7770,24.7770,16
16147,ok,44.7198,44.7198,16
16148,ok,47.2486,47.2486,15
16149,ok,46.3382,46.3382,38
1615,ok,44.7772,44.7772,19
16150,ok,44.2523,44.2523,34
16151,ok,48.7538,48.7538,13
16152,ok,25.6295,25.6295,10
16153,ok,46.1569,46.1569,16
16154,ok,39.5473,39.5473,21
16155,ok,29.7937,29.7937,29
16156,ok,33.8847,33.8847,30
16157,ok,47.0144,47.0144,37
16158,ok,43.1196,41.4809,15
1616,ok,33.3424,33.3424,24
16160,ok,34.6651,34.6651,18
16161,ok,45.0624,44.0350,21
16162,ok,41.4394,41.4394,22
16163,ok,37.7638,37.7638,18
16164,ok,46.2655,46.2655,20
16165,ok,45.8292,45.8292,17
16166,ok,46.3718,46.3718,26
16167,ok,16.9204,16.9204,23
16168,ok,38.8018,38.8018,13
16169,ok,24.8490,24.8490,34
1617,ok,49.0346,49.0346,42
16170,ok,43.1542,43.1542,39
16171,ok,25.8522,25.8522,41
16172,ok,38.3462,38.3462,46
16173,ok,42.3778,42.3778,30
16174,ok,44.9993,44.9993,20
16175,ok,43.0376,41.8056,21
16177,ok,30.7924,30.7924,33
16178,ok,49.4204,49.4204,19
16179,ok,45.7387,45.7387,36
1618,ok,45.4159,45.4159,17
16180,ok,45.3688,45.3688,22
16181,ok,49.6182,49.6182,41
16182,ok,45.9784,45.9784,26
16183,ok,35.6028,35.6028,21
16184,ok,35.9190,35.9190,17
16185,ok,42.2035,42.2035,13
16186,ok,34.7741,34.7741,27
16187,ok,43.9229,43.9229,30
16188,ok,31.7797,31.7797,26
16189,ok,44.3037,44.3037,14
1619,ok,49.9876,49.9876,20
16190,ok,37.8193,37.8193,20
16191,ok,45.1986,45.1986,29
16192,ok,39.1973,39.1973,16
16193,ok,48.8694,48.8694,37
16194,ok,46.6093,46.6093,20
16195,ok,43.2893,43.2893,13
16196,ok,46.6054,46.6054,18
16197,ok,35.4368,35.4368,19
16198,ok,43.3349,43.3349,33
16199,ok,43.6801,43.6801,17
162,ok,45.3644,45.3644,17
1620,ok,47.1568,47.1568,23
16200,ok,49.0499,49.0499,47
16201,ok,37.1610,37.1610,17
16202,ok,33.2628,33.2628,37
16203,ok,46.9962,46.9962,17
16204,ok,45.4283,45.4283,27
16205,ok,34.0785,34.0785,23
16206,ok,40.8165,40.8165,19
16207,ok,38.4112,38.4112,21
16208,ok,40.1991,40.1991,23
16209,ok,37.7857,37.7857,29
1621,ok,31.8615,31.8615,17
16210,ok,45.2959,45.2959,36
16211,ok,46.9371,46.9371,25
16212,ok,37.3207,37.3207,35
16213,ok,43.5333,43.5333,25
16214,ok,49.5464,49.5464,30
16215,ok,29.6460,29.6460,22
16216,ok,33.6698,33.6698,23
16217,ok,39.4205,39.4205,20
16218,ok,44.8640,44.8640,27
16219,ok,44.2348,44.0516,23
1622,ok,39.9084,39.9084,25
16220,ok,36.6866,36.6866,22
16221,ok,35.8994,35.8994,32
16222,ok,48.0100,48.0100,16
16223,ok,43.2870,43.2870,19
16224,ok,47.3572,47.3572,29
16225,ok,46.1007,46.1007,23
16226,ok,35.2319,35.2319,11
16227,ok,27.1243,27.1243,38
16228,ok,35.6733,35.6733,18
16229,ok,47.7605,47.7605,21
1623,ok,28.7096,28.7096,21
16230,ok,41.2618,41.2618,28
16231,ok,36.9232,36.9232,19
16232,ok,40.8607,40.8607,32
16233,ok,47.9629,46.1859,20
16234,ok,46.4364,41.3724,23
16235,ok,48.6888,48.6888,28
16236,ok,37.0409,37.0409,16
16237,ok,43.2202,43.2202,31
16238,ok,47.8371,47.8371,26
16239,ok,33.9010,33.9010,18
1624,ok,30.4723,30.4723,23
16240,ok,46.4566,46.4566,23
16241,ok,48.9614,48.9614,20
16242,ok,41.5261,41.5261,17
16243,ok,44.4580,44.4580,31
16244,ok,44.6529,44.6529,16
16245,ok,42.8160,42.8160,39
16246,ok,25.2601,25.2601,13
16247,ok,37.4114,37.4114,14
16248,ok,44.6584,44.6584,21
16249,ok,35.6747,35.6747,14
1625,ok,39.2871,39.2871,19
16250,ok,35.8208,35.6846,29
16251,ok,40.6771,40.6771,37
16252,ok,44.4088,44.4088,21
16253,ok,45.1386,45.1386,18
16254,ok,29.0150,29.0150,23
16255,ok,21.5005,21.5005,20
16256,ok,26.9246,26.9246,23
16257,ok,48.1971,48.1971,46
16258,ok,45.9668,45.9668,27
16259,ok,39.8631,39.8631,19
1626,ok,37.4676,37.4676,18
16260,ok,33.0542,33.0542,31
16261,ok,36.9392,36.9392,21
16262,ok,43.3730,43.3730,20
16263,ok,43.2415,43.2415,57
16265,ok,38.5347,38.5347,28
16266,ok,30.7960,30.7960,31
16267,ok,46.5985,46.5985,20
16268,ok,46.7107,46.7107,40
16269,ok,18.0228,18.0228,25
1627,ok,48.4362,48.4362,18
16270,ok,39.6212,39.6212,28
16271,ok,46.3414,46.3414,30
16272,ok,45.4793,45.4793,31
16273,ok,40.3508,40.3508,15
16274,ok,45.9023,42.3390,32
16276,ok,29.6318,29.6318,16
16277,ok,43.1305,42.8243,26
16278,ok,38.4425,38.4425,15
16279,ok,41.8808,41.8808,35
1628,ok,45.1643,45.1643,27
16280,ok,27.3275,27.3275,32
16281,ok,28.2413,28.2413,21
16282,ok,32.6781,32.6781,21
16283,ok,30.1573,30.1573,13
16284,ok,49.4088,49.4088,34
16285,ok,43.5093,43.5093,19
16286,ok,47.1970,47.1970,17
16287,ok,42.4777,42.4777,31
16288,ok,29.0670,29.0670,17
16289,ok,43.4538,43.4538,25
1629,ok,39.7286,39.7286,20
16290,ok,35.2891,35.2891,25
16291,ok,34.8718,34.8718,30
16292,ok,46.3838,46.3838,22
16293,ok,41.2666,41.2666,29
16294,ok,40.5954,40.5954,22
16295,ok,49.0960,49.0960,17
16296,ok,45.4694,45.4694,28
16297,ok,23.1049,23.1049,26
16298,ok,52.3866,47.5150,22
16299,ok,29.2754,29.2754,19
163,ok,42.4664,38.3449,36
1630,ok,24.2955,24.2955,43
16300,ok,37.5590,37.5590,18
16301,ok,35.9023,35.9023,22
16302,ok,33.7401,33.7401,25
16303,ok,43.7061,43.7061,32
16304,ok,21.9189,21.9189,22
16305,ok,44.4236,44.4236,28
16306,ok,44.8187,44.8187,21
16307,ok,47.2227,47.2227,31
16308,ok,48.1868,48.1868,23
16309,ok,41.4587,41.4587,20
1631,ok,37.8282,37.8282,37
16310,ok,46.8736,46.8736,25
16311,ok,39.5179,39.5179,34
16312,ok,46.3591,46.3591,24
16313,ok,43.8300,43.8300,29
16314,ok,49.7894,49.7894,25
16315,ok,46.6861,46.6861,26
16316,ok,49.5957,49.5957,40
16317,ok,35.8446,35.8446,37
16318,ok,41.7092,41.7092,36
16319,ok,28.3608,28.3608,24
1632,ok,41.7144,41.7144,19
16320,ok,45.3118,45.3118,21
16321,ok,47.2334,47.2334,40
16322,ok,40.0402,40.0402,24
16323,ok,33.8848,33.8848,13
16324,ok,37.6009,37.6009,25
16325,ok,38.1299,38.1299,22
16326,ok,47.5621,47.5621,20
16327,ok,42.8768,41.6918,15
16328,ok,42.7080,42.7080,16
16329,ok,49.1244,49.1244,19
1633,ok,25.7070,25.7070,27
16330,ok,47.9596,47.9596,10
16331,ok,48.5019,48.5019,25
16332,ok,41.3754,41.3754,22
16333,ok,47.6131,47.6131,20
16335,ok,44.7156,44.7156,18
16336,ok,41.7810,41.7810,22
16337,ok,40.9660,40.9660,22
16338,ok,78.2843,55.6466,71
16339,ok,31.7892,31.7892,20
1634,ok,43.6745,38.9117,13
16340,ok,43.1745,43.1745,32
16341,ok,48.2847,48.2847,21
16342,ok,42.5652,39.4929,15
16343,ok,30.5241,30.5241,26
16344,ok,24.3638,24.3638,24
16345,ok,47.4068,47.4068,23
16346,ok,49.2315,49.2315,23
16347,ok,36.7125,36.7125,33
16348,ok,20.9063,20.9063,24
16349,ok,43.0162,43.0162,22
1635,ok,43.7035,43.7035,15
16350,ok,47.6683,47.6683,16
16351,ok,42.8964,42.8964,22
16352,ok,29.0444,29.0444,19
16353,ok,37.6016,37.6016,18
16354,ok,48.3630,48.3630,19
16355,ok,53.6912,47.8361,24
16356,ok,39.4942,39.4942,20
16357,ok,27.4218,27.4218,22
16358,ok,48.1108,48.1108,24
16359,ok,34.5068,34.5068,28
1636,ok,24.6929,24.6929,30
16360,ok,51.5071,49.7144,21
16361,ok,29.2966,29.2966,29
16362,ok,43.6838,43.6838,37
16363,ok,19.2352,19.2352,17
16364,ok,42.8898,42.8898,23
16365,ok,23.5496,23.5496,42
16366,ok,10.9165,7.0684,4
16367,ok,43.7515,43.7515,13
16368,ok,45.4297,45.4297,19
16369,ok,24.1693,24.1693,14
1637,ok,47.0702,47.0702,21
16370,ok,48.2941,48.2941,19
16371,ok,36.6284,36.6284,32
16372,ok,42.9753,42.9753,30
16373,ok,45.6713,45.6713,13
16374,ok,40.3207,40.3207,37
16375,ok,50.5754,45.0601,26
16376,ok,49.0887,49.0887,23
16377,ok,35.0334,35.0334,27
16378,ok,47.4008,47.4008,13
16379,ok,42.5326,42.5326,19
1638,ok,43.0221,43.0221,23
16380,ok,25.8708,25.8708,19
16381,ok,35.0735,35.0735,19
16382,ok,32.9156,32.9156,16
16383,ok,38.7026,38.7026,20
16384,ok,48.0098,48.0098,14
16385,ok,29.6486,29.6486,22
16386,ok,35.1265,35.1265,32
16387,ok,48.5978,48.5978,14
16388,ok,39.8305,39.8305,22
16389,ok,34.4278,34.4278,25
16390,ok,48.5381,48.5381,13
16391,ok,45.2869,45.2869,14
16392,ok,48.7957,48.7957,13
16393,ok,48.2172,48.2172,16
16394,ok,51.7426,46.8941,12
16395,ok,48.5951,48.5951,36
16396,ok,41.6897,41.6897,24
16397,ok,45.2874,45.2874,16
16398,ok,39.3290,39.3290,17
16399,ok,44.4341,44.4341,13
1640,ok,51.5076,48.8320,31
16401,ok,46.7096,46.1421,17
16402,ok,43.6341,43.6341,19
16403,ok,37.4708,37.4708,34
16404,ok,33.6812,33.6812,27
16405,ok,17.7597,17.7597,14
16406,ok,40.2305,40.2305,20
16407,ok,49.6594,49.6594,24
16408,ok,22.2340,22.2340,15
16409,ok,34.7544,34.7544,15
1641,ok,47.7640,47.7640,18
16410,ok,28.7967,28.7967,15
16411,ok,27.0840,27.0840,24
16412,ok,36.1592,36.1592,19
16413,ok,42.3572,42.3572,18
16414,ok,38.0542,38.0542,20
16415,ok,40.5101,40.5101,23
16416,ok,29.8854,29.8854,41
16417,ok,46.8240,46.8240,22
16418,ok,40.1666,40.1666,25
16419,ok,46.2487,46.2487,47
1642,ok,29.9250,29.9250,12
16420,ok,30.4124,30.4124,21
16421,ok,48.4034,48.4034,39
16422,ok,44.8892,44.8892,21
16423,ok,34.1784,34.1784,16
16424,ok,30.2485,30.2485,13
16425,ok,43.7306,43.7306,17
16426,ok,35.9641,35.9641,26
16427,ok,42.9435,42.9435,22
16428,ok,35.8589,35.8589,35
16429,ok,18.9637,18.9637,44
1643,ok,44.0167,44.0167,22
16430,ok,44.8435,44.8435,24
16431,ok,48.4212,48.4212,34
16432,ok,44.2135,42.4858,21
16433,ok,48.1766,48.1766,18
16434,ok,45.2389,45.2389,17
16435,ok,49.4383,49.4383,33
16436,ok,35.0010,35.0010,19
16437,ok,30.6776,30.6776,19
16438,ok,38.7956,38.7956,16
16439,ok,38.2493,38.2493,25
1644,ok,49.7635,49.7635,33
16440,ok,48.2189,48.2189,21
16441,ok,44.6166,44.6166,31
16442,ok,34.1309,34.1309,26
16443,ok,42.0019,40.0886,26
16444,ok,30.8192,30.8192,22
16445,ok,34.7918,34.7918,32
16446,ok,23.4283,23.4283,24
16447,ok,26.5144,26.5144,36
16448,ok,33.8359,33.8359,24
16449,ok,47.2871,47.2871,22
1645,ok,40.9134,40.9134,26
16450,ok,36.8360,36.8360,41
16451,ok,35.6279,35.6279,20
16452,ok,40.2255,40.2255,31
16453,ok,48.7588,48.7588,34
16455,ok,48.7643,48.7643,18
16456,ok,45.6832,45.6832,12
16457,ok,45.9540,45.9540,25
16458,ok,39.7816,39.7816,37
16459,ok,46.2734,46.2734,16
1646,ok,37.5704,37.5704,30
16460,ok,46.1859,46.1859,20
16461,ok,45.0450,45.0450,30
16462,ok,47.3511,47.3511,15
16463,ok,40.4157,40.4157,15
16464,ok,40.2984,40.2984,15
16465,ok,41.8658,41.8658,25
16466,ok,42.9151,42.9151,42
16467,ok,39.2546,39.2546,17
16468,ok,35.1070,35.1070,21
16469,ok,37.7099,37.7099,27
1647,ok,38.2684,38.2684,21
16470,ok,47.1666,47.1666,33
16471,ok,40.5067,40.5067,44
16472,ok,47.7883,47.7883,20
16473,ok,47.3313,47.3313,13
16474,ok,38.6345,38.6345,19
16475,ok,31.5300,31.5300,14
16477,ok,28.6053,28.6053,31
16478,ok,45.2398,45.2398,16
16479,ok,39.5568,39.5568,17
1648,ok,44.3729,44.3729,28
16480,ok,46.4633,46.4633,30
16481,ok,43.0488,43.0488,19
16482,ok,45.3355,45.3355,32
16483,ok,28.2492,28.2492,33
16484,ok,43.3433,43.3433,26
16485,ok,35.5910,35.5910,38
16486,ok,33.0414,33.0414,29
16487,ok,33.4875,33.4875,34
16488,ok,38.1183,38.1183,16
16489,ok,48.5802,48.5802,9
1649,ok,46.8976,46.8976,27
16491,ok,49.2872,49.2872,13
16492,ok,33.8321,33.8321,20
16493,ok,42.1796,42.1796,38
16494,ok,42.0211,42.0211,26
16495,ok,48.3712,48.3712,18
16496,ok,46.6081,46.6081,28
16497,ok,48.3955,48.3955,24
16498,ok,39.7162,39.7162,39
16499,ok,48.5017,48.5017,15
165,ok,49.9691,49.9691,21
1650,ok,41.0101,41.0101,32
16500,ok,29.4234,29.4234,21
16501,ok,48.1003,48.1003,23
16502,ok,47.9716,47.9716,22
16503,ok,49.1583,49.1583,32
16504,ok,49.2743,49.2743,20
16505,ok,22.2245,22.2245,31
16507,ok,49.5997,49.5997,42
16508,ok,32.9423,32.9423,17
16509,ok,38.3259,38.3259,11
1651,ok,42.4304,42.4283,20
16510,ok,30.2932,30.2932,20
16511,ok,26.3509,26.3509,14
16512,ok,42.5847,42.5847,30
16513,ok,30.5103,30.5103,24
16514,ok,39.2957,39.2957,44
16515,ok,47.8023,47.8023,17
16516,ok,47.7646,47.7646,17
16517,ok,41.0154,41.0154,19
16518,ok,44.6134,44.6134,21
16519,ok,46.4304,46.4304,33
1652,ok,28.2688,28.2688,18
16520,ok,31.4142,31.4142,17
16521,ok,26.9964,26.9946,25
16522,ok,45.8036,45.8036,25
16523,ok,47.4982,47.4982,21
16524,ok,42.8051,42.8051,41
16525,ok,38.8367,38.8367,13
16526,ok,34.7992,34.7992,30
16527,ok,41.9558,41.9558,19
16528,ok,41.5769,41.5769,8
16529,ok,40.5792,40.5792,14
1653,ok,46.4706,46.4706,21
16530,ok,46.4215,46.4215,19
16531,ok,45.4115,45.4115,20
16532,ok,48.9274,48.9274,12
16533,ok,39.4506,39.4506,15
16534,ok,46.5859,46.5859,19
16535,ok,38.5366,34.3341,22
16536,ok,49.3778,49.3778,13
16537,ok,49.1249,49.1249,29
16538,ok,43.9269,43.9269,10
16539,ok,30.0349,30.0349,29
1654,ok,48.8986,48.8986,38
16540,ok,29.5277,29.5277,8
16541,ok,46.6349,46.6349,28
16542,ok,49.6831,49.6831,18
16543,ok,49.5198,49.5198,27
16544,ok,37.7188,37.7188,21
16545,ok,45.5763,45.5763,12
16546,ok,38.0569,38.0569,22
16547,ok,45.2304,45.2304,20
16548,ok,38.2993,38.2993,22
16549,ok,35.9847,35.7782,31
16550,ok,22.3961,22.3961,26
16552,ok,45.9248,45.9248,37
16553,ok,32.8026,32.8026,42
16554,ok,48.3568,48.3568,37
16555,ok,42.7327,42.7327,13
16556,ok,41.3067,39.8014,30
16557,ok,23.0934,23.0934,27
16558,ok,43.4454,43.4454,39
16559,ok,39.4685,39.4685,30
1656,ok,22.9553,22.9553,26
16560,ok,45.9037,45.9037,29
16561,ok,49.8471,49.8471,31
16562,ok,48.6287,48.6287,29
16563,ok,43.2246,43.2246,11
16564,ok,37.4832,37.4832,42
16565,ok,48.4453,48.4453,25
16566,ok,44.3867,44.3867,30
16567,ok,34.1452,34.1452,44
16568,ok,40.4782,40.4782,27
16569,ok,33.4289,33.4288,22
1657,ok,42.7855,42.7855,25
16570,ok,35.2854,35.2854,13
16571,ok,44.6278,44.6278,14
16572,ok,49.3568,49.3568,19
16573,ok,47.5146,47.5146,29
16574,ok,49.0521,49.0521,11
16575,ok,28.3436,28.3436,20
16576,ok,42.5414,42.5414,37
16577,ok,40.4941,40.4941,15
16578,ok,34.3397,34.3397,17
16579,ok,39.1405,39.1405,15
1658,ok,42.5523,42.5523,20
16580,ok,48.7037,48.7037,32
16581,ok,35.3935,35.3935,29
16582,ok,47.0349,47.0349,36
16583,ok,39.0281,39.0281,37
16584,ok,26.4123,26.4123,22
16585,ok,26.6747,26.6747,23
16586,ok,43.1377,43.1377,22
16587,ok,54.1167,48.2152,16
16588,ok,43.4881,43.4881,34
16589,ok,44.5908,44.5908,26
1659,ok,42.2809,42.2809,28
16590,ok,43.7015,42.4261,31
16591,ok,41.9709,41.9709,17
16592,ok,31.8514,31.8514,19
16593,ok,37.1387,37.1387,25
16594,ok,31.1528,31.1528,32
16595,ok,44.5634,44.5634,16
16596,ok,47.8931,47.8931,17
16597,ok,48.9081,48.9081,35
16598,ok,48.4292,48.4292,29
16599,ok,41.7496,41.7496,14
166,ok,38.3937,38.3937,26
1660,ok,39.5150,39.5150,9
16600,ok,49.3997,49.3997,17
16601,ok,46.1473,46.1473,22
16602,ok,40.4948,40.4948,38
16603,ok,21.6189,21.6189,16
16604,ok,38.5460,38.5460,22
16605,ok,46.0464,46.0464,19
16606,ok,44.2667,44.2667,28
16607,ok,47.0273,47.0273,39
16608,ok,47.0746,47.0746,16
16609,ok,39.6184,39.6184,17
1661,ok,49.1900,49.1900,21
16610,ok,44.8330,44.8330,18
16611,ok,30.2575,30.2575,32
16612,ok,46.9095,46.9095,9
16613,ok,27.6531,27.6531,22
16614,ok,38.2426,38.2426,29
16615,ok,25.1180,25.1180,10
16616,ok,41.7622,41.7622,8
16617,ok,32.1236,32.1236,14
16618,ok,41.4670,41.4670,18
16619,ok,34.6114,34.6114,24
1662,ok,43.1198,43.1198,22
16620,ok,42.1793,42.1793,17
16621,ok,49.4042,49.4042,17
16622,ok,31.2734,31.2734,17
16623,ok,42.7638,42.7638,29
16624,ok,49.8702,49.8702,20
16625,ok,41.7327,41.7327,36
16626,ok,40.1582,40.1582,26
16627,ok,44.8569,44.8569,35
16628,ok,40.4828,40.4828,34
16629,ok,22.3850,22.3850,17
1663,ok,45.5969,45.5969,13
16630,ok,47.0377,47.0377,22
16631,ok,24.2561,24.2561,28
16632,ok,49.3109,49.3109,18
16633,ok,42.1086,42.0971,16
16634,ok,44.9416,44.9416,33
16635,ok,47.7279,47.7279,34
16636,ok,38.3348,38.3348,35
16637,ok,45.2193,45.2193,38
16638,ok,45.3596,45.3596,19
16639,ok,34.5609,34.5609,11
1664,ok,37.1670,37.1670,10
16640,ok,30.7570,30.7570,17
16641,ok,48.7567,48.7567,18
16642,ok,43.0219,43.0219,32
16643,ok,35.0806,35.0806,23
16644,ok,26.5392,25.2986,12
16646,ok,28.1121,28.1121,21
16647,ok,43.7077,43.7077,29
16648,ok,43.5419,43.5419,19
16649,ok,42.9374,42.9374,20
1665,ok,41.4607,41.4607,21
16650,ok,29.6043,29.6043,13
16651,ok,33.9159,33.9159,22
16652,ok,40.5120,40.5120,30
16653,ok,44.6089,44.6089,20
16654,ok,48.4921,48.4921,33
16655,ok,42.9758,42.9758,34
16656,ok,49.2461,49.2461,22
16657,ok,40.5294,40.5294,21
16658,ok,21.4335,21.4335,27
16659,ok,29.0551,29.0551,25
1666,ok,39.8535,39.0479,32
16660,ok,29.5084,29.5084,17
16661,ok,36.0992,36.0992,32
16662,ok,19.0963,19.0963,23
16663,ok,27.9743,27.3011,39
16664,ok,46.5751,46.5751,8
16665,ok,28.5621,28.5621,18
16666,ok,49.3796,49.3796,38
16667,ok,47.5741,47.5741,28
16668,ok,40.5833,40.5833,16
16669,ok,35.6942,35.6942,27
1667,ok,34.5354,34.5354,18
16670,ok,36.8745,36.8745,24
16671,ok,25.8127,25.7505,20
16673,ok,20.8947,20.8947,20
16674,ok,40.8449,40.8449,25
16675,ok,32.6912,32.6912,32
16676,ok,30.0261,30.0261,39
16677,ok,46.4619,46.4619,13
16678,ok,36.3078,36.3078,14
16679,ok,37.6938,37.6938,25
1668,ok,49.6222,49.6222,26
16680,ok,47.2480,47.2480,11
16681,ok,46.4439,46.4439,28
16682,ok,24.6701,24.6701,18
16683,ok,49.5837,49.5837,19
16684,ok,37.8816,37.8816,17
16685,ok,27.4923,27.4923,30
16686,ok,43.0011,38.3117,37
16687,ok,44.7294,44.7294,10
16688,ok,47.7109,47.7109,31
16689,ok,49.3421,49.3421,20
1669,ok,45.6570,45.6570,37
16690,ok,29.5765,29.5765,21
16691,ok,35.7992,35.7992,21
16692,ok,41.8367,41.8367,23
16693,ok,26.9464,26.9464,15
16694,ok,44.9378,44.9378,15
16695,ok,22.2005,22.2005,14
16696,ok,31.2796,31.2796,17
16697,ok,49.1925,49.1925,23
16698,ok,49.9832,49.9832,37
16699,ok,27.5958,27.5958,20
167,ok,34.5141,34.5141,42
1670,ok,49.8205,49.8205,29
16700,ok,33.5435,33.5435,18
16701,ok,41.9195,41.9195,15
16702,ok,49.3714,49.3714,38
16703,ok,46.9035,46.8789,18
16704,ok,34.2028,34.2028,12
16705,ok,27.3205,27.3205,23
16706,ok,40.8622,40.8622,24
16707,ok,48.8281,48.8281,25
16708,ok,24.3583,24.3583,21
16709,ok,32.0636,32.0636,31
1671,ok,45.4142,45.4142,16
16710,ok,33.0705,33.0705,16
16711,ok,29.2693,29.2693,23
16712,ok,45.6437,44.3235,25
16713,ok,26.4639,26.4639,24
16714,ok,43.2455,43.2455,22
16715,ok,44.7226,44.7226,18
16716,ok,48.8312,48.8312,16
16717,ok,43.6725,43.6725,25
16718,ok,49.8916,49.8916,19
16719,ok,36.8306,36.8306,15
1672,ok,40.0745,40.0745,42
16720,ok,28.2352,28.2352,15
16721,ok,42.9986,42.9986,24
16722,ok,37.2404,37.2404,17
16723,ok,45.5151,45.5151,19
16724,ok,42.0586,41.8930,22
16725,ok,40.9451,40.9451,28
16726,ok,37.6378,37.6378,32
16727,ok,30.1781,30.1781,30
16728,ok,48.0164,48.0164,20
16729,ok,43.2499,43.2499,29
1673,ok,39.5685,39.5685,25
16730,ok,46.4155,46.4155,31
16731,ok,47.3084,47.3084,15
16732,ok,41.0624,41.0624,10
16733,ok,34.5442,34.5442,28
16734,ok,470.0445,48.8739,29
16735,ok,44.9184,44.9184,20
16736,ok,44.1185,43.8938,17
16737,ok,35.8964,35.8964,23
16738,ok,48.1225,48.1225,18
16739,ok,40.7103,40.7103,18
1674,ok,47.3605,47.3605,12
16740,ok,35.3656,35.3656,16
16741,ok,27.8976,27.8976,16
16742,ok,36.2913,36.2913,26
16743,ok,35.1710,35.1710,14
16744,ok,38.1690,38.1690,17
16745,ok,39.5426,39.5426,30
16746,ok,47.0535,47.0535,14
16747,ok,47.3925,47.3925,23
16748,ok,41.0990,41.0990,24
16749,ok,40.9822,40.9822,36
1675,ok,34.8820,34.8820,23
16750,ok,45.3782,45.3782,27
16751,ok,30.4580,30.4580,12
16752,ok,29.6265,29.6265,22
16753,ok,29.9962,29.9962,21
16754,ok,39.8748,39.8748,21
16755,ok,42.5872,41.3846,36
16756,ok,36.2217,36.2217,26
16757,ok,35.6316,35.6316,19
16758,ok,41.6324,41.6324,20
16759,ok,21.1483,21.1483,25
1676,ok,49.3367,49.3367,31
16760,ok,46.7510,46.7510,29
16761,ok,44.6838,44.5812,28
16762,ok,40.5414,40.5414,25
16763,ok,32.9011,32.9011,41
16764,ok,39.7030,39.7030,16
16765,ok,31.1297,31.1297,25
16766,ok,49.9700,49.9700,24
16767,ok,43.3398,43.3398,17
16768,ok,47.2863,47.2863,41
16769,ok,41.2660,41.2660,14
1677,ok,34.4616,34.4616,28
16770,ok,49.7483,49.7483,26
16771,ok,39.8339,39.8339,16
16772,ok,44.8683,44.8683,24
16773,ok,38.4072,38.4072,30
16774,ok,39.5280,39.5280,20
16775,ok,34.7596,34.7596,25
16776,ok,32.0002,32.0002,22
16777,ok,33.7793,33.7793,27
16778,ok,36.5088,36.5088,20
16779,ok,47.5243,47.5243,41
1678,ok,48.4564,48.4564,35
16780,ok,39.9135,39.9135,26
16781,ok,49.3689,49.3689,16
16782,ok,48.9819,48.9819,20
16783,ok,49.8735,49.8735,13
16784,ok,49.1563,49.1563,17
16785,ok,49.7293,49.7293,33
16786,ok,47.3899,47.3899,23
16787,ok,40.3383,40.3383,24
16788,ok,37.3945,37.3945,19
16789,ok,36.7320,36.7320,14
1679,ok,35.0144,35.0144,18
16790,ok,24.3834,21.7244,21
16791,ok,46.2463,46.2463,36
16792,ok,47.4973,47.4973,14
16793,ok,44.6500,44.6500,15
16794,ok,23.4924,23.4924,27
16795,ok,48.1470,48.1470,33
16796,ok,48.8878,48.8878,24
16797,ok,38.6837,38.6837,24
16798,ok,42.1361,42.1361,19
16799,ok,24.7385,24.7385,34
168,ok,31.4580,31.4580,10
1680,ok,39.8056,39.8056,35
16800,ok,44.7875,44.7875,18
16801,ok,49.3802,49.3802,27
16802,ok,40.1885,40.1885,16
16803,ok,26.9419,26.9419,22
16804,ok,46.5933,46.5933,24
16805,ok,36.2531,36.2531,8
16806,ok,28.1632,28.1632,32
16807,ok,40.0891,40.0891,32
16808,ok,37.9916,37.9916,28
16809,ok,40.9782,40.9782,13
1681,ok,43.9082,43.9082,21
16810,ok,29.2461,29.2461,19
16811,ok,42.8650,42.8650,27
16812,ok,42.8041,42.8041,20
16813,ok,41.2034,41.2034,13
16814,ok,44.9032,44.9032,25
16815,ok,26.4724,26.4724,22
16816,ok,24.2175,24.2162,18
16817,ok,20.9013,20.9013,16
16818,ok,29.9206,29.9206,10
16819,ok,39.3105,39.3105,21
1682,ok,29.9705,29.9705,15
16820,ok,44.2545,44.2545,27
16821,ok,35.1714,35.1714,48
16822,ok,46.1354,46.1354,18
16823,ok,38.2827,38.2827,20
16824,ok,45.7878,45.7878,28
16825,ok,47.4833,47.4833,15
16826,ok,42.1697,42.1697,29
16827,ok,44.4108,44.4108,31
16828,ok,43.6790,43.6790,40
16829,ok,43.6281,43.6281,13
1683,ok,49.5832,49.5832,21
16830,ok,47.4148,47.4148,20
16831,ok,36.0496,36.0496,39
16832,ok,44.5988,44.5988,26
16833,ok,44.5857,44.5857,25
16834,ok,38.7946,38.7946,31
16835,ok,49.6238,49.6238,28
16836,ok,47.4865,47.4865,20
16837,ok,47.7915,47.7915,36
16838,ok,42.5922,42.5922,27
16839,ok,34.3725,34.3725,10
1684,ok,21.5567,21.5567,8
16840,ok,45.4851,45.4851,13
16841,ok,23.2952,23.2952,37
16842,ok,37.9433,37.9433,24
16843,ok,24.3373,24.3373,22
16844,ok,49.4544,49.4544,16
16845,ok,46.0803,46.0803,18
16846,ok,40.5477,40.5477,38
16847,ok,47.5327,47.5327,29
16848,ok,49.1603,49.1603,22
16849,ok,49.4657,49.4657,15
1685,ok,21.1882,21.1882,32
16850,ok,30.1981,30.1981,14
16851,ok,48.7710,48.7710,18
16852,ok,40.0924,40.0924,28
16853,ok,42.3845,42.3845,33
16854,ok,22.8038,22.8038,25
16855,ok,47.0040,47.0040,27
16856,ok,32.8174,32.8174,20
16857,ok,49.3213,49.3213,30
16858,ok,27.8404,27.8404,13
16859,ok,32.0124,32.0124,22
1686,ok,53.6726,47.8195,17
16860,ok,48.9188,48.9188,35
16861,ok,24.3699,23.4513,15
16862,ok,29.9359,29.9359,17
16863,ok,45.6982,45.6982,15
16864,ok,27.1956,27.1956,15
16865,ok,52.8478,47.9132,21
16866,ok,41.6136,41.6136,14
16867,ok,48.5167,48.5167,26
16868,ok,26.3515,26.3515,17
16869,ok,39.4698,39.4698,22
1687,ok,37.8888,37.8888,16
16870,ok,46.2196,46.2196,37
16871,ok,44.6038,44.6038,24
16872,ok,47.6665,47.6665,21
16873,ok,48.0812,48.0812,40
16874,ok,45.5133,43.9743,37
16875,ok,41.4170,41.4170,19
16876,ok,44.1867,44.1867,19
16877,ok,33.0779,33.0779,31
16878,ok,44.3162,44.3162,22
16879,ok,41.1813,41.1813,23
1688,ok,37.6242,37.6242,9
16881,ok,29.4756,29.4756,14
16882,ok,40.7456,40.7456,22
16883,ok,49.8997,49.8997,32
16884,ok,41.1677,41.1677,33
16885,ok,39.9065,39.9065,22
16886,ok,51.2624,49.5897,28
16887,ok,34.8062,34.8062,41
16888,ok,44.8113,44.8113,20
16889,ok,36.1420,36.1420,13
1689,ok,17.6733,17.6733,16
16890,ok,38.9494,38.9494,49
16891,ok,38.9371,38.9371,22
16892,ok,27.6071,27.6071,25
16893,ok,22.1045,22.1045,40
16894,ok,46.0049,46.0049,14
16895,ok,24.2229,24.2229,17
16896,ok,45.7563,45.7563,25
16897,ok,40.5192,40.5192,19
16898,ok,44.0544,44.0544,26
16899,ok,45.4845,45.4845,18
169,ok,31.3495,31.3495,29
1690,ok,42.6621,42.6621,24
16900,ok,37.3446,37.3446,25
16901,ok,37.3346,37.3346,15
16902,ok,35.9211,33.0752,11
16903,ok,35.7831,35.7831,21
16904,ok,45.1755,45.1755,22
16905,ok,43.4857,43.4857,56
16906,ok,32.3297,32.3297,23
16907,ok,39.8025,39.8025,35
16908,ok,42.9451,42.9451,25
16909,ok,45.8127,45.8127,18
1691,ok,47.3230,47.3230,20
16910,ok,30.8018,30.8018,21
16911,ok,45.2698,45.2698,16
16912,ok,49.0241,49.0241,10
16913,ok,49.4119,49.4119,27
16914,ok,43.4775,43.4774,20
16915,ok,34.1250,34.1250,28
16916,ok,48.2168,48.2168,33
16917,ok,49.9024,49.9024,17
16918,ok,45.1551,45.1551,19
16919,ok,38.6409,37.7471,26
1692,ok,33.0843,33.0843,37
16920,ok,18.2756,18.2756,20
16921,ok,43.5760,43.5760,17
16922,ok,36.1555,36.1555,17
16923,ok,46.4281,46.4281,18
16924,ok,49.8292,49.8292,21
16925,ok,32.3142,28.7902,14
16926,ok,31.3652,31.3652,21
16927,ok,45.0368,45.0368,17
16928,ok,49.5086,49.5086,25
16929,ok,20.4276,20.4276,30
1693,ok,27.1079,27.1079,22
16930,ok,118.5720,38.1627,30
16931,ok,49.9950,49.9950,19
16932,ok,31.5551,31.5551,29
16933,ok,45.5222,45.5222,24
16934,ok,43.8525,43.8525,17
16935,ok,41.9957,41.9957,38
16936,ok,40.8120,36.3614,25
16937,ok,40.3212,40.3212,24
16938,ok,26.8940,26.8940,28
16939,ok,47.7789,47.7789,28
1694,ok,22.6224,22.6224,32
16940,ok,44.2440,44.2440,23
16941,ok,42.2120,42.2120,24
16942,ok,45.4112,45.4112,19
16943,ok,40.7115,40.7115,15
16944,ok,42.3358,42.3358,15
16945,ok,45.7448,43.2681,9
16946,ok,45.7439,45.7439,13
16947,ok,44.2866,42.8925,18
16948,ok,39.2969,39.2969,22
16949,ok,43.0208,43.0208,15
1695,ok,48.2432,48.2432,18
16950,ok,40.5165,40.5165,19
16951,ok,48.1550,48.1550,11
16952,ok,44.4085,44.4085,19
16953,ok,38.9795,38.9795,22
16954,ok,46.3100,46.3100,24
16955,ok,37.9625,37.9625,20
16956,ok,45.3955,45.3955,28
16957,ok,36.1470,36.1470,13
16958,ok,36.7361,36.7361,23
16959,ok,41.3499,41.3499,12
1696,ok,43.4457,43.4457,23
16960,ok,49.0562,49.0562,16
16961,ok,43.8116,43.8116,17
16962,ok,38.5645,38.5645,46
16963,ok,49.4906,49.4906,25
16964,ok,26.5813,26.5813,24
16965,ok,49.2897,49.2897,32
16966,ok,42.6222,42.6222,16
16967,ok,36.4866,36.4866,27
16968,ok,41.7759,41.7758,19
16969,ok,45.1625,45.1625,36
1697,ok,49.3198,49.3198,30
16970,ok,46.7869,44.4619,19
16971,ok,47.4538,47.4538,23
16972,ok,49.0713,49.0713,28
16973,ok,47.3237,45.8617,29
16974,ok,25.9702,25.9702,29
16975,ok,43.8625,43.8625,43
16976,ok,37.9771,37.9771,18
16977,ok,44.5077,44.5077,21
16978,ok,41.8781,41.8781,16
16979,ok,42.9906,42.9906,35
1698,ok,43.1956,43.1956,29
16980,ok,31.5950,31.5950,20
16981,ok,42.4533,42.4533,33
16982,ok,30.9342,30.9342,18
16983,ok,38.5989,38.5989,21
16984,ok,40.1239,40.1239,34
16985,ok,48.5889,48.5889,39
16986,ok,34.8378,34.8378,13
16987,ok,46.9748,46.9748,29
16988,ok,49.1781,49.1781,22
16989,ok,31.1964,31.1964,15
1699,ok,48.3910,48.3910,34
16990,ok,33.1842,33.1842,19
16991,ok,40.3920,40.3920,16
16992,ok,18.5548,18.5548,20
16993,ok,48.7705,48.7705,22
16994,ok,34.6853,34.6853,17
16995,ok,49.9526,49.9526,25
16996,ok,46.8756,46.8756,26
16997,ok,43.0528,43.0528,45
16998,ok,48.1747,47.6644,33
16999,ok,42.1432,42.1432,16
17,ok,36.0186,36.0186,22
170,ok,47.6492,47.6492,24
1700,ok,44.5851,44.5851,28
17000,ok,29.7079,29.7079,24
17001,ok,41.0958,41.0958,15
17002,ok,40.5839,36.1582,41
17003,ok,34.9468,34.9468,31
17004,ok,33.6142,33.6142,26
17005,ok,46.5473,46.5473,16
17006,ok,30.5039,27.1774,25
17007,ok,30.6313,30.6313,24
17009,ok,37.6569,37.6569,18
1701,ok,37.4606,37.4606,35
17010,ok,34.4528,34.4528,56
17011,ok,24.1151,24.1151,13
17012,ok,42.6451,42.6451,25
17013,ok,37.6008,37.6008,22
17014,ok,20.1893,20.1893,26
17015,ok,47.1326,47.1326,38
17016,ok,48.8867,48.8867,14
17017,ok,23.9815,23.9815,25
17018,ok,27.6577,27.6577,20
17019,ok,49.6827,49.6827,17
1702,ok,47.5428,47.5428,12
17020,ok,47.9933,47.9933,22
17021,ok,48.9821,48.9821,17
17022,ok,46.0222,46.0222,19
17023,ok,37.9545,37.9545,39
17024,ok,41.2254,41.2254,17
17025,ok,42.8946,42.0080,23
17026,ok,42.5030,37.8680,14
17027,ok,35.0282,35.0282,26
17028,ok,40.0203,40.0203,34
17029,ok,26.8742,26.8742,41
1703,ok,36.7468,36.7468,18
17030,ok,47.2956,47.2956,31
17031,ok,39.8789,39.8789,13
17032,ok,45.6224,45.6224,33
17033,ok,25.6752,25.6752,29
17034,ok,42.3994,42.3994,25
17035,ok,40.5375,40.5375,23
17036,ok,47.4087,47.4087,29
17037,ok,33.6029,33.6029,23
17038,ok,181.3152,153.5499,41
17039,ok,47.8655,47.8655,22
1704,ok,39.0006,39.0006,27
17040,ok,41.6256,41.6256,23
17041,ok,34.7610,34.7610,20
17042,ok,46.8731,46.8731,16
17043,ok,48.8374,48.8374,18
17044,ok,39.5028,39.5028,16
17045,ok,37.6208,37.6208,19
17046,ok,44.2961,44.2961,25
17047,ok,46.1356,46.1356,25
17048,ok,44.9400,44.9400,31
17049,ok,34.5617,34.5617,41
1705,ok,17.3125,17.3125,33
17050,ok,44.5092,44.5092,29
17051,ok,37.0228,37.0228,15
17052,ok,46.2791,46.2791,16
17053,ok,49.0731,49.0731,27
17054,ok,35.2881,35.2881,23
17055,ok,44.0427,44.0427,15
17056,ok,32.7297,32.7297,20
17057,ok,44.4532,44.4532,30
17058,ok,38.1616,34.0000,18
17059,ok,33.7794,33.7794,32
1706,ok,54.9756,49.8135,18
17060,ok,43.4198,43.4198,22
17061,ok,38.0103,38.0103,14
17062,ok,34.8945,34.8945,21
17063,ok,35.4444,31.5791,30
17064,ok,44.3884,44.3884,20
17065,ok,41.9639,41.9639,15
17066,ok,44.2212,44.2212,13
17067,ok,45.8613,45.8613,19
17068,ok,42.4967,42.4967,28
17069,ok,15.6777,15.6777,27
1707,ok,39.3823,39.3823,17
17070,ok,28.4153,28.4153,18
17071,ok,34.9216,34.9216,17
17072,ok,43.5288,43.5275,33
17073,ok,41.5109,41.5109,14
17074,ok,45.8296,45.8296,32
17075,ok,47.4492,47.4492,24
17076,ok,39.5663,39.5663,17
17077,ok,32.8135,32.8135,30
17078,ok,47.6870,47.6870,12
17080,ok,40.2655,40.2655,20
17081,ok,33.8649,33.6735,26
17082,ok,43.8873,43.8873,22
17083,ok,37.9670,37.9670,12
17084,ok,43.3317,43.3317,21
17085,ok,42.1065,42.1065,16
17086,ok,35.7429,35.7429,32
17087,ok,30.8575,30.8575,37
17088,ok,41.5340,41.5340,20
17089,ok,37.6877,37.6877,15
1709,ok,42.9067,42.9067,28
17090,ok,29.4683,29.4683,30
17091,ok,43.7588,43.7588,24
17092,ok,38.6092,38.6092,23
17093,ok,52.7012,46.9540,35
17094,ok,27.7838,27.7838,25
17095,ok,33.4349,33.4349,23
17096,ok,36.3305,36.3305,37
17097,ok,43.1373,43.1373,25
17098,ok,40.7835,40.7835,26
17099,ok,49.7036,49.7036,23
171,ok,31.6210,31.6210,24
1710,ok,43.5019,43.5019,11
17100,ok,36.0281,36.0281,32
17101,ok,40.2552,40.2552,39
17102,ok,26.8828,26.8828,37
17103,ok,42.8572,42.8572,14
17104,ok,47.8918,47.8918,20
17105,ok,35.7217,35.7217,18
17106,ok,41.5292,41.5292,19
17107,ok,40.2664,40.2664,22
17108,ok,32.6044,32.6044,28
17109,ok,31.2970,31.2970,16
1711,ok,40.4457,38.7038,14
17110,ok,43.1484,43.1484,26
17111,ok,44.7690,44.7690,15
17112,ok,40.1683,40.1683,23
17113,ok,33.0919,33.0919,15
17114,ok,37.8006,37.8006,12
17115,ok,46.8257,46.8257,22
17116,ok,32.0273,32.0273,24
17117,ok,47.2594,47.2594,12
17118,ok,48.2967,48.2967,21
17119,ok,44.3561,44.3561,16
1712,ok,47.4408,47.4408,25
17120,ok,33.6762,33.6762,31
17121,ok,45.1902,45.1902,19
17122,ok,36.7649,36.7649,27
17123,ok,35.4715,35.4715,10
17124,ok,49.9277,49.9277,33
17125,ok,39.5505,39.5505,18
17126,ok,46.2365,46.2365,35
17127,ok,45.3964,45.3964,14
17128,ok,38.8167,38.8167,21
17129,ok,46.1064,46.1064,21
1713,ok,47.6203,47.6203,36
17130,ok,29.0825,29.0825,23
17131,ok,34.4298,34.4298,36
17132,ok,44.5865,44.5865,18
17133,ok,48.0715,48.0715,30
17134,ok,31.9597,31.9597,34
17135,ok,39.0777,39.0777,27
17136,ok,35.4182,35.4182,30
17137,ok,43.6489,43.6489,24
17138,ok,45.0412,44.7749,31
17139,ok,41.6988,41.6988,35
1714,ok,30.4260,30.4260,19
17140,ok,48.4445,48.4445,40
17141,ok,43.9470,43.9470,26
17143,ok,30.1277,30.1277,16
17144,ok,43.8385,43.8385,37
17145,ok,47.0795,47.0795,20
17146,ok,49.5370,49.5370,26
17147,ok,46.1963,46.1963,17
17148,ok,25.5827,25.5827,19
17149,ok,32.9339,32.9339,25
1715,ok,47.4285,47.4285,18
17150,ok,41.3737,41.3737,35
17151,ok,41.2459,41.2459,39
17152,ok,40.3797,40.3797,23
17153,ok,48.1200,48.1200,30
17154,ok,23.8298,23.8298,18
17155,ok,43.8785,43.8785,17
17156,ok,43.2712,43.2712,16
17157,ok,47.9162,47.9162,34
17158,ok,44.1514,44.1514,40
17159,ok,43.1859,43.1859,14
1716,ok,45.5800,45.5800,33
17160,ok,44.9018,44.9018,34
17161,ok,43.7696,43.7696,26
17162,ok,40.8312,40.8312,23
17163,ok,45.4946,45.4946,18
17164,ok,45.2853,45.2853,24
17165,ok,36.8923,36.8923,11
17166,ok,42.1320,42.1320,36
17167,ok,40.3044,40.3044,18
17168,ok,40.8579,40.8579,28
17169,ok,48.1258,48.1258,21
1717,ok,49.2366,45.9848,19
17170,ok,44.1221,44.1221,25
17171,ok,34.9129,34.9129,13
17172,ok,43.3669,43.3669,14
17173,ok,36.7871,36.7871,27
17174,ok,34.7600,34.7600,38
17175,ok,43.4466,43.4466,28
17176,ok,30.6630,30.6630,24
17177,ok,47.8918,47.8918,14
17178,ok,22.6535,22.6535,47
17179,ok,46.8350,46.8350,24
1718,ok,49.0129,49.0129,29
17180,ok,16.6484,16.5808,29
17181,ok,37.6002,37.6002,34
17182,ok,39.2965,39.2965,25
17183,ok,45.6772,45.6772,21
17184,ok,26.5889,26.5889,34
17185,ok,14.3313,14.3313,18
17186,ok,48.3938,48.3938,18
17187,ok,35.3850,35.3850,10
17188,ok,41.1931,41.1931,22
17189,ok,48.3307,48.3307,22
1719,ok,46.4560,46.4560,16
17190,ok,44.0500,43.6199,19
17191,ok,41.8139,41.3252,33
17192,ok,31.3736,31.3736,16
17193,ok,41.0665,41.0665,23
17194,ok,48.6467,48.6467,17
17195,ok,44.8380,44.8380,21
17196,ok,38.5877,38.5877,36
17197,ok,31.2496,30.7100,19
17198,ok,27.6311,27.6311,19
17199,ok,31.0775,31.0775,25
172,ok,39.6078,39.6078,19
1720,ok,32.2861,32.2861,32
17200,ok,38.2315,38.2315,35
17201,ok,28.8079,28.8079,30
17202,ok,48.4254,48.4254,25
17203,ok,38.5957,38.5957,26
17204,ok,27.6579,27.6579,20
17205,ok,55.5870,49.5251,11
17206,ok,30.4691,30.4691,33
17207,ok,41.6722,41.6722,21
17208,ok,48.1248,48.1248,27
17209,ok,42.2340,42.2340,17
1721,ok,35.8092,35.8092,30
17210,ok,29.6534,29.6534,25
17211,ok,23.4301,23.4301,23
17212,ok,44.8471,44.8471,24
17213,ok,38.6401,38.6401,29
17214,ok,47.8329,47.8329,23
17215,ok,44.7580,44.7580,20
17216,ok,39.7407,35.4069,16
17217,ok,48.0875,48.0875,42
17219,ok,39.0696,39.0696,22
17220,ok,36.7874,36.7874,14
17221,ok,40.7144,40.7144,27
17222,ok,41.6666,37.1227,33
17223,ok,47.4337,47.4337,36
17224,ok,49.8922,49.8922,34
17225,ok,44.3544,44.3544,11
17226,ok,47.5888,47.5888,21
17227,ok,48.6721,48.6721,28
17228,ok,46.5830,46.5830,18
17229,ok,42.2608,42.2608,32
1723,ok,23.8798,23.8798,18
17230,ok,42.6926,42.6926,13
17231,ok,404.4702,37.6765,24
17232,ok,46.3403,46.3403,17
17233,ok,18.9366,18.9366,27
17234,ok,31.5967,31.5967,14
17235,ok,38.9507,38.9507,18
17236,ok,46.5947,46.5947,26
17237,ok,36.1160,36.1160,25
17238,ok,29.8908,29.8908,35
17239,ok,27.8847,27.8847,19
1724,ok,48.5737,47.0314,31
17240,ok,47.0423,47.0423,29
17241,ok,38.3411,38.3411,30
17242,ok,41.6911,41.6911,32
17243,ok,46.6370,46.6370,15
17244,ok,43.5701,43.5701,36
17245,ok,45.8993,45.8993,8
17246,ok,37.4343,37.4343,14
17247,ok,39.7224,39.7224,16
17248,ok,35.7080,35.7080,26
17249,ok,43.3010,43.3010,29
1725,ok,37.7018,37.7018,20
17250,ok,33.6712,33.6712,19
17251,ok,37.5479,37.5479,28
17252,ok,48.0344,48.0344,21
17253,ok,49.2031,49.2031,24
17254,ok,48.7674,48.7674,22
17255,ok,27.8147,27.8147,29
17256,ok,46.9805,46.9805,20
17257,ok,48.9236,48.9236,20
17258,ok,37.7215,37.7215,32
17259,ok,33.2465,33.2465,24
1726,ok,44.5347,44.5347,24
17260,ok,44.7277,44.7277,24
17261,ok,24.1394,24.1394,20
17262,ok,30.8721,30.8721,20
17263,ok,42.8749,42.8749,20
17264,ok,53.4380,47.6105,25
17265,ok,47.5175,47.5175,46
17266,ok,44.4600,44.4600,20
17267,ok,45.5064,45.5064,33
17268,ok,41.8027,41.8027,28
17269,ok,46.1024,46.1024,29
1727,ok,40.6530,40.6530,30
17270,ok,26.9100,26.9100,25
17271,ok,43.9956,43.9956,21
17272,ok,48.0175,48.0175,30
17273,ok,49.9827,49.9827,23
17274,ok,49.2532,49.2532,19
17275,ok,45.9288,45.9288,11
17276,ok,48.5815,48.5815,19
17278,ok,23.5056,23.5056,28
17279,ok,48.9493,48.9493,14
1728,ok,31.0684,31.0684,12
17280,ok,41.1552,41.1552,30
17281,ok,44.7142,44.7142,19
17282,ok,38.9092,38.9092,34
17283,ok,47.0790,47.0790,28
17284,ok,47.1684,44.8418,27
17285,ok,39.9886,39.9886,26
17286,ok,30.7341,30.7341,17
17287,ok,52.6176,46.8795,26
17288,ok,47.2932,47.2932,20
17289,ok,45.1606,45.1606,21
1729,ok,42.8164,42.8164,25
17290,ok,43.9482,43.9482,33
17291,ok,44.4927,44.4927,30
17292,ok,30.2816,30.2816,27
17293,ok,49.9834,49.9834,16
17294,ok,26.4021,26.4021,11
17295,ok,47.5185,47.5185,19
17296,ok,34.2839,34.2839,48
17297,ok,41.7943,38.9850,20
17298,ok,49.1451,49.1451,25
17299,ok,39.2486,39.2486,21
173,ok,37.4614,33.2557,25
17300,ok,37.6231,37.6231,23
17301,ok,20.7889,20.7889,24
17302,ok,35.4838,35.4838,12
17303,ok,34.3443,34.3443,15
17304,ok,55.8037,49.7571,14
17305,ok,30.7403,30.7403,18
17306,ok,41.2475,40.4163,19
17307,ok,29.3880,29.3880,22
17308,ok,48.3837,48.3837,16
17309,ok,25.7627,25.7627,26
1731,ok,43.8707,43.8707,16
17310,ok,29.4865,29.4865,24
17311,ok,48.7323,48.7323,32
17312,ok,49.0229,49.0229,38
17313,ok,31.1493,31.1493,12
17314,ok,30.6730,30.6730,17
17315,ok,42.4207,42.4207,33
17316,ok,38.9155,38.9155,18
17317,ok,43.6170,43.6170,14
17318,ok,46.7290,46.7290,29
17319,ok,26.2835,26.2835,17
1732,ok,42.9376,42.9376,25
17320,ok,47.6055,47.6055,24
17321,ok,35.2941,35.2941,18
17322,ok,42.6971,42.6971,19
17323,ok,26.5766,23.6784,14
17324,ok,49.0016,49.0016,20
17325,ok,40.8445,40.8445,18
17326,ok,46.7733,46.7733,34
17327,ok,46.2758,46.2758,27
17328,ok,39.3615,39.3615,25
17329,ok,46.5298,46.5298,22
1733,ok,44.6673,44.6673,23
17330,ok,31.6836,31.6836,30
17331,ok,29.1417,29.1417,24
17332,ok,41.3750,41.3750,32
17333,ok,42.9337,42.9337,16
17334,ok,33.3820,33.3820,21
17335,ok,48.4541,48.4541,15
17336,ok,49.5095,49.5095,27
17337,ok,33.9446,33.9446,26
17338,ok,45.8678,45.8678,20
17339,ok,47.6597,47.6597,16
1734,ok,48.6579,48.6579,15
17340,ok,41.7590,41.7590,19
17341,ok,43.5521,43.5521,20
17342,ok,46.2404,46.2404,28
17343,ok,31.7763,31.7763,17
17344,ok,48.4566,48.4566,32
17345,ok,35.2056,35.2056,24
17346,ok,39.0632,39.0632,14
17347,ok,42.1398,42.1398,27
17348,ok,54.7859,48.8114,20
17349,ok,37.7577,37.7577,29
1735,ok,24.0541,24.0541,21
17350,ok,45.2424,45.2424,11
17351,ok,40.9792,40.9792,21
17353,ok,48.7027,48.7027,10
17354,ok,47.8575,47.8575,35
17355,ok,47.4492,45.7618,39
17356,ok,49.2126,49.2126,16
17357,ok,41.0447,41.0447,20
17358,ok,17.1658,17.1658,34
17359,ok,30.6915,30.6915,33
1736,ok,45.5749,45.5749,47
17360,ok,31.6034,31.6034,19
17361,ok,37.6573,37.6573,38
17362,ok,26.3759,26.3759,51
17363,ok,49.2313,49.2313,26
17364,ok,41.4224,41.4224,15
17365,ok,49.3448,49.3448,37
17366,ok,46.2066,46.2066,19
17367,ok,24.5689,24.5689,31
17368,ok,47.2118,47.2118,13
17369,ok,40.9977,40.9977,20
1737,ok,34.3564,33.5276,15
17370,ok,24.8690,24.8690,15
17371,ok,39.7352,39.7352,25
17372,ok,32.0675,32.0675,14
17373,ok,31.9877,31.9877,20
17374,ok,44.0260,44.0260,37
17375,ok,48.4758,48.4758,18
17376,ok,45.1214,45.1214,36
17377,ok,43.8893,43.8893,13
17378,ok,27.6283,27.6283,11
17379,ok,28.1636,28.1636,12
17380,ok,22.5042,22.5042,38
17381,ok,39.7433,39.7433,19
17382,ok,37.5514,37.5514,34
17383,ok,45.2352,45.2352,27
17384,ok,41.4284,41.4284,26
17385,ok,45.8177,45.8177,29
17386,ok,41.7559,41.7559,33
17387,ok,31.2251,31.2251,17
17388,ok,40.8677,40.8677,13
17389,ok,48.1475,48.1475,41
1739,ok,49.3796,49.3796,27
17390,ok,19.2383,19.2383,24
17391,ok,44.8810,44.8810,16
17392,ok,41.2297,41.2297,25
17393,ok,34.0277,34.0277,23
17394,ok,49.4067,49.4067,13
17395,ok,41.6995,41.6995,33
17396,ok,44.3759,44.3759,39
17397,ok,42.0192,40.8238,31
17398,ok,40.5636,40.5636,15
17399,ok,48.5916,48.5916,29
174,ok,34.9961,34.2428,17
1740,ok,41.9502,41.9502,14
17400,ok,40.9494,40.9494,17
17401,ok,49.4766,49.4766,31
17402,ok,46.6890,46.6890,23
17403,ok,33.9620,33.9620,39
17404,ok,38.8910,38.8910,44
17405,ok,29.6906,29.6906,21
17406,ok,33.2535,33.2535,45
17407,ok,47.6722,47.6722,15
17408,ok,42.1715,42.1715,19
17409,ok,48.5639,48.5639,23
1741,ok,48.1126,48.1126,22
17410,ok,37.2140,37.2140,26
17411,ok,28.1766,28.1766,24
17412,ok,32.7479,32.7479,21
17413,ok,33.6246,33.6246,21
17414,ok,32.7097,32.7097,23
17415,ok,47.6652,44.6622,14
17416,ok,46.4544,46.4544,45
17417,ok,44.1868,44.1868,23
17418,ok,41.1675,41.1675,19
17419,ok,37.4467,37.4467,19
1742,ok,46.1798,46.1798,17
17420,ok,19.3166,19.3166,35
17421,ok,42.9995,42.4085,36
17422,ok,48.1207,48.1207,18
17423,ok,49.9906,49.9906,25
17424,ok,49.6027,49.6027,9
17425,ok,48.5268,48.5268,16
17426,ok,37.7250,37.7250,31
17427,ok,48.1145,46.6380,29
17428,ok,45.0482,45.0482,22
17429,ok,43.7655,43.7655,14
1743,ok,44.1474,44.1474,17
17430,ok,44.9466,44.3630,17
17431,ok,44.5503,44.5503,23
17432,ok,45.4771,45.4771,28
17433,ok,49.6689,49.6689,14
17434,ok,34.7925,34.7925,21
17435,ok,45.6783,45.6783,17
17436,ok,23.5706,23.5706,25
17437,ok,37.0930,37.0930,26
17438,ok,40.5164,40.5164,22
17439,ok,37.6916,37.6916,31
1744,ok,48.5757,48.5757,30
17440,ok,40.5570,40.5570,21
17441,ok,48.4649,48.4649,19
17442,ok,26.2810,26.2810,17
17443,ok,28.9560,28.2856,20
17444,ok,48.3575,48.3575,26
17445,ok,46.4809,46.4809,22
17446,ok,48.7024,48.7024,22
17447,ok,46.8836,46.8836,29
17448,ok,31.4136,31.4136,15
17449,ok,41.7291,41.7291,28
1745,ok,41.4337,41.4337,14
17450,ok,37.4398,37.4398,31
17451,ok,44.3441,44.3441,11
17452,ok,37.9479,37.9479,17
17453,ok,38.1965,38.1965,19
17454,ok,46.7171,46.7171,18
17455,ok,46.0426,41.7521,19
17456,ok,48.7780,48.7780,18
17457,ok,49.5108,49.5108,36
17458,ok,45.3195,45.3195,21
17459,ok,23.9503,23.9503,30
1746,ok,29.8689,29.8689,22
17460,ok,46.0152,46.0152,24
17461,ok,39.6376,39.6376,23
17462,ok,43.4034,38.6701,14
17463,ok,33.7792,33.7792,21
17464,ok,46.4877,46.4877,34
17465,ok,41.6038,41.6038,26
17466,ok,23.6400,23.6400,20
17467,ok,33.5523,33.5523,18
17468,ok,25.6534,25.6534,19
17469,ok,37.2577,37.2577,27
1747,ok,45.4039,45.4039,13
17470,ok,37.3130,37.3130,21
17471,ok,37.9542,37.9542,14
17472,ok,25.7609,25.7609,35
17473,ok,42.9637,42.9637,34
17474,ok,49.3642,49.3642,16
17475,ok,48.2073,48.2073,30
17476,ok,27.5930,27.5930,16
17477,ok,47.3256,47.3256,23
17478,ok,39.8640,39.8640,30
17479,ok,30.3322,30.3322,18
1748,ok,37.3645,37.3645,21
17480,ok,35.5115,35.5115,17
17481,ok,49.4344,49.4344,16
17482,ok,41.0021,41.0021,35
17483,ok,48.5450,48.5450,29
17484,ok,23.5297,23.5297,15
17485,ok,31.7996,31.7996,13
17486,ok,54.0767,48.9367,31
17487,ok,47.9490,47.9490,32
17488,ok,42.5041,42.5041,17
17489,ok,33.7823,32.6524,46
1749,ok,31.9794,31.9794,15
17490,ok,40.9947,40.9947,25
17491,ok,49.4524,49.4524,17
17492,ok,33.1923,33.1923,24
17493,ok,33.0701,33.0701,18
17494,ok,44.7340,44.7340,18
17495,ok,48.4053,48.4053,23
17496,ok,36.4870,36.4870,31
17497,ok,38.4312,38.4312,18
17498,ok,48.9676,48.9676,21
17499,ok,18.6473,18.6473,19
175,ok,34.4124,34.4124,27
17500,ok,42.7654,42.7654,20
17501,ok,30.3208,30.3208,28
17502,ok,39.2737,39.2737,26
17503,ok,37.4102,37.4102,26
17504,ok,49.2584,49.2584,18
17505,ok,44.5169,44.5169,18
17506,ok,36.5872,36.5872,22
17507,ok,42.7703,42.7703,39
17508,ok,33.0852,33.0852,17
17509,ok,29.5458,29.5458,41
1751,ok,45.6225,45.6225,10
17510,ok,33.7088,33.7088,14
17511,ok,43.1652,43.1652,23
17512,ok,45.4808,45.4808,19
17513,ok,48.5785,48.5785,48
17514,ok,45.5965,45.5965,25
17515,ok,46.9880,46.9880,17
17516,ok,36.0549,36.0549,27
17517,ok,47.8402,47.8402,26
17518,ok,46.9916,46.9916,28
17519,ok,20.4769,20.4769,22
1752,ok,33.3272,33.3272,25
17520,ok,41.1746,41.1746,34
17521,ok,49.2986,49.2986,49
17523,ok,28.5677,28.5677,16
17524,ok,31.0985,31.0985,24
17525,ok,43.0219,43.0219,16
17526,ok,45.9098,45.9098,21
17527,ok,45.0282,45.0282,33
17528,ok,44.4862,44.4862,24
17529,ok,40.4992,40.4992,11
1753,ok,26.5409,26.5409,29
17530,ok,40.0287,40.0287,21
17531,ok,45.5448,45.5448,23
17532,ok,40.9182,40.9182,14
17533,ok,46.9852,46.9852,59
17534,ok,48.5438,48.5438,39
17535,ok,31.7524,30.9150,31
17536,ok,42.4983,42.4983,28
17537,ok,46.8312,46.8312,16
17538,ok,35.6089,35.6089,23
17539,ok,46.8433,46.8433,18
1754,ok,38.2619,38.2619,31
17540,ok,48.6730,48.6730,38
17541,ok,48.9352,48.9352,45
17542,ok,47.3666,47.3666,25
17543,ok,36.4248,36.4248,18
17544,ok,45.6246,45.6246,19
17545,ok,20.4616,20.4616,24
17546,ok,39.3087,39.3087,18
17547,ok,49.4759,49.4759,16
17548,ok,47.2919,47.2919,8
17549,ok,43.8075,43.8075,21
1755,ok,48.2767,48.2767,28
17550,ok,27.6199,26.4758,28
17551,ok,49.8038,49.8038,10
17552,ok,47.0893,47.0893,10
17553,ok,35.2355,35.2355,42
17554,ok,28.8067,28.8067,24
17555,ok,41.2255,41.2255,23
17556,ok,34.3357,34.3357,23
17557,ok,38.6016,38.6016,38
17558,ok,49.6435,49.6435,12
17559,ok,28.1585,28.1585,31
1756,ok,39.8849,39.8849,30
17560,ok,49.7933,49.7933,23
17562,ok,21.0612,21.0612,13
17563,ok,49.3809,49.3809,26
17564,ok,38.9636,38.9636,31
17565,ok,39.6973,39.6973,21
17566,ok,32.3975,32.3975,28
17567,ok,36.1743,36.1743,31
17568,ok,49.8377,49.8377,43
1757,ok,39.1323,39.1323,12
17570,ok,39.2098,39.2098,23
17571,ok,45.9180,45.9180,22
17572,ok,43.8551,43.8551,26
17573,ok,39.7110,39.7110,22
17574,ok,35.6539,35.6539,19
17575,ok,44.6321,44.6321,23
17576,ok,41.8550,41.8550,20
17577,ok,44.8496,44.8496,17
17578,ok,43.1947,43.1947,27
17579,ok,44.0279,44.0279,14
1758,ok,30.0607,30.0607,27
17580,ok,29.2733,29.2733,21
17581,ok,42.7623,42.7623,26
17582,ok,47.3201,47.3201,24
17583,ok,49.4305,49.4305,18
17584,ok,42.4064,42.4064,19
17585,ok,47.5470,47.3270,19
17586,ok,44.2827,44.2827,16
17587,ok,43.0110,43.0110,21
17588,ok,41.5048,41.5048,27
17589,ok,48.5484,48.5484,21
1759,ok,40.1866,40.1866,21
17590,ok,34.8320,34.8320,25
17591,ok,47.0101,47.0101,22
17592,ok,36.5793,36.5793,30
17593,ok,18.3711,18.3711,22
17594,ok,37.5611,37.5611,19
17595,ok,37.1272,37.1272,16
17596,ok,44.0541,44.0541,25
17597,ok,39.0902,39.0902,38
17598,ok,44.4037,44.4037,30
17599,ok,18.1589,18.1589,37
176,ok,40.3794,40.3794,21
1760,ok,45.6613,45.6613,33
17600,ok,39.7634,39.7634,9
17601,ok,48.0108,48.0108,16
17602,ok,39.9580,39.9580,17
17604,ok,42.8071,42.8071,27
17605,ok,32.2402,32.2402,11
17606,ok,31.7219,31.7219,17
17607,ok,48.2997,46.4318,26
17608,ok,37.1225,37.1225,22
17609,ok,38.0148,38.0148,32
1761,ok,48.9364,48.9364,28
17610,ok,41.5912,41.5912,42
17611,ok,40.1866,40.1866,22
17612,ok,35.2703,35.2703,24
17614,ok,39.0952,39.0952,33
17615,ok,46.2641,46.2641,23
17616,ok,41.5632,41.5632,10
17617,ok,27.9632,27.9632,21
17618,ok,43.2435,43.2435,11
17619,ok,37.1828,37.1828,26
1762,ok,41.1804,41.1804,19
17620,ok,48.3687,48.3687,20
17621,ok,49.0555,49.0555,17
17622,ok,41.0194,41.0194,18
17623,ok,49.1557,49.1557,24
17624,ok,47.1777,47.1777,12
17625,ok,45.0525,45.0525,19
17626,ok,49.4440,49.4440,29
17627,ok,38.0067,38.0067,17
17628,ok,38.6461,38.6461,39
17629,ok,47.9603,47.9603,43
1763,ok,37.5567,37.5567,22
17630,ok,49.6242,49.6242,25
17631,ok,49.7791,49.7791,17
17632,ok,48.7956,48.7956,25
17633,ok,32.6285,32.6285,25
17634,ok,46.1085,46.1085,14
17635,ok,49.0685,49.0685,30
17636,ok,42.8851,42.8851,16
17637,ok,43.0290,43.0290,36
17638,ok,44.6724,44.6724,26
17639,ok,31.0581,31.0581,16
1764,ok,43.7749,43.7749,38
17640,ok,25.7209,25.7209,18
17641,ok,37.6200,37.6200,36
17642,ok,48.8907,48.8907,19
17643,ok,33.5867,33.5867,12
17644,ok,46.9170,46.9170,28
17645,ok,38.2950,38.2950,11
17646,ok,39.6281,39.2576,19
17647,ok,35.1989,35.1989,45
17648,ok,44.5034,44.5034,28
1765,ok,45.2673,43.2623,24
17650,ok,34.1723,34.1723,37
17651,ok,46.8234,46.8234,41
17652,ok,39.3261,39.3261,45
17653,ok,46.5551,46.5551,19
17654,ok,40.0222,40.0222,19
17655,ok,48.9123,48.9123,20
17656,ok,31.5447,31.5447,16
17657,ok,36.1641,36.1641,18
17658,ok,48.2980,48.2980,27
17659,ok,21.5267,21.5267,19
1766,ok,41.0823,41.0823,28
17660,ok,48.2329,48.2329,27
17661,ok,39.5761,39.5761,27
17662,ok,32.2390,32.2390,28
17663,ok,37.9534,37.9534,26
17664,ok,24.0354,24.0354,23
17665,ok,35.5157,35.5157,34
17666,ok,39.3034,39.3034,19
17667,ok,46.1438,46.1438,24
17668,ok,44.9198,44.9198,33
17669,ok,38.9941,38.9941,12
1767,ok,48.3044,48.3044,27
17670,ok,49.9088,49.9088,20
17671,ok,39.5106,39.5106,27
17672,ok,47.8966,47.8966,13
17673,ok,47.0235,47.0235,23
17674,ok,27.8805,26.5131,15
17675,ok,44.2399,44.2399,22
17676,ok,46.1563,46.1563,15
17677,ok,45.9773,45.9772,19
17678,ok,48.8580,48.8580,23
17679,ok,19.2845,19.2845,14
1768,ok,36.6750,36.6750,20
17680,ok,49.7573,49.7573,12
17681,ok,45.9446,45.9446,22
17682,ok,42.0785,42.0785,12
17683,ok,44.8721,44.8721,35
17684,ok,37.7865,33.6658,14
17685,ok,34.6204,34.6204,23
17686,ok,35.8791,35.8791,17
17687,ok,53.6390,47.7896,31
17688,ok,39.8884,39.8884,14
17689,ok,43.1321,43.1321,15
1769,ok,45.3565,44.5573,29
17690,ok,36.2803,36.2803,24
17691,ok,44.2401,43.6891,28
17692,ok,20.1864,20.1864,15
17693,ok,42.3439,42.3439,30
17694,ok,39.9462,39.9462,31
17695,ok,14.9975,14.8225,18
17696,ok,24.9273,24.9273,35
17697,ok,46.8945,46.8945,33
17698,ok,38.5072,38.5072,20
17699,ok,43.2814,43.2814,21
177,ok,49.9790,49.9790,22
1770,ok,41.1255,41.1255,42
17700,ok,49.4949,49.4949,19
17701,ok,35.0126,35.0126,20
17702,ok,21.2718,21.2718,17
17703,ok,48.6376,48.6376,20
17704,ok,30.8702,30.8702,16
17705,ok,31.7441,31.7441,26
17706,ok,34.6865,34.6865,38
17707,ok,47.4919,47.4919,17
17708,ok,16.4427,16.2865,26
17709,ok,47.4844,47.4844,12
1771,ok,25.7756,25.7756,24
17710,ok,49.1076,49.1076,21
17711,ok,32.1532,32.1532,13
17712,ok,34.7745,34.7745,22
17713,ok,50.8211,45.2790,10
17714,ok,36.6069,36.6069,36
17715,ok,44.0770,44.0770,35
17716,ok,46.6533,46.6533,12
17717,ok,47.4687,47.4687,22
17718,ok,32.8225,32.8225,17
17719,ok,46.2452,46.2452,22
1772,ok,49.1075,49.1075,33
17720,ok,32.5673,32.5673,23
17721,ok,45.0695,45.0695,22
17722,ok,39.6834,39.6834,38
17723,ok,33.2378,33.2378,24
17724,ok,27.9905,27.0657,21
17725,ok,39.7744,39.7744,25
17726,ok,33.9533,33.9533,42
17727,ok,45.5404,45.5404,21
17728,ok,45.6502,45.6502,16
17729,ok,44.3849,44.3849,34
1773,ok,44.7464,44.1775,24
17730,ok,38.6280,38.6280,13
17731,ok,41.2114,41.2114,8
17732,ok,42.1973,42.1973,33
17733,ok,47.2093,47.2093,30
17734,ok,34.9999,34.9999,37
17735,ok,15.7064,15.7064,16
17736,ok,47.6805,47.6805,21
17737,ok,42.9478,42.9478,32
17738,ok,27.1505,27.1505,15
17739,ok,39.5353,39.5353,16
1774,ok,46.5877,46.5877,20
17740,ok,49.0394,49.0394,27
17741,ok,49.9781,49.9781,26
17742,ok,39.7799,39.7799,23
17743,ok,18.1503,18.1503,26
17744,ok,48.8526,48.8526,23
17745,ok,21.1165,21.1165,14
17746,ok,48.8821,48.8821,14
17747,ok,45.7342,45.7342,16
17748,ok,24.6308,24.6308,36
17749,ok,45.6771,45.6744,18
1775,ok,47.9381,47.9381,26
17750,ok,41.9690,41.9690,30
17751,ok,37.1400,37.1400,15
17752,ok,45.2336,45.2336,18
17753,ok,37.8619,37.8619,25
17754,ok,44.2498,44.2498,17
17755,ok,37.7948,37.7948,12
17756,ok,49.4565,49.4565,20
17757,ok,35.5830,35.5830,18
17758,ok,25.7245,25.7245,19
17759,ok,44.7003,44.7003,17
1776,ok,49.3911,49.3911,12
17760,ok,49.6716,49.6716,16
17761,ok,47.3555,47.3555,32
17762,ok,22.8888,22.8888,31
17763,ok,53.2607,49.8336,31
17764,ok,36.3559,36.3559,13
17765,ok,49.3915,49.3915,23
17766,ok,41.3906,41.3906,25
17767,ok,28.3833,28.3833,22
17768,ok,38.6699,38.6699,24
17769,ok,44.9407,44.9407,9
1777,ok,42.9959,42.9959,28
17770,ok,30.6363,30.6363,22
17771,ok,45.2692,45.2692,14
17772,ok,32.5647,32.5647,17
17773,ok,49.7212,49.7212,24
17774,ok,46.2340,46.2340,26
17775,ok,19.2315,19.2315,30
17776,ok,65.5298,39.2838,25
17777,ok,46.5216,46.2091,21
17778,ok,19.7244,19.7244,22
17779,ok,33.7114,33.7114,20
1778,ok,40.7347,40.7347,26
17780,ok,39.1099,39.1099,16
17781,ok,46.7300,46.7300,38
17782,ok,49.2641,49.2641,33
17783,ok,34.6726,34.6726,18
17784,ok,44.0342,44.0342,20
17785,ok,38.8085,38.8085,18
17786,ok,40.0149,40.0149,16
17787,ok,48.0538,48.0538,18
17788,ok,40.9952,40.9952,32
17789,ok,38.0033,38.0033,14
1779,ok,43.1156,43.1156,18
17790,ok,44.3940,44.3940,12
17791,ok,48.7276,48.7276,10
17792,ok,40.5657,40.5657,20
17793,ok,44.3669,44.3669,20
17794,ok,43.3656,42.3679,18
17795,ok,45.2981,45.2981,31
17796,ok,23.4768,20.9166,12
17797,ok,48.5496,48.5496,37
17798,ok,43.3206,43.3206,17
17799,ok,45.9924,45.9924,11
178,ok,41.6151,41.6151,18
1780,ok,37.3128,37.3128,24
17800,ok,44.3772,44.3772,18
17801,ok,31.6651,31.6651,22
17802,ok,21.9004,21.9004,22
17803,ok,40.5671,40.5671,37
17804,ok,48.8936,48.8936,25
17805,ok,42.2362,42.2362,15
17806,ok,29.2464,29.2464,26
17807,ok,45.5688,45.5688,27
17808,ok,41.7312,41.7312,31
17809,ok,44.6593,44.6593,20
1781,ok,44.1177,44.1177,27
17810,ok,49.7211,49.7211,33
17811,ok,39.5434,39.5434,26
17812,ok,47.2981,47.2981,26
17813,ok,55.9785,49.8739,15
17814,ok,46.7224,46.7224,24
17815,ok,45.8429,45.8429,32
17816,ok,43.9470,43.9470,15
17817,ok,37.1244,37.1244,28
17818,ok,54.1979,48.2875,12
17819,ok,47.3961,47.3961,31
1782,ok,47.6333,47.6333,27
17820,ok,24.8362,24.8362,21
17821,ok,35.9257,35.9257,19
17822,ok,41.9057,41.9057,15
17823,ok,49.3802,49.3802,21
17824,ok,39.6120,39.6120,17
17825,ok,49.6690,49.6690,53
17826,ok,46.4664,46.4664,20
17827,ok,49.8895,49.8895,21
17828,ok,49.3118,49.3118,23
17829,ok,47.1898,47.1898,23
1783,ok,41.8176,41.3123,12
17830,ok,44.9024,44.9024,33
17831,ok,48.7919,48.7919,19
17832,ok,47.8132,47.8132,13
17833,ok,41.4873,41.4873,18
17834,ok,46.6100,46.6100,17
17835,ok,20.8670,20.8670,31
17836,ok,45.1295,45.1295,26
17837,ok,37.3302,33.2593,33
17838,ok,29.0316,29.0316,26
17839,ok,40.3358,40.2834,35
1784,ok,41.3305,41.3305,14
17840,ok,35.1706,35.1706,19
17841,ok,31.9725,31.9725,16
17842,ok,44.4723,44.4723,27
17843,ok,38.2572,38.2572,15
17844,ok,49.5313,49.5313,29
17845,ok,35.2025,35.2025,27
17846,ok,48.3838,48.3838,18
17847,ok,44.4371,44.4371,24
17848,ok,30.4327,30.4327,28
17849,ok,49.4803,44.0844,32
1785,ok,29.1967,29.1967,22
17850,ok,45.8466,45.8466,31
17851,ok,18.0676,18.0676,16
17852,ok,47.0192,47.0192,36
17853,ok,39.9169,39.9169,9
17854,ok,21.0635,21.0635,32
17855,ok,23.4561,23.4561,16
17856,ok,32.9318,32.9318,14
17857,ok,45.8222,45.8222,23
17858,ok,39.2188,34.9419,22
17859,ok,41.8319,41.8319,36
1786,ok,33.9621,33.9621,33
17860,ok,46.5138,46.5138,18
17861,ok,38.8352,38.8352,36
17862,ok,39.3894,39.3894,23
17863,ok,43.8127,43.8127,12
17864,ok,48.8232,48.8232,36
17865,ok,46.3812,46.3812,30
17866,ok,42.3953,42.3953,14
17867,ok,45.8531,45.8531,15
17868,ok,42.5454,42.5454,26
17869,ok,41.2049,41.2049,17
1787,ok,37.0441,37.0441,35
17870,ok,27.3862,27.3862,18
17871,ok,33.0837,33.0837,20
17872,ok,55.2757,49.2477,12
17873,ok,45.4998,45.4998,28
17874,ok,41.3381,41.3381,27
17875,ok,41.7723,41.7723,29
17876,ok,21.1858,21.1858,30
17877,ok,33.6532,33.6532,28
17878,ok,47.1660,47.1660,22
17879,ok,36.8539,36.8539,21
1788,ok,31.9694,31.9694,21
17880,ok,29.9434,29.9434,18
17881,ok,42.9490,42.9490,44
17882,ok,33.8473,33.2020,16
17883,ok,30.0944,30.0944,24
17884,ok,33.1448,33.1448,27
17885,ok,45.5363,45.5363,25
17886,ok,33.4984,33.4984,23
17887,ok,49.0479,49.0479,36
17888,ok,38.4215,38.4215,9
17889,ok,32.6579,32.4820,25
1789,ok,47.5748,47.5748,27
17890,ok,43.9765,43.9765,25
17891,ok,2168.5791,179.1091,32
17892,ok,29.4776,29.4776,32
17893,ok,41.5789,41.5789,35
17894,ok,35.3387,31.4849,12
17895,ok,40.3867,40.3867,13
17896,ok,44.8093,44.8093,17
17897,ok,26.6474,26.6474,22
17898,ok,43.6534,43.6534,29
17899,ok,47.9934,47.9934,24
179,ok,48.2742,48.2742,16
1790,ok,48.6192,48.6192,21
17900,ok,37.5053,37.5053,24
17901,ok,27.9329,27.9329,23
17902,ok,48.3932,48.3932,25
17903,ok,47.7377,47.7377,24
17904,ok,48.9862,48.9862,11
17905,ok,36.0477,32.1166,25
17906,ok,46.2854,46.2854,14
17907,ok,42.8830,42.8830,28
17908,ok,41.9744,41.9744,19
17909,ok,37.1347,37.1347,20
1791,ok,39.3926,39.3926,20
17910,ok,42.0904,42.0904,37
17911,ok,45.4174,45.4174,35
17912,ok,45.1634,45.1634,42
17913,ok,43.8903,43.8903,27
17914,ok,47.2558,47.2558,29
17915,ok,35.6109,35.6109,20
17916,ok,47.9451,47.9451,18
17917,ok,49.8241,49.8241,11
17918,ok,49.3219,49.3219,33
17919,ok,44.8585,44.8585,24
1792,ok,44.1895,44.1895,21
17920,ok,37.5523,36.9420,15
17921,ok,34.1128,33.8181,12
17922,ok,39.6261,39.6261,21
17923,ok,49.9335,49.9335,35
17924,ok,31.7855,31.7855,24
17925,ok,37.0481,37.0481,27
17926,ok,43.9037,43.9037,17
17927,ok,49.4968,49.4968,26
17928,ok,31.3938,31.3938,20
17929,ok,35.4774,35.4774,38
1793,ok,38.4132,38.4132,20
17930,ok,42.8511,42.8511,13
17931,ok,48.9052,48.9052,24
17932,ok,42.3202,42.3202,31
17933,ok,39.0183,39.0183,29
17934,ok,31.7693,31.7693,28
17935,ok,28.8301,28.8301,13
17936,ok,23.8196,23.8196,34
17937,ok,46.8545,46.8545,37
17938,ok,49.9033,49.9033,17
17939,ok,43.1262,43.1262,19
1794,ok,34.2535,34.2535,23
17940,ok,30.3870,30.3870,31
17941,ok,29.5170,29.5170,25
17942,ok,28.5884,28.5884,17
17943,ok,37.6844,37.6844,29
17944,ok,53.2474,49.1603,35
17945,ok,47.8833,47.8833,13
17946,ok,41.5987,41.5987,21
17947,ok,45.0962,45.0962,19
17948,ok,42.3162,42.3162,22
17949,ok,43.4578,43.4578,19
1795,ok,48.1247,48.1247,40
17950,ok,49.9500,49.9500,17
17951,ok,48.1490,48.1490,8
17952,ok,47.4301,47.4301,20
17953,ok,35.7408,35.7408,16
17954,ok,172.6364,47.0204,23
17955,ok,46.5360,46.5360,17
17956,ok,45.1915,45.1915,37
17957,ok,46.9799,46.9799,11
17958,ok,48.3872,48.3872,26
17959,ok,23.4634,23.4634,52
1796,ok,35.9139,35.9139,22
17960,ok,38.3163,38.3163,20
17961,ok,28.6189,28.6189,25
17962,ok,46.9278,46.9278,27
17963,ok,46.8291,46.8291,11
17964,ok,44.9305,44.9305,22
17965,ok,37.5744,37.5744,15
17966,ok,42.6798,42.6798,18
17967,ok,44.7859,44.7859,14
17968,ok,42.1955,42.1955,16
17969,ok,47.8470,47.8470,32
1797,ok,49.5108,49.5108,16
17970,ok,25.1615,22.4176,19
17971,ok,49.9319,49.9319,29
17972,ok,49.5250,49.5250,11
17973,ok,44.8376,44.8376,30
17974,ok,20.9670,20.9670,21
17975,ok,38.1989,38.1989,22
17976,ok,18.8927,18.8927,23
17977,ok,36.2503,36.2503,37
17978,ok,48.3832,48.3832,18
17979,ok,38.4772,38.4772,21
1798,ok,48.7513,48.7513,35
17981,ok,48.9303,43.5944,18
17982,ok,24.1421,22.6140,31
17983,ok,44.9298,44.9298,33
17984,ok,40.4896,40.4896,17
17985,ok,32.9805,32.9805,21
17986,ok,46.0828,46.0828,20
17987,ok,27.9330,27.9330,32
17988,ok,48.1249,48.1249,29
17989,ok,49.1195,49.1195,16
1799,ok,41.9510,41.9510,14
17990,ok,35.4226,35.4226,25
17991,ok,39.4483,39.4483,22
17992,ok,45.3631,45.3631,23
17993,ok,41.0971,39.8891,27
17994,ok,47.6383,47.6383,22
17995,ok,35.1007,35.1007,16
17996,ok,49.3263,49.3263,17
17997,ok,28.4567,28.4567,16
17998,ok,37.2232,37.2232,23
17999,ok,49.7514,49.7514,30
18,ok,33.8143,33.8143,26
180,ok,42.8833,42.8833,22
1800,ok,45.9230,45.9230,8
18000,ok,44.2825,44.2825,28
18001,ok,46.7681,46.1116,18
18002,ok,38.4051,38.4051,12
18003,ok,49.4518,49.4518,23
18004,ok,28.4877,28.4877,32
18005,ok,43.1718,43.1718,26
18006,ok,47.5588,47.5588,19
18007,ok,39.3049,38.8555,20
18008,ok,44.7986,44.7986,34
18009,ok,45.6951,45.6951,21
1801,ok,42.7686,42.7686,36
18010,ok,47.7838,47.7838,23
18011,ok,32.1020,32.1020,21
18013,ok,46.6854,46.6854,15
18014,ok,26.7103,26.7103,32
18015,ok,22.2196,22.2196,15
18016,ok,47.7594,47.7594,25
18017,ok,39.3878,39.3878,15
18018,ok,30.5732,30.5732,14
18019,ok,38.7991,38.7991,19
1802,ok,47.4587,47.4587,26
18020,ok,40.6578,40.6578,20
18021,ok,37.9872,37.9872,12
18022,ok,40.1964,40.1964,40
18023,ok,43.5654,43.5654,29
18024,ok,29.0740,29.0740,26
18025,ok,36.2994,34.7118,26
18026,ok,46.9660,46.9660,32
18027,ok,42.8756,42.8756,35
18028,ok,34.9984,32.4904,15
18029,ok,46.5616,46.5616,26
1803,ok,46.9260,46.9260,27
18030,ok,48.3469,48.3469,24
18031,ok,44.1647,44.1647,15
18032,ok,45.9643,45.9643,26
18033,ok,49.3876,49.3876,13
18034,ok,48.4993,48.4993,35
18035,ok,40.0513,40.0513,34
18036,ok,47.9182,47.9182,29
18037,ok,41.4938,41.4938,23
18038,ok,23.4480,23.4480,18
18039,ok,43.7831,43.7831,32
1804,ok,40.2618,39.7325,26
18040,ok,37.1946,37.1946,11
18041,ok,47.9158,47.9007,22
18042,ok,42.5566,42.5566,34
18043,ok,47.9176,47.9176,9
18044,ok,37.9170,37.9170,18
18045,ok,35.5838,35.5838,25
18046,ok,45.2451,45.2451,36
18047,ok,41.4432,41.4432,33
18048,ok,35.1614,35.1614,11
18049,ok,49.5503,49.5503,16
1805,ok,48.1667,48.1667,15
18051,ok,38.7344,38.7344,24
18052,ok,39.9501,39.9501,37
18053,ok,42.4868,42.4868,27
18054,ok,45.5327,45.5327,12
18055,ok,48.1304,48.1304,31
18056,ok,44.2429,44.2429,12
18057,ok,25.0697,25.0697,41
18058,ok,41.8221,41.8221,13
18059,ok,35.5102,35.5102,29
1806,ok,26.6630,26.6630,25
18060,ok,45.6951,45.6951,27
18061,ok,44.0122,44.0121,19
18062,ok,23.7123,23.7123,28
18063,ok,41.2729,41.2729,14
18064,ok,40.7791,40.7791,40
18065,ok,44.9418,44.9418,39
18066,ok,46.7213,46.7213,20
18067,ok,32.5455,32.5455,29
18068,ok,46.8607,46.8607,14
18069,ok,46.9561,46.9561,15
1807,ok,43.7032,43.7032,26
18070,ok,33.1338,33.1338,16
18071,ok,41.2176,41.2176,21
18072,ok,37.5824,37.5824,26
18073,ok,37.2531,37.2531,31
18074,ok,46.4690,46.4690,20
18075,ok,39.8411,39.8411,37
18076,ok,45.7969,45.7969,26
18077,ok,32.4499,32.4499,30
18078,ok,28.2733,28.2733,27
18079,ok,40.9480,40.9480,22
1808,ok,44.5406,44.5406,21
18080,ok,40.3618,39.2349,21
18081,ok,41.0641,41.0641,13
18082,ok,40.5553,40.5553,20
18083,ok,41.8357,41.8357,25
18084,ok,49.8111,49.8111,32
18085,ok,53.4118,49.6875,16
18086,ok,33.4713,29.8212,23
18087,ok,32.7090,32.7090,16
18088,ok,47.0739,47.0739,32
18089,ok,48.6181,48.6181,11
1809,ok,45.8518,45.8518,13
18090,ok,36.2275,36.2275,24
18091,ok,25.9196,25.9196,26
18092,ok,42.3555,41.6627,24
18093,ok,44.9592,44.9592,32
18094,ok,46.3228,43.4925,28
18095,ok,47.8546,47.8546,13
18096,ok,31.1532,31.1532,19
18097,ok,27.3165,27.3165,14
18098,ok,45.6182,45.6182,27
18099,ok,36.6463,36.6463,30
181,ok,42.2765,42.2765,24
1810,ok,32.3804,32.3804,24
18100,ok,35.6539,35.6539,14
18101,ok,46.1139,46.1139,24
18102,ok,31.1417,31.1417,21
18103,ok,47.7815,47.7815,19
18104,ok,36.8915,35.5214,20
18105,ok,34.5610,34.5610,14
18106,ok,40.4343,40.4343,21
18107,ok,49.6890,49.6890,17
18108,ok,35.5084,35.5084,42
18109,ok,43.6341,43.6341,18
1811,ok,45.7170,45.7170,32
18110,ok,32.2837,32.2837,27
18111,ok,47.2654,47.2654,12
18112,ok,39.1694,39.1694,34
18113,ok,26.6728,26.6728,43
18114,ok,38.5787,38.5787,25
18115,ok,32.0599,32.0599,22
18116,ok,36.9730,36.9730,28
18117,ok,35.5466,35.5466,18
18118,ok,38.9072,38.9072,14
18119,ok,44.5578,44.5578,14
1812,ok,35.8038,35.8038,24
18120,ok,45.0234,45.0234,32
18121,ok,38.9810,38.9810,27
18122,ok,16.1985,16.1985,22
18123,ok,47.8590,47.8590,13
18124,ok,52.6978,48.4205,27
18125,ok,40.2990,40.2990,33
18126,ok,47.0241,47.0241,42
18127,ok,29.1015,29.1015,9
18128,ok,47.0196,47.0196,26
18129,ok,49.3409,49.3409,21
1813,ok,46.2930,46.2930,22
18130,ok,33.5641,33.5641,16
18131,ok,39.3656,39.3656,32
18132,ok,39.5847,39.5847,18
18133,ok,34.6198,34.6198,19
18134,ok,45.5193,45.5193,17
18135,ok,33.5996,33.5996,19
18136,ok,45.2945,45.2945,11
18137,ok,37.1447,37.1447,19
18138,ok,46.9755,46.9755,22
18139,ok,37.4858,37.4858,38
1814,ok,39.2563,39.2563,33
18140,ok,43.8768,43.8768,18
18141,ok,41.2871,41.2871,49
18142,ok,38.6746,38.6746,11
18143,ok,43.7405,43.7405,15
18144,ok,36.1583,36.1583,23
18145,ok,48.0933,48.0933,32
18146,ok,47.0597,47.0597,24
18147,ok,44.2819,44.2819,12
18148,ok,46.9557,46.9557,17
18149,ok,36.2229,36.2229,14
1815,ok,45.6270,44.7982,17
18150,ok,45.3239,45.3239,27
18152,ok,42.6656,42.6656,35
18153,ok,33.8032,33.3445,24
18154,ok,47.5795,47.5795,22
18155,ok,43.3484,43.3484,33
18156,ok,50.7298,49.8721,41
18158,ok,45.0547,45.0547,17
18159,ok,42.5175,42.5175,11
1816,ok,42.6790,42.6790,16
18160,ok,46.4610,46.1456,20
18161,ok,47.4713,47.4713,12
18162,ok,39.7639,39.7639,32
18163,ok,28.7657,28.7657,17
18164,ok,48.8901,48.8901,22
18165,ok,43.9967,43.9967,34
18166,ok,48.0920,48.0920,13
18167,ok,46.4891,46.4891,42
18168,ok,38.1585,38.1585,31
18169,ok,37.4400,37.4400,25
1817,ok,39.4131,39.4131,15
18170,ok,49.6889,49.6889,10
18171,ok,46.9658,46.9658,18
18172,ok,49.5498,49.5498,20
18173,ok,47.9241,47.9241,16
18174,ok,38.3446,38.3446,18
18175,ok,44.3145,44.3145,26
18176,ok,45.8488,45.8488,17
18177,ok,43.4407,43.4407,33
18178,ok,42.6150,41.1242,33
18179,ok,49.1176,49.1176,28
1818,ok,41.9304,41.9303,24
18180,ok,43.0647,43.0647,17
18181,ok,26.6515,26.6515,21
18182,ok,42.8524,42.8524,22
18183,ok,42.0880,42.0880,15
18184,ok,16.9675,16.9675,19
18185,ok,42.6610,42.6610,23
18186,ok,42.5526,42.5526,16
18187,ok,32.4688,32.4688,23
18188,ok,48.0803,47.5342,18
18189,ok,47.1501,47.1501,34
1819,ok,28.5973,28.5973,25
18190,ok,44.8773,44.8773,28
18191,ok,45.6457,45.6457,19
18192,ok,40.6210,40.6210,23
18193,ok,50.1338,48.5367,26
18194,ok,49.0326,49.0326,20
18195,ok,48.2273,48.2273,31
18196,ok,22.2011,22.2011,16
18198,ok,46.5828,46.5828,19
18199,ok,21.6742,21.6742,16
182,ok,48.6252,48.6252,32
1820,ok,48.6593,48.6593,30
18200,ok,31.1833,31.1833,31
18201,ok,52.9389,46.7673,21
18202,ok,29.1175,29.1175,19
18203,ok,39.0661,39.0661,17
18204,ok,45.9308,45.9308,36
18205,ok,47.2790,47.2790,17
18206,ok,24.2000,24.2000,23
18207,ok,46.6459,46.6459,45
18208,ok,48.1471,48.1471,14
18209,ok,39.7337,39.7337,28
1821,ok,48.5089,48.5089,27
18210,ok,37.5302,37.5302,12
18211,ok,46.4475,46.4475,27
18212,ok,47.3487,47.3487,19
18213,ok,39.9885,39.9885,24
18214,ok,41.3011,41.3011,13
18215,ok,49.8534,49.8534,20
18216,ok,44.2629,44.2629,28
18217,ok,38.6334,38.6334,20
18218,ok,28.7029,28.7029,23
18219,ok,34.7271,34.7271,22
1822,ok,27.4323,27.4323,20
18220,ok,49.8977,49.8977,22
18221,ok,53.7129,47.8554,29
18222,ok,32.7811,32.7811,14
18223,ok,46.5999,46.5999,14
18224,ok,35.5068,35.5068,20
18225,ok,49.2499,49.2499,25
18226,ok,45.4468,45.4468,26
18227,ok,46.2218,46.2218,22
18228,ok,49.4701,49.4701,19
18229,ok,28.0348,28.0348,40
1823,ok,43.8841,43.8841,17
18230,ok,26.7730,26.7730,19
18231,ok,47.9225,47.9225,18
18232,ok,44.7694,44.7694,43
18233,ok,42.2705,42.2705,38
18234,ok,26.9800,26.9800,31
18235,ok,41.3236,41.3236,19
18236,ok,33.9323,33.9323,15
18237,ok,38.1748,38.1748,25
18238,ok,33.7811,33.7811,19
18239,ok,38.4581,38.4581,13
18240,ok,29.4462,29.4462,21
18241,ok,40.3879,40.3879,13
18242,ok,32.6759,32.6759,14
18243,ok,38.4125,38.4125,27
18244,ok,48.9483,48.9483,26
18245,ok,42.8223,42.8223,24
18246,ok,26.0629,26.0629,22
18247,ok,45.1734,45.1734,13
18248,ok,45.6076,45.6076,19
18249,ok,42.4556,42.4556,24
1825,ok,45.0817,45.0817,32
18250,ok,35.8090,35.8090,41
18251,ok,24.5826,24.5826,19
18252,ok,42.2445,42.2445,32
18253,ok,43.0631,43.0631,16
18254,ok,38.8478,38.8478,24
18255,ok,26.8782,26.8782,30
18256,ok,27.2788,27.2788,13
18257,ok,34.5894,34.5894,30
18258,ok,48.8328,48.8328,18
18259,ok,31.3625,31.3625,25
1826,ok,41.0303,41.0303,23
18260,ok,25.1273,25.1273,11
18261,ok,34.2376,34.2376,36
18262,ok,37.5398,37.5398,19
18263,ok,49.9263,49.9263,15
18264,ok,49.0037,49.0037,24
18265,ok,44.2702,44.2702,17
18266,ok,38.1140,36.6279,18
18267,ok,37.3110,37.1353,19
18268,ok,21.5290,21.5290,14
18269,ok,46.4894,46.4894,15
1827,ok,39.8223,39.8223,20
18270,ok,48.6549,48.6549,17
18271,ok,48.4510,48.4510,17
18272,ok,39.0595,39.0595,22
18273,ok,46.3786,46.3786,17
18274,ok,44.4159,44.4159,12
18275,ok,34.0952,34.0952,13
18276,ok,38.5889,38.0488,38
18277,ok,49.0518,49.0518,19
18278,ok,45.6621,45.6621,23
18279,ok,44.4815,44.4815,22
1828,ok,33.3220,33.3220,15
18280,ok,46.9955,46.9955,24
18281,ok,30.2062,30.2062,18
18282,ok,38.6947,38.6947,20
18283,ok,28.7992,28.7992,39
18284,ok,26.1538,26.1538,21
18285,ok,46.8942,46.8942,27
18286,ok,46.0756,46.0756,13
18287,ok,22.3277,22.2528,14
18288,ok,34.2601,34.2601,22
18289,ok,45.6061,45.6061,22
1829,ok,31.5699,31.5699,35
18290,ok,45.3239,45.3239,24
18291,ok,45.7205,45.7205,15
18292,ok,44.5491,44.5491,18
18293,ok,42.0606,42.0606,28
18294,ok,47.3789,47.3789,15
18295,ok,45.3654,45.3654,21
18296,ok,17.8093,17.8093,22
18297,ok,32.1431,32.1431,13
18298,ok,41.1490,41.1490,31
18299,ok,53.9236,48.0431,20
183,ok,38.1211,38.1211,16
1830,ok,48.3411,48.3411,28
18300,ok,32.8435,32.8435,12
18301,ok,25.5424,25.5424,13
18302,ok,41.0124,41.0124,14
18303,ok,39.2306,39.2306,54
18304,ok,43.9964,43.9964,27
18305,ok,31.9262,31.9262,20
18306,ok,40.6421,40.6421,22
18307,ok,32.8640,32.8640,29
18308,ok,41.6676,41.6676,35
18309,ok,42.3334,38.5498,24
1831,ok,47.1687,47.1687,21
18310,ok,42.5322,42.5322,22
18311,ok,32.2374,32.2374,19
18312,ok,41.5586,41.5586,17
18313,ok,48.9621,48.9621,20
18314,ok,24.4974,24.4974,27
18315,ok,33.8369,33.8369,17
18316,ok,46.9834,46.9834,25
18317,ok,40.4146,40.4146,20
18318,ok,44.7732,44.7732,26
18319,ok,49.0840,49.0840,21
1832,ok,48.7951,48.7951,35
18320,ok,37.3611,37.3611,31
18321,ok,36.8534,36.8534,20
18322,ok,46.9917,46.9917,12
18323,ok,38.3501,38.3501,23
18324,ok,43.9289,43.9289,18
18325,ok,44.7662,44.7662,22
18326,ok,36.5299,36.5299,15
18327,ok,45.2707,45.2707,19
18328,ok,48.1690,48.1690,31
18329,ok,49.2429,49.2428,28
1833,ok,42.7993,42.7993,29
18330,ok,48.0420,48.0420,25
18331,ok,49.8423,49.8423,26
18332,ok,35.6579,35.6579,18
18333,ok,39.5237,39.5237,22
18334,ok,35.4038,35.4038,14
18335,ok,48.7282,48.7282,19
18336,ok,36.4194,36.4194,25
18337,ok,46.0285,45.8454,30
18338,ok,18.2620,18.2620,29
18339,ok,28.1264,28.1264,33
1834,ok,31.8709,31.8709,15
18340,ok,41.9880,41.9880,39
18341,ok,41.0863,41.0863,37
18342,ok,48.8823,48.8823,39
18343,ok,43.1517,43.1517,25
18344,ok,44.0918,44.0918,21
18346,ok,48.0030,48.0030,26
18347,ok,48.3945,48.3945,23
18348,ok,38.6729,38.6729,29
18349,ok,47.6286,47.6286,36
1835,ok,31.8521,31.8521,18
18350,ok,22.7066,22.7066,10
18351,ok,46.5653,46.5653,41
18352,ok,44.0486,44.0486,39
18353,ok,34.2652,34.2652,39
18354,ok,44.4874,44.4874,16
18355,ok,46.3970,46.3970,29
18356,ok,45.7688,45.7688,25
18357,ok,44.2066,44.2066,20
18358,ok,48.3519,48.3519,17
18359,ok,42.6421,37.9919,23
1836,ok,40.3143,40.3143,26
18360,ok,16.0974,16.0974,22
18361,ok,46.3886,46.3886,20
18362,ok,38.7604,38.7604,14
18363,ok,46.7330,46.7330,20
18364,ok,31.8717,31.8717,12
18365,ok,40.6563,40.6563,13
18366,ok,46.7395,46.7395,29
18367,ok,48.3188,48.3188,19
18368,ok,41.3115,41.3115,29
18369,ok,1760.8865,36.8796,37
1837,ok,39.9570,39.9570,26
18370,ok,41.5431,41.5431,17
18371,ok,26.1178,26.1178,14
18372,ok,45.2113,45.2113,26
18373,ok,43.8283,43.8283,23
18374,ok,49.0850,49.0850,22
18375,ok,33.4348,33.4348,20
18376,ok,46.8716,46.8716,19
18377,ok,42.5478,42.5478,29
18378,ok,42.7694,42.7694,23
18379,ok,48.0883,48.0883,15
1838,ok,26.7045,26.7045,17
18380,ok,55.8765,49.7830,49
18381,ok,47.9223,46.9558,16
18382,ok,44.7157,43.5981,33
18383,ok,46.8610,46.8610,11
18384,ok,27.7249,27.7249,24
18385,ok,44.9130,44.9130,25
18386,ok,36.6403,36.6403,19
18387,ok,36.2015,36.2015,19
18388,ok,24.8160,24.8160,27
18389,ok,36.2711,36.2711,41
1839,ok,32.8798,32.4453,19
18390,ok,44.2293,44.2293,23
18391,ok,35.1476,35.1476,17
18392,ok,45.8954,45.8954,26
18393,ok,45.3271,45.3271,26
18394,ok,40.8968,40.8968,18
18395,ok,42.3886,42.3886,23
18396,ok,36.3572,36.3572,23
18397,ok,36.9623,36.9623,15
18398,ok,38.0661,38.0661,36
18399,ok,39.9661,39.9661,20
184,ok,45.5892,45.5892,38
1840,ok,41.8631,41.8631,19
18400,ok,45.7344,45.7344,10
18401,ok,49.5911,49.5911,33
18402,ok,48.2814,48.2814,22
18403,ok,46.2428,46.2428,15
18404,ok,47.6432,47.6432,17
18405,ok,44.2089,44.2089,19
18406,ok,44.2961,44.2961,25
18407,ok,43.1824,43.1824,16
18408,ok,48.8966,43.5643,20
18409,ok,49.5750,49.5750,21
1841,ok,35.5065,35.5065,16
18410,ok,26.5620,26.5620,31
18411,ok,47.1398,47.1398,26
18412,ok,29.2175,29.2175,16
18413,ok,44.0099,44.0099,9
18414,ok,34.8219,34.8219,47
18415,ok,40.6182,40.6182,26
18416,ok,26.2095,26.2095,20
18417,ok,46.0567,46.0567,18
18418,ok,45.6409,45.6409,44
18419,ok,49.1651,49.1651,18
1842,ok,18.7955,18.7955,13
18420,ok,30.0512,30.0512,25
18421,ok,43.9103,43.9102,22
18422,ok,41.2742,41.2742,11
18423,ok,39.7098,39.7098,14
18424,ok,47.9073,47.9073,30
18425,ok,28.5561,28.5561,26
18426,ok,43.8570,43.8570,18
18427,ok,49.5090,49.5090,14
18428,ok,43.0601,43.0601,37
18429,ok,49.3546,49.3546,23
18430,ok,44.2288,44.2288,25
18431,ok,44.0261,44.0261,19
18432,ok,48.6479,48.6479,19
18433,ok,37.9422,37.9422,22
18434,ok,38.3573,38.3573,13
18435,ok,36.1954,36.1954,24
18436,ok,43.4709,43.4709,25
18437,ok,43.7399,43.7399,18
18438,ok,44.3778,44.3778,17
18439,ok,46.6098,46.6098,40
1844,ok,38.0180,38.0180,13
18440,ok,12.5639,12.5639,38
18441,ok,48.0167,48.0167,38
18442,ok,38.8060,38.8060,25
18443,ok,30.3452,30.3452,22
18444,ok,47.4693,47.4693,22
18445,ok,32.6920,32.6920,24
18446,ok,30.8831,30.8831,17
18447,ok,45.2103,44.0363,20
18448,ok,31.9642,31.9642,24
18449,ok,39.6466,39.6466,32
1845,ok,40.8206,40.8206,12
18450,ok,42.9825,42.9825,20
18451,ok,42.1995,42.1995,18
18452,ok,49.8770,49.8770,27
18453,ok,47.3804,47.3804,27
18454,ok,46.4086,46.4086,19
18455,ok,49.4096,49.4096,32
18456,ok,43.6657,43.6657,22
18457,ok,41.0750,41.0750,35
18458,ok,47.5075,47.5075,24
18459,ok,37.4298,37.4298,29
1846,ok,47.7354,47.7354,41
18460,ok,25.8297,25.8297,19
18461,ok,48.6843,48.3909,22
18462,ok,47.3822,47.3822,22
18463,ok,33.4824,33.4824,19
18464,ok,48.8616,48.8616,19
18465,ok,41.7986,41.7986,25
18466,ok,33.6880,33.6879,15
18467,ok,39.6059,39.6059,30
18468,ok,47.5134,47.5134,26
18469,ok,47.9027,47.9027,26
1847,ok,43.9946,43.9946,10
18470,ok,28.6820,28.6820,21
18471,ok,47.8091,47.8091,16
18472,ok,48.0224,48.0224,19
18473,ok,47.9793,47.9793,13
18474,ok,40.3285,40.3285,18
18475,ok,49.3949,49.3949,32
18476,ok,47.5955,47.5955,16
18477,ok,42.5893,42.5893,26
18478,ok,25.1755,25.1755,30
18479,ok,41.0635,41.0635,27
1848,ok,48.6546,48.6546,22
18480,ok,25.2138,25.2138,17
18481,ok,45.9664,45.9664,35
18482,ok,47.7021,47.7021,19
18483,ok,37.4629,37.4629,15
18484,ok,49.4626,49.4626,23
18486,ok,41.6342,41.6342,26
18487,ok,43.1152,43.1152,15
18488,ok,39.6728,39.6728,12
18489,ok,24.1826,24.1826,32
1849,ok,35.7332,35.7332,31
18490,ok,36.8508,36.8508,32
18491,ok,45.6117,45.6117,14
18492,ok,35.2530,35.2530,29
18493,ok,24.2121,24.2121,19
18494,ok,46.1043,46.1043,48
18495,ok,47.4963,47.4963,25
18496,ok,39.3978,39.3978,19
18497,ok,26.1013,26.1013,20
18498,ok,49.1028,49.1028,29
18499,ok,48.5195,48.5195,11
185,ok,26.1888,26.1888,17
1850,ok,49.2727,49.2727,24
18500,ok,41.7948,41.7948,23
18501,ok,24.8188,24.8188,14
18502,ok,42.0070,42.0070,21
18503,ok,46.1034,46.1034,16
18504,ok,39.7776,39.7776,22
18505,ok,43.4313,43.4313,10
18506,ok,41.5557,41.5557,20
18507,ok,38.7130,38.7130,35
18508,ok,28.6168,28.6168,23
18509,ok,39.3379,39.3379,20
1851,ok,48.8627,48.8627,13
18510,ok,25.9033,25.9033,23
18511,ok,40.9661,40.9661,28
18512,ok,32.6879,32.6879,27
18513,ok,31.0163,31.0163,12
18514,ok,49.8668,49.8668,27
18515,ok,49.8079,49.8079,34
18516,ok,37.1132,37.1132,25
18517,ok,25.7306,25.7306,13
18518,ok,46.9508,46.9508,12
18519,ok,24.5425,24.5425,40
1852,ok,37.8242,37.8242,15
18521,ok,46.4976,46.4976,27
18522,ok,35.3786,35.3786,26
18523,ok,43.0253,43.0253,18
18524,ok,39.3749,39.3749,22
18525,ok,41.4341,41.4341,14
18526,ok,22.7452,22.7452,13
18527,ok,33.1643,33.1643,23
18529,ok,44.1519,44.1519,19
1853,ok,40.2119,40.2119,25
18530,ok,38.2079,38.2079,17
18531,ok,19.9961,19.9961,22
18532,ok,33.8752,33.8752,40
18533,ok,17.9899,17.9899,26
18534,ok,39.0218,39.0218,26
18535,ok,48.2190,48.2190,20
18536,ok,50.1719,47.5936,18
18537,ok,35.6841,35.6841,24
18538,ok,40.7732,40.7732,24
18539,ok,40.0774,40.0774,32
1854,ok,26.3416,26.3416,24
18540,ok,24.4023,24.4023,26
18541,ok,46.6146,46.6146,12
18542,ok,40.2253,40.2253,13
18543,ok,49.0495,49.0495,12
18544,ok,30.9262,30.9262,45
18545,ok,36.1189,36.1189,18
18546,ok,49.6330,49.6330,12
18547,ok,30.1615,30.1615,29
18548,ok,48.5866,48.5866,17
18549,ok,41.5328,41.5328,27
1855,ok,35.4489,35.4489,24
18550,ok,44.3540,44.3540,14
18551,ok,43.3761,43.3761,29
18552,ok,49.6772,49.6772,27
18553,ok,31.8949,31.8949,12
18554,ok,46.9741,41.8514,29
18555,ok,23.9983,23.9983,21
18556,ok,44.7195,44.7195,22
18557,ok,43.1959,43.1959,10
18558,ok,46.5018,46.5018,23
18559,ok,49.6121,49.6121,30
1856,ok,45.8419,45.8419,26
18560,ok,45.7613,45.7613,20
18561,ok,41.6418,41.6418,18
18562,ok,36.1429,36.1429,34
18563,ok,38.7956,38.7956,19
18564,ok,32.6561,32.6561,34
18565,ok,42.3237,42.3237,25
18566,ok,40.7271,40.6551,23
18567,ok,32.6415,32.6415,14
18568,ok,39.2463,39.2463,21
18569,ok,45.7480,45.0340,41
1857,ok,40.3153,40.3153,30
18570,ok,32.6493,32.6493,25
18571,ok,49.4946,49.4946,15
18572,ok,48.7216,48.7216,13
18573,ok,28.3747,28.3747,44
18574,ok,39.2319,39.2319,23
18575,ok,49.0788,49.0788,27
18576,ok,49.6953,49.6953,33
18577,ok,46.4682,46.4682,24
18578,ok,45.8799,45.8799,34
18579,ok,46.8456,46.8456,17
1858,ok,49.4564,49.4564,22
18580,ok,43.1459,43.1459,22
18581,ok,19.9919,19.9919,11
18582,ok,41.5543,41.5543,18
18583,ok,34.0324,34.0324,25
18584,ok,36.3043,32.3452,25
18585,ok,45.4801,45.4801,26
18586,ok,42.9864,42.9864,25
18587,ok,32.0445,32.0445,13
18588,ok,46.5830,46.5830,26
18589,ok,36.9163,36.9163,41
1859,ok,48.3701,48.3701,21
18590,ok,44.6379,44.6379,28
18591,ok,45.2270,45.2270,17
18592,ok,45.0373,45.0373,10
18593,ok,48.8305,40.6494,52
18594,ok,40.7421,40.7421,19
18595,ok,36.8338,36.8338,14
18596,ok,48.8058,48.8058,21
18597,ok,38.4148,38.4148,33
18598,ok,49.9310,49.9310,20
18599,ok,42.1337,42.1337,34
186,ok,38.5237,38.5237,22
1860,ok,47.1447,47.1447,41
18600,ok,41.0233,41.0233,16
18601,ok,32.7182,32.7182,14
18602,ok,42.0617,42.0617,17
18603,ok,43.1844,43.1844,27
18604,ok,40.6911,40.6911,22
18606,ok,48.3171,48.3171,36
18607,ok,41.8813,41.8206,24
18608,ok,39.8626,39.8626,29
18609,ok,46.5899,46.5899,17
1861,ok,36.3217,36.3217,20
18610,ok,45.0511,45.0511,15
18611,ok,31.6375,28.1874,27
18612,ok,48.5753,48.5753,20
18613,ok,29.1599,29.1599,25
18614,ok,47.7658,47.7658,23
18616,ok,49.5379,49.5379,32
18617,ok,47.5826,47.5826,21
18618,ok,49.5331,49.5331,12
18619,ok,45.3258,45.3258,21
1862,ok,44.2047,44.2047,16
18620,ok,33.2878,33.2878,18
18621,ok,30.8937,30.8937,25
18622,ok,40.4737,40.4737,28
18623,ok,31.0295,31.0295,17
18624,ok,42.5377,41.4184,28
18625,ok,47.8911,47.4770,18
18626,ok,42.4497,42.4497,28
18627,ok,35.6467,35.2466,25
18628,ok,40.3258,40.3258,14
18629,ok,39.4898,39.4898,22
1863,ok,32.9938,32.9938,32
18630,ok,35.8728,35.8728,17
18631,ok,31.3943,31.3943,24
18632,ok,36.8014,36.8014,33
18633,ok,36.9151,36.9151,32
18634,ok,47.5091,47.5091,21
18635,ok,41.3078,41.3078,37
18636,ok,39.3801,39.3801,15
18637,ok,47.8876,47.5158,26
18638,ok,44.4543,44.4543,34
18639,ok,42.8731,41.6507,13
1864,ok,30.2766,29.7997,20
18640,ok,39.8778,39.8778,15
18641,ok,37.2731,37.2731,21
18642,ok,21.9391,21.9391,23
18643,ok,48.1461,48.1461,28
18644,ok,46.6978,46.6978,14
18645,ok,49.3506,49.3506,19
18646,ok,49.5615,49.5615,18
18647,ok,29.4970,29.4970,13
18648,ok,36.8856,36.8856,27
18649,ok,47.0433,47.0433,19
1865,ok,37.9896,37.9896,28
18650,ok,47.0489,47.0489,18
18651,ok,32.3562,32.3562,27
18652,ok,33.0400,33.0400,22
18653,ok,47.0455,47.0455,32
18654,ok,34.2418,34.2418,18
18655,ok,48.7778,48.7778,36
18656,ok,51.7864,49.5139,13
18657,ok,31.9883,31.9883,31
18658,ok,33.0322,33.0322,41
1866,ok,54.2088,48.2972,22
18660,ok,48.5156,48.5156,10
18661,ok,31.0377,31.0377,25
18662,ok,44.1611,44.1611,20
18663,ok,37.1540,37.1540,20
18664,ok,49.8269,49.8269,24
18666,ok,46.9663,46.9663,23
18667,ok,46.9643,43.9571,17
18668,ok,43.2879,43.2879,20
18669,ok,30.8703,30.8703,23
1867,ok,44.8813,44.8813,26
18670,ok,45.5777,45.5777,14
18671,ok,41.1166,41.1166,22
18672,ok,46.1711,46.1711,25
18673,ok,44.3116,44.3116,26
18674,ok,31.2521,31.2521,45
18675,ok,49.0692,49.0692,17
18676,ok,43.8902,43.8902,15
18677,ok,37.3650,37.3650,14
18678,ok,43.1435,43.1435,16
18679,ok,37.6065,37.6065,22
1868,ok,49.4347,49.4347,18
18680,ok,45.1837,45.1837,34
18681,ok,33.8950,33.8950,25
18682,ok,40.7880,40.7880,28
18683,ok,37.9010,37.9010,27
18684,ok,26.9675,26.9675,26
18685,ok,36.9120,36.9120,15
18686,ok,48.0532,48.0532,16
18687,ok,43.8565,43.8565,19
18688,ok,33.3037,33.3037,33
18689,ok,25.4024,25.4024,18
1869,ok,36.6832,36.6832,17
18690,ok,43.9214,43.9214,20
18691,ok,45.2139,45.2139,12
18692,ok,40.1963,40.1963,31
18693,ok,46.6755,46.6755,25
18694,ok,45.7935,45.7935,18
18695,ok,45.2031,45.2031,28
18696,ok,32.6183,29.3581,16
18697,ok,30.8766,30.8766,22
18698,ok,45.3252,45.3252,21
18699,ok,49.7369,49.7369,23
187,ok,44.1936,44.1936,28
1870,ok,48.0189,48.0189,27
18700,ok,43.5720,43.5720,15
18701,ok,44.5341,44.5341,30
18702,ok,49.5377,49.5377,29
18703,ok,48.8151,48.8151,18
18704,ok,36.4029,36.4029,18
18705,ok,38.9722,38.9722,20
18706,ok,31.0755,31.0755,24
18707,ok,43.6897,43.6897,15
18708,ok,31.0633,31.0633,41
18709,ok,23.0069,23.0069,22
1871,ok,53.2112,47.4084,26
18710,ok,22.8775,22.8775,15
18711,ok,46.0310,46.0310,40
18712,ok,48.8424,48.8424,13
18713,ok,44.9134,44.9134,16
18714,ok,42.8705,42.8705,20
18715,ok,44.4967,44.4967,21
18716,ok,43.3808,43.3808,31
18717,ok,25.5467,25.5467,17
18718,ok,49.6148,49.6148,30
18719,ok,23.9492,23.9492,21
1872,ok,32.1466,32.1466,14
18720,ok,47.0530,47.0530,41
18721,ok,48.9928,48.9928,21
18722,ok,30.0264,30.0264,20
18723,ok,49.0099,49.0099,23
18724,ok,48.1087,48.1087,16
18725,ok,49.1828,49.1828,14
18726,ok,33.9386,33.9386,29
18727,ok,49.2210,49.2210,15
18728,ok,34.7626,34.7626,18
18729,ok,49.0955,49.0955,25
1873,ok,34.2128,33.6049,15
18730,ok,20.5449,20.5449,23
18731,ok,32.6382,32.4066,28
18732,ok,46.9417,46.9417,13
18733,ok,37.4261,37.4261,34
18734,ok,21.8211,21.8211,35
18735,ok,48.8038,48.8038,30
18736,ok,16.7232,16.7232,27
18737,ok,44.7825,44.7825,25
18738,ok,41.8611,41.8611,35
18739,ok,42.9306,42.9306,21
1874,ok,42.9548,42.9548,39
18741,ok,20.1056,20.1056,13
18742,ok,49.2020,49.2020,9
18743,ok,37.4680,37.4680,21
18744,ok,34.4812,34.4812,13
18745,ok,41.8870,41.8870,16
18746,ok,46.8291,46.8291,15
18747,ok,47.9921,47.9921,12
18748,ok,47.2250,47.2250,21
18749,ok,46.7454,46.7454,27
1875,ok,40.8082,40.8082,31
18750,ok,29.0360,29.0360,15
18751,ok,46.1097,46.1097,29
18752,ok,40.3711,36.3208,42
18753,ok,49.3855,49.3855,20
18754,ok,44.3021,44.3021,16
18755,ok,39.6717,39.6717,20
18756,ok,42.3833,42.3833,39
18757,ok,23.4510,22.9002,42
18758,ok,39.0820,39.0820,15
18759,ok,36.1882,36.1882,18
1876,ok,46.1901,46.1901,14
18760,ok,46.6488,46.6488,17
18761,ok,49.0779,43.7259,16
18762,ok,49.1092,49.1092,31
18763,ok,31.6426,31.6426,28
18764,ok,48.5693,48.5693,14
18765,ok,25.0484,25.0484,10
18766,ok,45.2223,45.2223,15
18767,ok,44.9446,43.5043,33
18768,ok,43.3599,43.3599,26
18769,ok,47.5826,47.5826,9
1877,ok,43.5231,43.5231,20
18770,ok,29.8709,29.8709,32
18771,ok,14.2356,14.2356,27
18772,ok,36.5179,36.5179,25
18773,ok,38.4092,38.4092,15
18774,ok,49.5036,49.5036,23
18775,ok,37.2986,37.2986,22
18776,ok,49.0741,49.0741,15
18777,ok,49.9171,49.2276,18
18778,ok,39.0986,39.0986,15
18779,ok,28.8393,28.8393,20
1878,ok,38.8505,38.8505,21
18780,ok,48.3983,48.3983,17
18781,ok,47.9788,47.9788,28
18782,ok,48.4833,48.4833,27
18783,ok,20.0733,20.0733,12
18784,ok,34.7206,34.7206,17
18785,ok,46.9256,46.9256,13
18786,ok,30.4169,30.4169,20
18787,ok,40.7170,40.7170,17
18788,ok,47.4124,47.4124,30
18789,ok,43.2383,43.2383,33
1879,ok,47.5974,47.5974,18
18790,ok,45.8642,45.8642,26
18791,ok,22.1200,22.1200,23
18792,ok,34.0667,34.0667,24
18793,ok,40.0069,40.0069,29
18794,ok,46.4865,46.4865,11
18795,ok,38.9663,38.9663,23
18796,ok,34.1414,34.1414,13
18797,ok,46.9765,46.9765,23
18798,ok,48.6748,48.6748,22
18799,ok,48.9823,48.9823,9
188,ok,40.7229,40.7229,15
1880,ok,43.6957,43.6957,19
18800,ok,26.6480,26.6480,16
18801,ok,49.9834,49.9834,12
18802,ok,45.5507,45.5507,19
18803,ok,28.4785,28.4785,19
18804,ok,42.3451,42.3451,17
18805,ok,44.8266,44.8266,17
18807,ok,25.0186,25.0186,33
18808,ok,49.2368,49.0779,28
18809,ok,29.9127,29.9127,19
1881,ok,42.9213,42.9213,15
18810,ok,48.2560,48.2560,20
18811,ok,24.4863,24.4863,17
18812,ok,33.0071,33.0071,28
18813,ok,45.1612,45.1612,23
18814,ok,38.4416,38.4416,11
18815,ok,40.7383,40.7383,30
18816,ok,46.1873,46.1873,29
18817,ok,46.7024,46.7024,33
18818,ok,43.8538,43.8538,24
18819,ok,28.7184,28.7184,23
1882,ok,39.0848,39.0848,26
18820,ok,33.3567,33.3567,12
18821,ok,41.1532,41.1532,29
18822,ok,36.3411,36.3411,25
18823,ok,36.8146,36.8146,15
18824,ok,42.4880,42.4880,35
18825,ok,26.9302,26.9302,23
18826,ok,44.5044,44.5044,25
18827,ok,47.6069,47.6069,23
18828,ok,38.6893,38.6892,36
18829,ok,45.3143,39.9403,26
1883,ok,40.8464,40.8464,44
18830,ok,32.1600,32.1600,27
18831,ok,43.7160,43.7160,30
18832,ok,43.4965,43.4965,18
18833,ok,51.4837,49.6845,40
18834,ok,48.0735,48.0735,25
18835,ok,42.8670,42.8670,33
18836,ok,43.8199,43.8199,26
18837,ok,25.3657,25.3657,33
18838,ok,31.0864,31.0864,24
18839,ok,42.7828,42.7828,28
1884,ok,48.0308,48.0308,22
18841,ok,39.8695,39.8695,25
18842,ok,1.5029,1.5029,4
18843,ok,41.9529,41.9529,18
18844,ok,42.8782,42.8782,30
18845,ok,29.3561,29.3561,17
18846,ok,36.6794,36.6794,37
18847,ok,49.9656,49.9656,20
18848,ok,49.5371,49.5371,12
18849,ok,32.5012,32.5012,37
1885,ok,44.4781,44.4781,24
18850,ok,39.7169,39.7169,25
18851,ok,48.8393,48.8393,40
18852,ok,34.2417,34.2417,23
18853,ok,49.2967,49.2967,27
18854,ok,35.5795,35.5795,16
18855,ok,34.3092,34.3092,23
18857,ok,34.8841,34.8841,25
18858,ok,41.5826,41.5826,29
18859,ok,43.8904,43.8904,20
1886,ok,47.1657,47.1657,22
18860,ok,45.0109,45.0109,44
18861,ok,41.9311,41.9311,20
18862,ok,40.9397,40.9397,30
18863,ok,48.5689,48.5689,23
18864,ok,38.4475,38.4475,25
18865,ok,46.3204,46.3204,32
18866,ok,47.2096,47.2096,13
18867,ok,39.5743,39.5743,27
18868,ok,40.2714,40.2714,18
18869,ok,32.6809,32.6809,18
1887,ok,44.1258,44.1258,12
18870,ok,33.3245,33.3245,24
18871,ok,45.1812,45.1812,54
18872,ok,44.4490,44.4490,27
18873,ok,38.3777,38.3777,12
18874,ok,37.1585,37.1585,18
18875,ok,49.8726,49.8726,20
18876,ok,45.2232,45.2232,24
18877,ok,44.0537,44.0537,16
18878,ok,22.5162,22.5162,32
18879,ok,43.3569,43.3569,28
1888,ok,43.3635,43.3635,39
18880,ok,38.8253,38.8253,15
18881,ok,47.9189,46.3549,31
18882,ok,42.6645,42.6645,27
18883,ok,34.9330,34.9330,37
18884,ok,45.7025,45.7025,13
18885,ok,28.7179,28.7179,42
18886,ok,40.2649,40.2649,25
18887,ok,45.6115,45.6115,20
18888,ok,38.4612,38.4612,31
18889,ok,36.8337,36.8337,25
1889,ok,41.3622,41.3622,14
18890,ok,46.5270,46.5270,14
18891,ok,47.2809,47.2809,32
18892,ok,33.5823,33.5823,14
18893,ok,48.1163,48.1163,13
18894,ok,39.0016,39.0016,21
18896,ok,47.5773,47.5773,13
18897,ok,39.6795,39.6795,17
18898,ok,39.2947,39.2947,37
18899,ok,34.1236,34.1236,27
189,ok,43.5604,43.5604,14
1890,ok,43.7846,43.7846,16
18900,ok,41.7297,41.7297,33
18901,ok,43.3635,43.3635,15
18902,ok,45.7293,45.7293,43
18903,ok,21.2446,21.2446,12
18904,ok,40.7811,40.7811,21
18905,ok,36.0206,36.0206,20
18906,ok,44.8713,44.8713,14
18907,ok,45.7226,45.7226,19
18908,ok,49.2549,49.2549,33
18909,ok,29.6596,29.6596,31
1891,ok,47.8363,47.8363,14
18910,ok,39.4457,39.4457,23
18911,ok,47.0894,47.0894,18
18912,ok,40.1461,40.1461,29
18913,ok,48.8099,48.8099,21
18914,ok,48.7134,48.7134,25
18915,ok,45.4495,45.4495,28
18916,ok,26.1872,26.1872,13
18917,ok,42.1428,42.1428,13
18918,ok,33.1894,33.1894,34
18919,ok,29.7190,29.7190,12
1892,ok,43.6260,43.6260,16
18921,ok,46.7731,46.7731,22
18923,ok,43.6910,43.6910,20
18924,ok,43.9548,43.9548,24
18925,ok,34.6033,34.6033,32
18926,ok,39.9660,39.9660,33
18927,ok,28.7655,28.7655,21
18928,ok,42.7002,42.7002,22
18929,ok,31.7700,31.7700,23
1893,ok,40.7685,40.7685,24
18930,ok,47.3972,47.3972,17
18931,ok,43.9826,43.9826,28
18932,ok,38.4388,38.4388,10
18933,ok,43.5569,43.5569,13
18934,ok,49.8050,49.8050,18
18935,ok,48.0656,48.0656,22
18936,ok,38.1718,38.1718,28
18937,ok,22.1063,21.8985,31
18938,ok,49.6479,49.6479,18
18939,ok,44.2807,44.2807,27
1894,ok,42.8633,38.1889,15
18940,ok,40.8095,40.4829,23
18941,ok,31.7558,31.7558,23
18942,ok,34.5161,34.5161,28
18943,ok,40.2911,40.2911,33
18944,ok,31.8647,31.8647,14
18945,ok,48.4967,48.4967,23
18946,ok,32.4912,32.4912,25
18947,ok,44.3300,39.4957,24
18948,ok,41.3067,41.3067,19
18949,ok,43.0868,43.0868,26
1895,ok,49.6355,49.6355,30
18950,ok,34.2286,34.2286,16
18951,ok,39.4813,39.4813,19
18952,ok,48.4288,48.4288,17
18953,ok,49.1487,49.1487,23
18954,ok,17.7943,17.7943,23
18955,ok,48.0741,48.0741,14
18956,ok,39.1318,39.1318,34
18957,ok,52.3082,46.6039,51
18958,ok,44.7118,44.7118,18
18959,ok,45.8742,45.8742,18
1896,ok,40.2345,40.2345,13
18960,ok,18.3150,18.3150,13
18961,ok,44.0732,44.0732,12
18962,ok,38.2810,38.2810,29
18963,ok,47.0410,45.7336,41
18964,ok,34.5604,34.5604,33
18965,ok,38.0941,36.9778,27
18966,ok,49.0122,49.0122,28
18967,ok,45.0815,45.0815,21
18968,ok,36.0286,36.0286,26
18969,ok,34.0204,34.0204,13
1897,ok,49.9742,49.9742,16
18970,ok,27.8670,27.3986,24
18971,ok,25.5397,25.5397,19
18972,ok,40.4833,40.4833,14
18973,ok,47.6263,47.6263,16
18974,ok,42.1789,42.1789,22
18975,ok,48.3658,48.3658,15
18976,ok,49.6990,49.6990,17
18977,ok,45.9484,45.9484,16
18978,ok,36.9399,36.9399,22
18979,ok,47.5297,47.5297,35
1898,ok,40.7773,40.7773,29
18980,ok,45.4778,45.4778,29
18981,ok,37.3668,37.3668,29
18982,ok,39.7266,39.7266,21
18983,ok,48.1664,48.1664,13
18984,ok,47.1586,47.1586,28
18985,ok,19.4196,19.4196,17
18986,ok,49.0196,49.0196,20
18987,ok,34.7406,34.7406,30
18988,ok,26.8628,26.8628,29
18989,ok,36.7898,36.7898,35
1899,ok,47.0121,47.0121,25
18990,ok,49.8575,49.8575,21
18991,ok,48.2139,48.2139,32
18992,ok,45.8404,45.8404,14
18993,ok,28.6363,28.6363,27
18994,ok,44.0297,44.0297,13
18995,ok,42.9388,42.9388,14
18996,ok,49.1966,49.1966,15
18997,ok,38.0062,38.0062,30
18998,ok,45.1495,45.1495,27
18999,ok,49.5819,49.5819,11
19,ok,44.1335,44.1335,22
190,ok,46.8535,46.8535,29
1900,ok,41.8663,41.8663,22
19000,ok,48.0922,43.6841,39
19001,ok,36.1199,36.1199,13
19002,ok,38.9702,38.9702,23
19003,ok,29.3136,29.3136,25
19004,ok,48.8748,48.8748,12
19005,ok,44.2540,44.2540,17
19006,ok,44.4349,43.5685,25
19007,ok,46.4565,46.4565,16
19008,ok,41.6394,41.6394,20
19009,ok,29.3587,29.3587,21
1901,ok,34.1463,34.1463,26
19010,ok,40.5366,40.5366,16
19011,ok,46.4639,46.4639,31
19012,ok,46.9638,46.9638,20
19013,ok,47.8753,45.7923,29
19014,ok,36.5919,36.5919,15
19015,ok,45.1211,45.1211,37
19016,ok,46.8108,46.8108,27
19017,ok,41.3465,41.3465,18
19018,ok,34.7097,34.7097,12
19019,ok,19.1155,19.1155,12
1902,ok,36.5804,36.5804,26
19020,ok,49.3660,49.3660,26
19021,ok,45.6582,45.6582,21
19022,ok,49.7948,49.7948,16
19023,ok,34.1996,34.1996,18
19024,ok,41.9550,41.9550,39
19025,ok,34.7036,34.7036,19
19026,ok,31.4449,31.4449,31
19027,ok,42.9568,42.9567,20
19028,ok,48.1636,48.1636,15
19029,exception:ValueError,-1.0000,-1.0000,-1
1903,ok,44.8130,44.8130,49
19030,ok,49.6635,49.6635,21
19031,ok,46.5528,46.5528,18
19032,ok,18.2109,18.2109,33
19033,ok,44.0306,44.0306,12
19034,ok,41.2690,41.2690,10
19035,ok,36.2439,36.2439,18
19036,ok,46.2120,46.2120,25
19037,ok,38.5771,38.5771,17
19038,ok,34.4808,34.3023,27
19039,ok,37.6604,37.6604,31
1904,ok,39.0794,39.0794,32
19040,ok,36.3609,36.3609,30
19041,ok,37.8038,37.8038,16
19042,ok,31.4618,31.4618,18
19043,ok,30.4983,30.4983,20
19044,ok,41.6317,41.6317,45
19045,ok,36.3318,36.3318,16
19046,ok,35.3082,35.3082,13
19047,ok,46.5349,46.5349,15
19048,ok,44.4815,44.4815,11
19049,ok,46.1677,46.1677,14
1905,ok,49.9644,49.9644,23
19050,ok,47.7047,47.7047,27
19051,ok,39.7564,39.7564,21
19052,ok,47.8397,47.8397,14
19053,ok,19.6100,19.6100,22
19054,ok,43.1025,43.1025,26
19055,ok,40.6578,40.6578,25
19056,ok,26.0592,26.0592,29
19057,ok,48.8135,48.8135,14
19058,ok,42.2508,42.2508,22
19059,ok,33.8709,33.8709,31
1906,ok,32.6744,32.6744,8
19060,ok,46.6916,46.6916,20
19061,ok,24.9533,24.9533,33
19062,ok,30.0926,30.0926,21
19063,ok,46.8461,46.8461,21
19064,ok,34.9921,34.9921,28
19065,ok,33.0465,33.0465,27
19067,ok,37.3117,37.3117,28
19068,ok,41.9556,41.9556,21
19069,ok,47.7603,47.7602,32
1907,ok,27.5986,26.5492,28
19070,ok,32.5455,32.5455,22
19071,ok,39.3630,38.5661,12
19072,ok,45.1055,45.1055,19
19073,ok,41.4045,41.4045,26
19074,ok,32.9742,32.9742,22
19075,ok,42.6044,42.6044,30
19076,ok,49.1666,49.1666,20
19077,ok,49.5011,49.5011,15
19078,ok,43.7103,43.7103,34
19079,ok,45.4073,45.4073,29
1908,ok,48.3201,48.3201,13
19080,ok,47.1184,47.1184,23
19081,ok,33.0767,33.0767,21
19083,ok,49.9055,49.9055,39
19084,ok,45.8035,45.2087,11
19085,ok,34.3585,34.3585,14
19086,ok,43.5680,43.5680,22
19087,ok,38.9451,38.9451,29
19088,ok,35.4981,35.4981,43
19089,ok,30.8903,30.8903,16
1909,ok,46.0919,46.0919,17
19090,ok,30.7976,30.7976,27
19091,ok,28.8756,28.8756,23
19092,ok,47.5361,45.0650,18
19093,ok,32.0416,32.0416,32
19094,ok,38.3119,38.3119,29
19095,ok,42.1660,42.1660,20
19096,ok,45.3940,45.3940,21
19097,ok,45.8381,45.8381,17
19098,ok,45.1497,45.1497,17
19099,ok,48.6179,48.6179,24
191,ok,39.3230,39.3230,24
1910,ok,46.6684,46.6684,24
19101,ok,24.3134,24.3134,14
19102,ok,49.0973,49.0973,16
19103,ok,39.9853,39.9853,23
19104,ok,46.0173,46.0173,30
19105,ok,43.2863,43.2863,18
19106,ok,38.2465,38.2465,27
19107,ok,35.1881,34.8598,22
19108,ok,36.3541,36.3541,27
19109,ok,39.3009,39.3009,50
1911,ok,41.5348,41.5348,25
19110,ok,46.8902,46.8902,39
19111,ok,19.3393,19.3393,27
19112,ok,27.0944,27.0944,12
19113,ok,45.8162,45.8162,25
19114,ok,38.2469,38.2469,30
19115,ok,46.6942,46.6942,22
19116,ok,45.3417,45.3417,24
19117,ok,36.7300,36.7300,13
19118,ok,47.6370,47.6370,13
19119,ok,47.7624,47.7624,27
1912,ok,40.7833,40.7833,34
19120,ok,50.3167,49.5304,14
19121,ok,39.5933,39.5933,47
19122,ok,22.3805,22.3805,32
19123,ok,33.7185,33.7185,36
19124,ok,49.0710,49.0710,32
19125,ok,39.9175,35.5644,16
19126,ok,41.3602,41.3602,20
19127,ok,49.2663,49.2663,29
19128,ok,49.7357,49.7357,47
19129,ok,32.7095,32.7095,36
1913,ok,46.8587,46.8587,40
19131,ok,37.8499,37.8499,9
19132,ok,38.2705,38.2705,41
19133,ok,39.8906,37.8299,12
19134,ok,49.7747,49.7747,17
19135,ok,32.0807,32.0807,19
19136,ok,31.7679,31.7679,42
19137,ok,40.4885,40.4885,47
19138,ok,23.0338,23.0338,42
19139,ok,1027.5171,43.1740,34
1914,ok,38.1633,38.1633,13
19140,ok,48.6083,48.6083,19
19141,ok,42.8481,42.8481,34
19142,ok,43.4338,43.4338,28
19143,ok,41.0491,41.0491,22
19144,ok,38.4396,33.9661,29
19145,ok,27.0852,27.0852,25
19146,ok,27.1420,27.1420,17
19147,ok,22.8036,22.8036,29
19148,ok,40.1919,40.1919,16
19149,ok,43.5333,43.5333,17
1915,ok,43.1686,43.1686,19
19150,ok,46.9983,46.9983,23
19151,ok,34.8066,34.8066,31
19152,ok,44.2720,44.2720,28
19153,ok,24.8281,24.8281,32
19154,ok,44.2992,44.2992,19
19155,ok,47.9065,47.9065,13
19156,ok,38.9853,38.9853,27
19157,ok,48.3668,48.3668,27
19158,ok,47.1552,47.1552,18
19159,ok,47.0188,47.0188,18
1916,ok,44.6060,44.6060,51
19160,ok,41.4851,41.4851,17
19162,ok,40.6038,40.6038,20
19163,ok,49.9323,49.9323,19
19164,ok,34.2923,34.2923,12
19165,ok,43.2241,38.5105,16
19166,ok,33.6194,33.6194,21
19167,ok,46.0332,46.0332,29
19168,ok,43.1625,43.1625,36
19169,ok,38.9110,38.9110,18
1917,ok,42.6426,42.6426,21
19170,ok,45.6340,45.6340,37
19171,ok,30.9536,30.9536,21
19172,ok,46.9350,46.9350,14
19173,ok,44.0140,44.0140,32
19174,ok,31.7149,31.7149,24
19175,ok,22.0103,22.0103,21
19176,ok,49.0773,49.0773,14
19177,ok,47.9718,47.9718,19
19178,ok,20.6401,19.7571,23
19179,ok,29.9916,29.9916,22
1918,ok,42.8301,42.8301,15
19180,ok,48.6115,48.6115,14
19181,ok,37.8435,37.8435,31
19182,ok,43.8877,43.8877,17
19183,ok,41.2085,38.3204,29
19184,ok,38.4608,38.4608,15
19185,ok,22.1383,22.1383,11
19187,ok,34.7423,34.4872,35
19188,ok,34.2457,34.2457,26
19189,ok,38.5808,38.5808,22
1919,ok,47.7254,47.7254,17
19190,ok,44.1039,44.1039,33
19191,ok,46.2688,46.2688,17
19192,ok,48.9968,48.9968,18
19193,ok,47.0157,47.0157,18
19194,ok,18.4579,18.4579,16
19195,ok,48.2807,48.2807,21
19196,ok,48.4194,48.4194,27
19197,ok,25.1252,25.1252,17
19198,ok,44.3450,44.3450,16
19199,ok,49.8540,49.8540,32
192,ok,47.2953,47.2953,16
19200,ok,33.9320,33.9320,20
19201,ok,33.7884,33.7884,14
19202,ok,42.6855,42.6855,27
19203,ok,37.1404,37.1404,30
19204,ok,39.7050,39.7050,28
19205,ok,50.1394,47.5678,38
19206,ok,49.1234,49.1234,20
19207,ok,45.4450,45.4450,16
19208,ok,44.3821,44.3821,26
19209,ok,44.9897,44.9897,26
1921,ok,35.0438,35.0438,13
19210,ok,38.7654,38.7654,18
19211,ok,41.5241,36.9958,19
19212,ok,25.1493,25.1493,23
19213,ok,35.2240,35.2240,27
19214,ok,44.3964,40.0120,13
19215,ok,45.4085,45.4085,19
19216,ok,43.4966,43.4966,22
19217,ok,34.7485,34.3654,28
19218,ok,40.2960,40.2960,25
19219,ok,44.4406,44.4406,38
1922,ok,25.1484,25.1484,22
19220,ok,40.9491,40.9491,27
19221,ok,16.7571,16.7571,29
19222,ok,41.9681,41.9681,22
19223,ok,42.0629,42.0629,22
19224,ok,39.4028,39.4028,33
19225,ok,43.1301,43.1301,16
19226,ok,47.5843,47.5843,17
19227,ok,49.0855,49.0855,34
19229,ok,50.7203,45.1891,19
1923,ok,49.0043,49.0043,18
19230,ok,36.6861,36.6861,31
19231,ok,37.8082,37.8082,21
19232,ok,48.8655,48.8655,21
19233,ok,27.8045,27.8045,27
19234,ok,43.6391,43.6391,12
19235,ok,32.8052,32.8052,19
19236,ok,29.8581,29.8581,23
19237,ok,47.0813,47.0813,20
19238,ok,44.5968,44.5968,25
19239,ok,44.7096,44.7096,12
1924,ok,38.7349,38.7349,20
19240,ok,34.7921,34.7921,20
19241,ok,48.2062,48.2062,15
19242,ok,26.2784,26.2784,11
19243,ok,48.5982,48.5982,28
19244,ok,42.0338,42.0338,16
19245,ok,2601.6378,31.0446,20
19246,ok,30.5715,30.5715,25
19247,ok,43.1962,43.1962,19
19248,ok,45.0721,45.0721,17
19249,ok,46.8198,46.8198,30
1925,ok,48.9222,48.5177,27
19250,ok,48.5436,48.5436,34
19251,ok,31.7228,31.7228,37
19252,ok,41.0441,41.0441,17
19253,ok,49.8531,49.8531,43
19254,ok,28.1243,28.1243,28
19255,ok,46.5147,46.5147,23
19256,ok,36.4958,36.4958,23
19257,ok,34.6940,34.6940,14
19258,ok,24.0097,24.0097,24
19259,ok,15.0584,15.0584,28
1926,ok,40.4791,40.4791,22
19260,ok,46.8739,46.8739,28
19261,ok,46.7142,46.7142,27
19262,ok,48.8320,48.8320,25
19263,ok,42.1659,42.1659,20
19264,ok,45.3637,45.3637,13
19265,ok,20.4376,18.2088,21
19266,ok,42.2762,42.2762,23
19267,ok,40.4849,40.4849,17
19268,ok,46.8003,46.8003,25
19269,ok,49.6820,49.6820,30
1927,ok,46.1830,46.1830,31
19270,ok,41.7166,41.7166,28
19271,ok,46.4314,46.4314,23
19272,ok,34.3366,34.3366,19
19273,ok,47.4715,47.4715,14
19274,ok,47.1752,47.1752,44
19275,ok,28.0792,28.0792,32
19276,ok,40.3578,40.3578,39
19277,ok,34.4744,34.4744,18
19278,ok,40.3242,40.3242,28
19279,ok,45.9906,45.9906,23
1928,ok,47.9270,47.9270,18
19280,ok,45.1812,45.1812,30
19281,ok,42.4171,42.4171,20
19282,ok,49.3719,49.3719,28
19283,ok,49.8497,49.8497,9
19284,ok,40.9054,40.9054,13
19285,ok,45.8741,45.8741,27
19286,ok,46.0402,46.0402,23
19287,ok,48.0329,48.0329,25
19288,ok,49.9456,49.9456,12
19289,ok,19.5024,19.5024,14
1929,ok,44.4536,44.4536,12
19290,ok,33.8138,33.8138,26
19291,ok,46.6294,46.6294,32
19292,ok,37.8947,37.8947,33
19293,ok,45.6974,45.6974,26
19294,ok,37.6999,37.6999,20
19295,ok,39.0925,39.0925,28
19296,ok,44.4419,44.4419,14
19297,ok,29.6080,29.6080,25
19298,ok,41.1596,41.1596,22
19299,ok,35.9488,35.9488,17
193,ok,29.2895,29.2895,37
1930,ok,37.2163,37.2163,17
19300,ok,35.6747,35.6747,29
19301,ok,49.9041,49.9041,29
19302,ok,30.7428,30.7428,27
19303,ok,43.5145,43.5145,14
19304,ok,40.1090,40.1090,29
19305,ok,28.2688,28.2688,26
19306,ok,26.6210,26.6210,27
19307,ok,47.0834,47.0834,39
19308,ok,44.0384,44.0384,28
19309,ok,48.9294,48.9294,20
1931,ok,41.5498,41.5498,21
19310,ok,36.4061,36.4061,19
19311,ok,43.0336,43.0336,34
19312,ok,34.3918,34.3918,24
19313,ok,41.5209,41.5209,25
19314,ok,51.3089,49.5823,14
19315,ok,17.9823,17.9823,27
19316,ok,28.2749,28.2749,23
19317,ok,46.1356,46.1356,14
19318,ok,46.7320,46.7320,41
19319,ok,47.3417,47.3417,24
1932,ok,47.0699,46.7692,28
19320,ok,47.4184,47.4184,26
19321,ok,44.2883,44.2883,28
19322,ok,42.3177,42.3177,19
19323,ok,43.6645,43.6645,32
19324,ok,49.3240,49.1440,14
19325,ok,30.5751,30.5751,14
19327,ok,38.2344,38.2344,16
19328,ok,49.0764,48.9269,31
19329,ok,43.0122,43.0122,22
1933,ok,31.5272,31.5272,24
19330,ok,49.6600,49.6600,20
19331,ok,43.2429,43.2429,10
19332,ok,44.1756,44.1756,19
19333,ok,41.6487,41.6487,37
19334,ok,43.5078,43.5078,35
19335,ok,32.0118,32.0118,20
19337,ok,37.1883,37.1883,22
19338,ok,43.3345,43.3345,32
19339,ok,49.0367,49.0367,23
1934,ok,32.7165,32.7165,18
19340,ok,46.4935,46.4935,17
19341,ok,43.8186,43.8186,21
19342,ok,41.3337,41.3337,19
19343,ok,53.6236,47.7759,20
19344,ok,23.0932,23.0932,26
19345,ok,33.0774,33.0774,19
19346,ok,39.1501,39.1501,28
19347,ok,43.8898,43.8898,12
19348,ok,46.6660,46.6660,27
19349,ok,26.2166,26.2166,37
1935,ok,46.7296,46.7296,44
19350,ok,45.2243,45.2243,16
19351,ok,45.7687,45.7687,17
19352,ok,34.4588,34.4588,33
19354,ok,22.3034,22.3034,19
19355,ok,35.2502,35.2502,27
19356,ok,46.8962,46.8962,24
19357,ok,48.2949,48.2949,15
19358,ok,47.6362,47.6362,17
19359,ok,39.2733,39.2733,17
1936,ok,43.5346,43.5346,19
19360,ok,41.9875,41.9875,16
19361,ok,49.7881,49.7881,20
19362,ok,46.5827,46.5827,24
19363,ok,33.7586,32.5958,11
19364,ok,44.8373,44.2438,16
19365,ok,44.5581,44.5581,17
19366,ok,38.3172,38.3172,24
19367,ok,30.2473,30.2473,17
19368,ok,49.6706,49.6706,32
19369,ok,34.4048,34.4048,21
1937,ok,42.3240,42.3240,24
19370,ok,33.1376,33.1376,13
19371,ok,29.2099,29.2098,20
19372,ok,48.8232,48.8232,19
19373,ok,42.2125,42.2125,21
19374,ok,47.5391,42.3549,33
19375,ok,45.4015,45.4015,19
19376,ok,31.8625,31.8625,20
19377,ok,33.9148,33.9148,23
19378,ok,38.2915,38.2915,19
19379,ok,43.9921,43.3595,20
1938,ok,43.0300,43.0300,40
19380,ok,39.6793,39.6793,20
19381,ok,35.6423,35.6423,20
19382,ok,36.3226,36.3226,29
19383,ok,49.0453,49.0453,23
19384,ok,44.3069,44.3069,13
19385,ok,35.3810,33.1637,28
19386,ok,32.1251,32.1251,18
19387,ok,46.2537,46.2537,31
19388,ok,37.4649,37.4649,21
19389,ok,42.4569,42.4569,20
1939,ok,34.9775,34.9775,24
19390,ok,33.5558,33.5558,20
19391,ok,48.6454,48.6454,31
19392,ok,25.6619,25.6619,34
19393,ok,49.1070,49.1070,23
19394,ok,45.1087,45.1087,28
19395,ok,39.8725,39.8725,21
19396,ok,45.8833,40.8797,16
19397,ok,35.9737,35.9737,12
19398,ok,39.9902,39.9902,38
19399,ok,36.1429,36.1429,34
194,ok,21.1717,21.1717,26
1940,ok,41.0482,41.0481,29
19400,ok,20.3246,20.3246,17
19401,ok,40.7235,40.7235,21
19402,ok,46.4026,46.4026,12
19403,ok,35.3139,35.3139,22
19404,ok,31.2898,31.2898,25
19405,ok,36.8762,36.8762,20
19406,ok,24.7676,24.7676,26
19407,ok,45.3592,45.3592,12
19408,ok,49.4203,49.4203,32
19409,ok,46.9079,46.9079,37
1941,ok,43.7010,43.7010,15
19410,ok,44.8340,44.8340,22
19411,ok,47.1441,47.1441,18
19412,ok,40.8463,40.8463,14
19413,ok,39.6533,39.6533,19
19414,ok,49.9670,49.9670,31
19415,ok,22.5945,22.5945,36
19416,ok,42.8490,42.8490,19
19417,ok,46.1427,46.1427,24
19418,ok,47.8641,47.8641,15
19419,ok,48.9868,48.9868,21
1942,ok,41.4029,41.4029,26
19420,ok,40.7130,40.7130,27
19422,ok,50.9191,49.4877,19
19423,ok,40.0908,40.0908,15
19424,ok,36.8647,36.8647,22
19425,ok,48.2981,48.2981,22
19426,ok,44.1648,44.1648,20
19427,ok,55.4750,49.4253,24
19428,ok,41.9533,41.9533,18
19429,ok,34.4115,34.4115,29
1943,ok,48.5384,48.5384,28
19430,ok,30.1120,30.1120,12
19431,ok,29.4386,29.4386,41
19432,ok,43.1183,43.1183,27
19433,ok,39.5639,39.5639,23
19434,ok,46.4960,46.4960,31
19435,ok,40.5210,40.5210,29
19436,ok,46.0917,46.0917,41
19437,ok,48.8527,48.8527,38
19438,ok,45.0004,45.0004,37
19439,ok,49.4324,49.4324,12
1944,ok,39.9279,39.9279,20
19440,ok,48.2708,48.2708,28
19441,ok,43.0567,43.0567,15
19442,ok,45.9587,45.9587,23
19443,ok,48.1237,48.1237,29
19444,ok,38.8182,38.8182,14
19445,ok,43.0810,43.0810,27
19446,ok,43.1836,43.1836,16
19447,ok,42.9865,42.9865,22
19448,ok,49.2922,49.2922,27
19449,ok,47.2939,47.2939,27
1945,ok,49.7424,49.7424,11
19450,ok,38.4195,38.4195,28
19451,ok,41.9715,41.9715,26
19452,ok,28.8692,28.8692,24
19453,ok,22.8905,22.8905,18
19454,ok,36.7236,36.7236,26
19455,ok,44.6823,44.6823,24
19456,ok,34.8008,34.8008,18
19457,ok,23.1251,23.1251,16
19458,ok,34.1907,34.1907,32
19459,ok,42.9852,42.9852,35
1946,ok,42.7021,38.0453,12
19460,ok,47.6030,47.6030,15
19461,ok,27.0097,27.0097,35
19462,ok,39.6656,39.6656,14
19463,ok,45.9477,45.9477,12
19464,ok,41.9911,41.9911,14
19465,ok,42.8986,42.8986,20
19466,ok,26.1628,26.1628,25
19467,ok,48.2245,48.2245,19
19468,ok,45.3609,45.3609,37
19469,ok,25.5174,25.5174,34
1947,ok,49.4972,49.4972,17
19470,ok,41.6806,41.6806,19
19471,ok,34.1730,34.1730,34
19472,ok,33.6226,33.6226,15
19473,ok,36.9907,36.9907,17
19474,ok,43.8248,43.8248,44
19475,ok,38.9639,38.9639,18
19476,ok,43.2862,43.2862,34
19477,ok,39.3435,39.3435,34
19478,ok,38.2297,38.2297,20
19479,ok,36.1695,36.1695,41
1948,ok,39.0243,39.0243,35
19480,ok,32.5622,32.5622,28
19481,ok,47.5010,47.5010,30
19482,ok,42.7659,42.7659,24
19484,ok,48.9936,48.9936,28
19485,ok,40.7664,40.7664,32
19486,ok,43.3700,43.3700,30
19487,ok,44.8066,44.8066,55
19488,ok,20.0599,20.0599,32
19489,ok,41.1546,41.1546,15
1949,ok,46.8625,46.8625,52
19490,ok,47.4228,47.4228,21
19491,ok,29.3440,29.3440,27
19492,ok,46.9676,46.9676,24
19493,ok,26.4457,26.4457,35
19494,ok,47.0258,47.0258,20
19495,ok,42.0441,42.0441,17
19496,ok,48.0960,48.0960,31
19497,ok,47.2270,47.2270,15
19498,ok,46.9300,46.9300,14
19499,ok,34.7641,34.7641,17
195,ok,49.8299,49.8299,17
1950,ok,44.9680,44.9680,41
19500,ok,33.5346,33.5346,23
19501,ok,35.3005,35.3005,17
19502,ok,29.0728,29.0728,28
19503,ok,43.6559,43.6559,19
19504,ok,48.1795,48.1795,16
19505,ok,49.3965,49.3965,27
19506,ok,44.0174,42.6403,31
19507,ok,48.9125,48.9125,37
19508,ok,46.9147,46.9147,21
19509,ok,47.7997,47.7997,18
1951,ok,49.4289,49.4289,20
19510,ok,49.6720,49.6720,37
19511,ok,32.1047,32.1047,38
19512,ok,48.9845,48.9845,22
19513,ok,45.6236,45.6236,18
19514,ok,32.3790,32.3790,21
19515,ok,38.6360,37.6192,16
19516,ok,43.4579,43.4579,30
19517,ok,45.9200,45.9200,27
19518,ok,44.1478,44.1478,19
19519,ok,40.9541,40.9541,25
1952,ok,48.7741,48.7741,16
19520,ok,34.8875,34.8875,16
19521,ok,53.2496,47.4426,17
19522,ok,42.5184,42.5184,20
19523,ok,27.4325,27.4325,22
19525,ok,31.0150,31.0150,19
19526,ok,52.9898,47.3637,25
19527,ok,32.0225,32.0225,17
19529,ok,38.2570,38.2570,14
1953,ok,46.5317,46.5317,10
19530,ok,49.0551,49.0551,19
19531,ok,45.1471,45.1471,19
19532,ok,49.0955,49.0955,24
19533,ok,42.5694,42.5694,21
19534,ok,47.0803,47.0803,28
19535,ok,32.6018,32.6018,22
19536,ok,42.1209,42.1209,22
19537,ok,40.5427,40.5427,29
19538,ok,35.6743,35.6743,16
19539,ok,44.3721,44.3721,12
1954,ok,47.7042,47.7042,17
19540,ok,48.3112,48.3112,15
19541,ok,46.2687,46.2687,20
19542,ok,28.1452,28.1452,23
19543,ok,39.7444,39.7444,22
19544,ok,36.0332,36.0332,16
19545,ok,49.7071,49.7071,15
19546,ok,45.8902,45.8902,14
19548,ok,44.9864,44.9864,19
19549,ok,44.4233,44.4233,32
1955,ok,44.2752,43.7318,21
19550,ok,35.3657,35.3657,24
19551,ok,44.0135,44.0135,21
19552,ok,48.1003,48.1003,29
19553,ok,24.7407,24.7407,29
19554,ok,44.0664,44.0664,24
19555,ok,42.2315,42.2315,29
19556,ok,21.7997,21.7997,31
19557,ok,18.1268,18.1268,20
19558,ok,21.4494,21.4494,29
19559,ok,35.6169,35.6169,24
1956,ok,35.4376,35.4376,26
19560,ok,41.9042,41.9042,28
19561,ok,40.5747,40.5747,25
19562,ok,42.7872,42.3683,24
19563,ok,46.3941,46.3941,21
19564,ok,46.6638,46.6638,33
19565,ok,40.5750,36.1502,13
19566,ok,36.4020,36.4020,9
19567,ok,41.5267,41.5267,15
19568,ok,49.4711,49.4711,21
19569,ok,38.7581,37.7895,13
1957,ok,49.7778,49.7778,20
19570,ok,49.0663,49.0663,29
19571,ok,27.2399,27.2399,14
19572,ok,43.5509,43.5509,16
19573,ok,47.6278,47.6278,41
19574,ok,42.3384,42.3384,23
19575,ok,46.9237,46.9237,26
19576,ok,30.0311,30.0311,27
19577,ok,46.9823,46.9823,24
19578,ok,46.5003,46.5003,11
19579,ok,40.9491,40.9491,30
1958,ok,46.3962,46.3962,34
19580,ok,38.7125,38.7125,42
19581,ok,41.7891,41.7891,23
19582,ok,32.3450,32.3450,16
19583,ok,30.4687,27.1460,21
19584,ok,39.7383,39.7383,20
19585,ok,36.9845,36.9845,23
19586,ok,36.0207,36.0207,27
19587,ok,29.4687,29.4687,36
19588,ok,31.8100,31.8100,21
19589,ok,42.6396,42.6396,27
1959,ok,46.9138,46.9138,27
19590,ok,45.3521,45.3521,14
19591,ok,38.8645,38.8645,33
19592,ok,45.9585,45.9585,14
19593,ok,38.1470,38.1470,17
19594,ok,49.5722,49.5722,18
19595,ok,40.0715,40.0715,24
19596,ok,20.2527,20.2527,20
19597,ok,45.0276,45.0276,14
19598,ok,42.3482,42.3482,25
19599,ok,42.7740,42.0555,23
1960,ok,37.5500,37.5500,28
19600,ok,44.9979,44.9979,29
19601,ok,44.3512,44.3512,28
19602,ok,14.3503,14.3503,18
19603,ok,43.3217,43.3217,14
19604,ok,42.2636,42.2636,40
19605,ok,44.4572,44.4572,10
19606,ok,48.1322,48.1322,36
19607,ok,47.3167,47.3167,40
19608,ok,32.6730,32.6730,18
19609,ok,44.2905,44.2905,14
1961,ok,49.3080,49.3080,21
19610,ok,42.9703,42.9703,16
19611,ok,34.1491,34.1491,19
19612,ok,46.6309,46.6309,25
19613,ok,35.0700,35.0700,23
19614,ok,44.9639,43.3053,30
19615,ok,37.8932,37.8932,19
19616,ok,40.6861,40.6861,11
19617,ok,33.1229,33.1229,48
19618,ok,43.4538,43.4538,31
19619,ok,39.6173,39.6173,26
1962,ok,33.8509,33.8509,20
19620,ok,44.6099,44.6099,32
19621,ok,49.1266,49.1266,22
19622,ok,43.9551,43.9551,33
19623,ok,48.7770,48.7770,17
19624,ok,41.4009,41.4009,31
19625,ok,45.6019,45.6019,18
19626,ok,40.4169,40.4169,28
19627,ok,44.0381,44.0381,38
19628,ok,42.8648,42.8648,38
19629,ok,44.5407,44.5407,25
1963,ok,30.5781,30.5781,20
19630,ok,46.3748,46.3748,23
19631,ok,41.7948,41.7948,24
19632,ok,44.2235,44.2235,13
19633,ok,41.4487,41.4487,21
19634,ok,30.9569,30.9569,10
19635,ok,48.5996,48.5996,27
19636,ok,36.1869,36.1869,27
19637,ok,47.0587,47.0587,16
19638,ok,45.7169,45.7169,35
19639,ok,30.6740,30.6740,48
1964,ok,44.1858,44.1858,29
19640,ok,30.2508,30.2508,20
19641,ok,31.6815,31.6815,37
19642,ok,38.1977,38.1977,28
19643,ok,28.6277,28.6277,24
19644,ok,35.4716,35.3023,22
19645,ok,37.0082,37.0082,15
19646,ok,28.4243,28.4243,29
19647,ok,37.5346,37.5346,27
19648,ok,33.1342,33.1342,28
19649,ok,42.8627,42.8627,41
1965,ok,34.7669,34.7669,22
19650,ok,40.8684,40.5027,28
19651,ok,49.1532,44.7042,23
19652,ok,37.6565,37.6565,33
19653,ok,32.6195,32.6195,31
19654,ok,34.3862,34.3862,23
19655,ok,47.7003,47.7003,28
19656,ok,45.4578,45.4578,11
19657,ok,46.1725,46.1725,10
19658,ok,47.6952,47.6952,28
19659,ok,32.3597,32.3597,23
1966,ok,35.8044,35.8044,39
19660,ok,47.6644,47.6644,11
19661,ok,36.6868,36.6868,25
19662,ok,42.4221,42.4221,34
19663,ok,42.1598,42.1598,40
19664,ok,46.8025,44.8411,37
19665,ok,33.0826,33.0826,37
19666,ok,38.6802,38.6802,21
19667,ok,43.0566,43.0566,31
19668,ok,38.2244,38.2244,18
19669,ok,35.0180,35.0180,27
1967,ok,48.1727,47.6745,20
19670,ok,48.0811,48.0811,20
19671,ok,44.2788,44.2788,34
19672,ok,39.3638,39.3638,24
19673,ok,35.9734,35.9734,37
19674,ok,49.9299,49.9299,17
19675,ok,33.0558,33.0558,39
19676,ok,36.3864,36.2479,49
19677,ok,47.8938,47.8938,17
19678,ok,46.0179,46.0179,29
19679,ok,42.9046,42.9046,25
1968,ok,31.1588,31.1588,16
19680,ok,35.2977,35.2977,18
19681,ok,47.4227,47.4227,23
19682,ok,37.5207,37.5207,14
19683,ok,30.0255,30.0255,18
19684,ok,48.3837,48.3837,37
19686,ok,41.6995,41.6995,32
19687,ok,17.4523,17.4523,19
19688,ok,46.5630,46.5630,18
19689,ok,46.1157,46.1157,29
1969,ok,21.9705,21.9705,27
19690,ok,46.7651,46.7648,32
19691,ok,47.0873,47.0873,17
19692,ok,31.5734,31.5734,29
19693,ok,36.5839,36.5839,20
19694,ok,48.5969,48.5969,18
19695,ok,48.9975,48.9975,27
19696,ok,36.5977,36.5977,38
19697,ok,42.2256,42.2256,17
19698,ok,47.5381,47.5381,23
19699,ok,52.7459,46.9938,25
197,ok,31.0964,31.0964,29
1970,ok,47.0222,47.0222,27
19700,ok,49.6944,49.6944,41
19701,ok,41.0799,41.0799,14
19702,ok,48.8637,47.5822,21
19703,ok,44.0990,44.0990,24
19704,ok,46.2454,46.2454,31
19705,ok,36.9000,36.9000,28
19706,ok,24.0033,24.0033,13
19707,ok,37.6996,37.6996,34
19708,ok,47.6911,47.6911,43
19709,ok,31.3259,31.3259,15
1971,ok,37.7272,37.7272,15
19710,ok,39.9803,39.9803,37
19711,ok,37.0513,36.2735,22
19712,ok,29.3716,29.3716,22
19713,ok,49.0943,49.0943,22
19714,ok,45.3975,45.3975,21
19715,ok,45.3524,45.3524,18
19716,ok,46.7111,46.7111,24
19717,ok,43.9834,43.9834,27
19718,ok,28.4325,28.4325,23
19719,ok,38.1762,38.1762,30
1972,ok,41.1880,41.1880,24
19720,ok,40.3393,40.3393,22
19721,ok,49.4924,49.4924,13
19722,ok,42.2919,42.2919,21
19723,ok,44.9475,43.3514,14
19724,ok,40.3710,40.3710,12
19725,ok,25.5457,25.5457,24
19726,ok,48.9607,48.9607,23
19727,ok,50.0632,44.6038,13
19728,ok,46.9769,46.9769,20
19729,ok,41.5394,41.5394,20
1973,ok,43.1348,41.8187,20
19730,ok,55.7323,49.6546,14
19731,ok,34.5728,34.5728,22
19732,ok,13.4464,13.4464,11
19733,ok,44.5929,44.5929,18
19735,ok,38.5833,38.1251,22
19736,ok,45.3935,45.3935,13
19737,ok,28.8156,28.8156,19
19738,ok,26.5118,26.5118,26
19739,ok,47.7989,47.7989,20
19740,ok,45.0916,45.0916,8
19741,ok,22.8321,22.8321,21
19742,ok,37.8356,37.8356,24
19743,ok,49.6047,49.6047,18
19744,ok,43.4348,43.4348,24
19745,ok,24.4900,24.4899,28
19746,ok,28.1471,28.1471,21
19747,ok,43.2038,38.4923,18
19748,ok,45.3041,45.3041,38
19749,ok,42.4058,42.4058,23
1975,ok,48.9533,48.9533,18
19750,ok,24.9509,24.9509,27
19751,ok,35.2574,34.9628,16
19752,ok,46.5629,46.5629,25
19753,ok,40.8674,40.8674,30
19754,ok,33.7178,33.7178,16
19755,ok,34.9391,34.9391,18
19756,ok,47.7255,47.7255,29
19757,ok,41.6498,41.6498,31
19758,ok,45.9343,45.9343,26
19759,ok,43.7058,43.7058,24
1976,ok,40.2525,40.2525,14
19760,ok,37.9092,37.9092,25
19761,ok,37.8788,37.8788,16
19762,ok,37.6835,37.6835,27
19763,ok,37.1715,37.1715,14
19764,ok,44.3886,44.3886,39
19765,ok,37.2646,37.2646,25
19766,ok,27.6696,27.6696,27
19767,ok,43.6800,43.6800,13
19768,ok,37.7520,37.7520,28
19769,ok,17.9060,17.9060,24
1977,ok,45.6596,45.6596,21
19770,ok,49.8197,49.8197,16
19771,ok,28.3342,28.3342,18
19772,ok,43.3879,43.3879,39
19773,ok,25.0756,25.0756,19
19774,ok,39.5856,39.5856,20
19775,ok,32.1314,32.1314,20
19776,ok,49.1457,49.1457,37
19777,ok,27.1174,27.1174,14
19778,ok,28.9993,28.9993,27
19779,ok,46.3507,46.3507,21
1978,ok,36.4204,36.4204,18
19780,ok,44.2989,44.2989,17
19781,ok,45.7208,45.7208,12
19782,ok,47.7281,47.7281,27
19783,ok,39.2393,37.0493,18
19784,ok,47.5706,47.5706,18
19785,ok,28.5896,28.5896,27
19786,ok,39.1847,39.1847,34
19787,ok,35.3695,35.1473,17
19788,ok,40.2542,40.2542,16
19789,ok,41.6214,41.6214,21
1979,ok,45.2156,45.2156,30
19790,ok,28.1238,28.1238,23
19791,ok,39.9839,39.9839,15
19792,ok,40.6320,40.6320,18
19793,ok,49.0708,49.0708,23
19795,ok,30.2772,26.9754,15
19796,ok,38.6605,38.6605,26
19797,ok,39.1869,39.1869,14
19799,ok,22.1915,22.1915,32
198,ok,26.5540,26.5540,14
1980,ok,34.6459,34.6459,28
19800,ok,37.9089,37.3400,24
19801,ok,43.7203,43.7203,30
19802,ok,36.7464,36.7464,19
19803,ok,40.8546,40.8546,33
19804,ok,38.9305,34.6850,29
19805,ok,48.9576,48.9576,19
19806,ok,45.7290,45.7290,27
19807,ok,36.2798,36.2798,25
19808,ok,32.7167,32.7167,31
19809,ok,38.6104,38.6104,17
1981,ok,48.9475,48.9475,34
19810,ok,40.8394,40.8394,15
19811,ok,46.8634,46.8634,20
19812,ok,49.0705,49.0705,22
19813,ok,40.1112,40.1112,29
19814,ok,47.5357,47.5357,13
19815,ok,47.9505,47.9505,28
19816,ok,46.9002,46.9002,29
19817,ok,38.8275,38.8275,38
19818,ok,32.3836,32.3836,23
19819,ok,24.4855,24.4855,14
1982,ok,28.3414,28.3414,19
19820,ok,48.8750,48.8750,9
19821,ok,46.6826,46.6826,16
19822,ok,46.0630,45.4742,18
19823,ok,34.1324,34.1324,14
19824,ok,45.7028,44.3784,19
19825,ok,38.5992,38.5992,17
19826,ok,46.2429,46.2429,26
19827,ok,37.2083,37.2083,19
19828,ok,44.0403,44.0403,18
19829,ok,36.2881,36.2881,21
1983,ok,49.1511,49.1511,31
19830,ok,42.8736,42.8736,17
19831,ok,27.6797,27.6797,16
19832,ok,43.2501,43.2501,16
19833,ok,34.5327,34.5327,22
19834,ok,25.5440,25.4154,36
19835,ok,45.2537,45.2537,22
19836,ok,26.4322,26.4322,17
19837,ok,36.7403,36.7403,33
19838,ok,45.0440,45.0440,13
19839,ok,26.4717,26.4717,18
1984,ok,26.8253,26.8253,28
19840,ok,38.9118,34.6684,27
19841,ok,41.8177,41.8177,31
19842,ok,40.9635,40.9635,25
19843,ok,48.4774,48.4774,15
19844,ok,33.0664,33.0664,19
19845,ok,40.5981,40.5981,25
19846,ok,40.7267,40.7267,28
19847,ok,27.6513,27.6513,30
19848,ok,45.0560,45.0560,10
19849,ok,38.4448,38.4448,33
1985,ok,40.8990,40.8990,41
19850,ok,38.5956,38.5956,21
19851,ok,38.5459,38.5459,26
19852,ok,46.2742,46.2742,31
19853,ok,32.5676,32.5676,30
19854,ok,32.6807,32.6807,21
19855,ok,38.5236,38.5236,15
19856,ok,31.0848,31.0848,36
19857,ok,39.6593,39.6593,18
19858,ok,31.3902,31.3902,32
19859,ok,32.6840,32.6840,12
1986,ok,42.0145,42.0145,27
19860,ok,47.3600,47.3600,24
19861,exception:ValueError,-1.0000,-1.0000,-1
19862,ok,39.6529,39.6529,19
19863,ok,39.7263,39.7263,10
19864,ok,48.9912,48.9912,13
19865,ok,40.0652,40.0652,20
19866,ok,41.8279,41.8279,22
19867,ok,29.5985,29.5985,38
19868,ok,42.4475,42.4475,40
19869,ok,32.3836,32.3836,28
1987,ok,47.2922,47.2922,28
19870,ok,15.7390,15.7390,18
19871,ok,48.5248,48.5248,12
19872,ok,40.6791,40.2175,24
19874,ok,48.6593,48.6593,29
19875,ok,34.4616,34.4616,30
19876,ok,44.9618,44.9618,19
19877,ok,26.4171,26.1521,36
19878,ok,37.9359,37.9359,24
19879,ok,36.3258,36.3258,15
1988,ok,41.6878,41.6878,20
19880,ok,36.0039,36.0039,38
19881,ok,40.3346,40.3346,20
19882,ok,38.2268,38.2268,15
19883,ok,45.9906,45.9906,12
19884,ok,19.7644,19.7644,15
19885,ok,48.5327,48.5327,41
19886,ok,42.2672,42.2672,32
19887,ok,17.2335,17.2335,23
19888,ok,45.9623,45.9623,11
19889,ok,30.3017,30.3017,10
1989,ok,38.5977,38.5977,21
19890,ok,40.4525,40.4525,37
19891,ok,45.8036,45.0910,22
19893,ok,42.2167,42.2167,14
19894,ok,26.4409,26.4409,29
19895,ok,37.1504,37.1504,25
19896,ok,43.6062,43.3412,21
19897,ok,49.6907,49.6907,30
19898,ok,40.0005,40.0005,12
19899,ok,49.1193,49.1193,25
199,ok,41.2044,41.2044,28
1990,ok,24.9663,24.9663,22
19900,ok,49.1602,49.1602,24
19901,ok,37.8691,37.8691,15
19902,ok,51.9625,49.8293,20
19903,ok,40.3021,40.3021,33
19904,ok,33.1612,33.1612,18
19905,ok,25.4880,25.4880,16
19906,ok,38.4730,38.4730,18
19907,ok,55.3681,49.3301,30
19908,ok,48.7586,48.7586,23
19909,ok,39.7507,39.7507,16
1991,ok,47.0130,47.0130,15
19910,ok,44.9312,44.9312,22
19911,ok,40.4640,40.4640,19
19912,ok,45.4328,45.4328,21
19913,ok,45.4683,45.4683,21
19914,ok,39.0627,39.0627,37
19915,ok,48.0123,47.8684,26
19916,ok,40.2482,40.2482,22
19917,ok,43.0308,43.0308,47
19918,ok,36.6590,36.6589,10
19919,ok,36.0153,36.0153,21
1992,ok,34.3720,30.6237,31
19920,ok,39.9173,39.9173,24
19921,ok,41.3805,41.3805,38
19922,ok,43.3394,43.3394,13
19923,ok,36.4783,36.4783,13
19924,ok,29.0775,29.0775,33
19925,ok,24.8624,24.8624,32
19926,ok,38.2658,38.2658,23
19927,ok,41.3183,41.3183,21
19928,ok,30.4039,30.4039,26
19929,ok,41.6684,36.8360,33
1993,ok,48.4892,48.4892,27
19930,ok,47.7274,47.7274,12
19931,ok,38.0989,38.0989,17
19932,ok,49.5139,49.5139,19
19933,ok,46.2989,46.2989,14
19934,ok,20.7786,20.7786,14
19935,ok,43.6102,43.6102,33
19936,ok,50.2011,49.0270,19
19937,ok,45.3048,45.3048,16
19938,ok,31.4726,31.4726,36
19939,ok,43.4799,43.4799,32
1994,ok,49.5130,49.5130,19
19940,ok,45.8281,45.8281,34
19941,ok,37.5094,37.5094,22
19942,ok,44.6161,44.6161,23
19943,ok,42.4366,42.4366,27
19944,ok,47.8055,47.8055,18
19945,ok,40.7320,40.7091,21
19946,ok,46.5261,46.5261,13
19947,ok,47.3472,47.3472,25
19948,ok,44.6967,44.6967,29
19949,ok,29.8499,29.8499,19
1995,ok,47.6403,47.6403,13
19950,ok,49.8644,49.8644,23
19951,ok,38.2376,38.2376,19
19952,ok,46.9831,46.9831,19
19953,ok,52.6458,46.9046,28
19954,ok,27.8480,24.8112,16
19955,ok,42.0021,42.0021,41
19956,ok,43.6384,43.6384,29
19957,ok,45.8618,45.8618,23
19958,ok,37.0556,37.0556,10
19959,ok,33.4991,33.4991,20
1996,ok,41.7856,41.7856,26
19960,ok,44.5651,44.5651,23
19961,ok,36.4297,36.4297,16
19962,ok,23.4849,23.4849,13
19963,ok,47.4742,47.4742,21
19964,ok,26.2564,26.2564,33
19965,ok,46.2741,46.2741,13
19966,ok,35.4182,35.4182,28
19967,ok,27.9645,27.9645,29
19968,ok,46.7305,46.7305,33
19969,ok,45.4263,45.4263,20
1997,ok,36.6022,36.6022,13
19970,ok,29.1849,29.1849,26
19971,ok,39.0276,39.0276,23
19972,ok,41.9933,41.9933,34
19973,ok,40.7555,40.7555,23
19974,ok,48.3672,48.3672,20
19975,ok,35.8220,35.8220,14
19976,ok,39.0202,39.0202,37
19977,ok,48.4107,48.4107,33
19978,ok,27.6987,27.6987,18
19979,ok,41.6169,41.6169,24
1998,ok,25.7419,25.7419,20
19980,ok,224.8366,173.8677,21
19981,ok,34.2363,34.2363,32
19982,ok,31.2695,31.2695,26
19983,ok,33.7053,33.7053,15
19984,ok,35.3105,35.3105,22
19985,ok,47.8753,47.8753,29
19986,ok,32.5247,32.5247,16
19987,ok,42.7443,42.7443,29
19988,ok,45.8327,45.8327,17
19989,ok,37.5479,37.5479,27
1999,ok,33.4340,33.4340,23
19990,ok,41.2339,41.2339,26
19991,ok,25.4892,25.4892,32
19992,ok,39.4543,39.4543,14
19993,ok,34.9439,34.9439,24
19994,ok,45.4601,45.4601,30
19995,ok,47.7473,47.7473,13
19996,ok,34.5778,34.3505,21
19997,ok,35.5189,31.6455,32
19998,ok,46.4431,46.4431,24
19999,ok,39.4085,39.4085,27
2,ok,41.5227,41.5227,17
20,ok,97.9985,26.9781,32
200,ok,39.6842,39.6842,26
2000,ok,46.3476,46.3476,22
20000,ok,44.5735,44.5735,19
20001,ok,39.7275,39.7275,23
20002,ok,43.3467,43.3467,15
20003,ok,30.2562,30.2562,17
20004,ok,49.2312,49.2312,16
20005,ok,34.6959,34.6959,35
20006,ok,33.3415,33.3415,16
20007,ok,36.4138,36.4138,31
20008,ok,48.1401,48.1401,33
20009,ok,26.6051,26.6051,15
2001,ok,39.1210,39.1210,29
20010,ok,31.6541,31.6541,16
20011,ok,35.7253,35.7253,29
20012,ok,29.4043,29.4043,25
20013,ok,48.6608,48.6608,22
20014,ok,42.7272,42.7272,11
20015,ok,48.9279,48.9279,24
20016,ok,47.0878,47.0878,31
20017,ok,15.8358,15.8358,25
20018,ok,38.5388,38.5388,13
20019,ok,48.3738,48.3738,31
2002,ok,47.9361,47.9361,31
20020,ok,41.3910,41.3910,38
20021,ok,26.0825,26.0825,23
20022,ok,46.2947,46.2947,28
20023,ok,47.2855,47.2855,18
20024,ok,36.8152,36.8152,9
20025,ok,36.4735,36.4735,22
20026,ok,37.8384,37.8384,27
20027,ok,48.1328,47.7178,28
20028,ok,42.8085,42.8085,14
20029,ok,33.7394,33.7394,24
2003,ok,44.2375,44.2375,25
20030,ok,22.4586,22.4586,21
20031,ok,42.2828,42.2828,16
20032,ok,44.2046,44.2046,21
20033,ok,49.3697,49.3697,25
20034,ok,34.4476,34.4476,15
20035,ok,30.6282,30.6282,28
20036,ok,32.2696,32.2696,17
20037,ok,43.6534,43.6534,30
20038,ok,45.3667,45.3667,20
20039,ok,41.8049,41.8049,46
2004,ok,27.4172,24.4273,16
20040,ok,46.1649,46.1649,14
20041,ok,37.6724,37.6724,20
20042,ok,35.6170,35.6170,26
20043,ok,42.6375,42.6375,26
20044,ok,49.9057,49.9057,24
20045,ok,30.7376,30.7376,14
20046,ok,30.5891,30.5891,33
20047,ok,43.1747,43.1747,15
20048,ok,31.2787,31.2787,14
20049,ok,41.5865,41.5865,26
2005,ok,30.8219,30.8219,13
20050,ok,40.2963,40.2963,26
20051,ok,39.3087,39.3087,17
20052,ok,37.9283,37.9283,23
20054,ok,46.3071,46.3071,23
20055,ok,40.7790,40.7790,28
20056,ok,41.2843,41.2843,30
20057,ok,43.2536,43.2536,21
20058,ok,47.2465,47.2465,23
20059,ok,41.8199,41.8199,16
2006,ok,46.1507,46.1507,22
20060,ok,37.5644,37.5644,17
20061,ok,22.9164,22.9164,23
20062,ok,33.6303,33.6303,32
20063,ok,40.9789,40.9789,20
20064,ok,38.0267,38.0267,16
20065,ok,44.0330,44.0330,36
20066,ok,40.3730,40.3730,19
20067,ok,43.7533,43.7533,15
20068,ok,29.1710,29.1710,25
20069,ok,27.5179,27.5179,34
2007,ok,46.5954,46.5954,16
20070,ok,30.5718,30.5718,19
20071,ok,44.7458,44.7458,34
20072,ok,20.0612,20.0612,14
20073,ok,43.4741,43.4741,20
20074,ok,49.6631,49.6631,35
20075,ok,49.0655,49.0655,25
20076,ok,42.7600,42.7600,40
20077,ok,35.9729,35.9729,35
20078,ok,38.2512,38.2512,15
20079,ok,48.5884,48.5884,21
2008,ok,33.9827,33.9827,25
20080,ok,38.4850,38.4850,25
20081,ok,47.1505,47.1505,29
20082,ok,34.7235,34.7235,21
20083,ok,36.3174,36.3174,22
20084,ok,33.6030,33.6030,46
20085,ok,47.0237,47.0237,24
20086,ok,42.9966,42.9966,17
20087,ok,39.8576,39.8576,25
20088,ok,46.6641,46.6641,19
20089,ok,49.2156,49.2156,23
2009,ok,51.3979,45.5471,16
20090,ok,34.0594,33.3200,20
20091,ok,28.1146,28.1146,41
20092,ok,40.4007,40.4007,13
20093,ok,46.9406,46.9406,18
20094,ok,36.3631,36.3631,22
20095,ok,41.2162,41.2162,26
20096,ok,47.0679,47.0679,33
20097,ok,20.8051,20.8051,20
20098,ok,46.8024,46.8024,22
20099,ok,45.4761,45.4761,38
201,ok,40.5566,40.5566,17
2010,ok,48.0570,48.0570,21
20100,ok,41.5773,41.5773,8
20101,ok,44.9152,44.9152,28
20102,ok,28.8291,28.8291,21
20103,ok,40.9598,40.9598,15
20104,ok,40.5968,40.5968,40
20105,ok,40.1996,40.1996,30
20106,ok,49.0842,49.0842,30
20107,ok,36.7691,36.7691,14
20108,ok,38.2510,38.2510,16
20109,ok,24.9983,24.9983,18
2011,ok,36.7556,36.7020,32
20110,ok,49.8547,49.8547,21
20111,ok,47.0465,47.0465,20
20112,ok,45.9287,45.9287,20
20113,ok,41.1601,41.1601,9
20114,ok,36.9062,36.9062,25
20115,ok,48.0613,48.0613,22
20116,ok,44.9071,44.9071,12
20117,ok,48.6129,48.6129,22
20118,ok,49.5197,49.5197,28
20119,ok,39.7172,39.7172,23
20120,ok,37.7166,37.7166,18
20121,ok,37.6499,37.6499,22
20122,ok,43.2134,43.2134,26
20123,ok,45.4024,45.4024,14
20124,ok,47.6043,47.6043,20
20125,ok,48.4862,48.4862,25
20126,ok,28.7049,28.7049,27
20127,ok,39.6143,39.6143,20
20128,ok,29.3471,29.3471,14
20129,ok,44.2557,44.2557,16
2013,ok,32.7516,32.7516,11
20130,ok,43.1314,43.1314,24
20131,ok,34.9984,34.9984,16
20132,ok,49.7652,49.7652,25
20133,ok,45.1906,45.1906,19
20134,ok,22.9533,22.9533,12
20135,ok,39.8566,39.8566,27
20136,ok,33.6280,33.6280,24
20137,ok,40.5786,40.5786,30
20138,ok,47.7139,47.7139,18
20139,ok,46.6605,46.6605,27
2014,ok,28.8907,28.8907,39
20140,ok,37.7923,37.7923,33
20141,ok,39.1396,35.2009,17
20142,ok,48.3714,48.3714,14
20143,ok,49.1649,49.1649,22
20144,ok,40.9424,40.9424,22
20145,ok,47.4011,47.4011,22
20146,ok,42.6889,42.6889,8
20147,ok,41.9740,41.9740,22
20148,ok,43.0722,43.0722,32
20149,ok,48.6100,48.6100,28
2015,ok,38.6812,38.6812,19
20150,ok,47.3242,47.3242,30
20151,ok,44.1425,44.1425,20
20152,ok,45.0165,45.0165,17
20153,ok,19.2185,19.2185,15
20154,ok,35.9964,35.9964,27
20155,ok,46.5018,46.5018,21
20156,ok,49.5687,49.5687,29
20157,ok,43.9541,43.9541,18
20158,ok,43.7153,43.7153,28
20159,ok,44.6008,44.6008,36
2016,ok,43.9639,43.9639,35
20160,ok,34.6794,34.6794,15
20161,ok,45.8131,45.8131,30
20162,ok,48.4026,48.4026,15
20163,ok,25.3878,25.3878,30
20164,ok,35.0079,35.0079,28
20165,ok,19.0607,19.0607,21
20166,ok,44.7974,44.7974,24
20167,ok,45.3522,45.3522,36
20168,ok,31.5530,31.5530,11
20169,ok,45.5535,45.5535,25
2017,ok,21.2076,21.2076,27
20170,ok,44.9150,44.9150,33
20171,ok,29.7881,29.7881,27
20172,ok,24.8751,24.8751,29
20173,ok,44.6141,44.6141,23
20174,ok,40.9683,40.9683,35
20175,ok,43.4697,43.4697,22
20176,ok,39.5466,39.5466,29
20177,ok,37.5703,37.5703,47
20178,ok,30.0576,30.0576,19
20179,ok,34.5648,34.5648,13
2018,ok,43.5482,43.5482,26
20180,ok,45.7062,45.7062,29
20181,ok,45.1273,45.1273,16
20182,ok,42.1395,39.7718,26
20183,ok,30.3338,30.3338,35
20184,ok,41.5706,41.5706,15
20185,ok,47.0369,47.0369,21
20186,ok,36.5230,35.4141,21
20187,ok,31.6008,31.6008,25
20188,ok,35.3448,35.1454,14
20189,ok,39.3943,39.3943,28
2019,ok,32.5102,32.5102,13
20190,ok,32.8407,31.5040,21
20191,ok,45.9309,45.9309,23
20192,ok,26.7089,26.7089,22
20193,ok,39.1328,39.1328,15
20194,ok,34.6269,34.6269,27
20195,ok,41.1676,41.1676,21
20196,ok,41.4569,41.4569,10
20197,ok,33.0696,33.0696,22
20198,ok,41.5639,41.5639,20
20199,ok,29.2599,29.2599,15
202,ok,33.3676,33.3676,33
2020,ok,18.7779,18.7779,25
20201,ok,47.7078,47.7078,25
20202,ok,32.7705,32.7705,26
20203,ok,43.9339,43.9339,47
20204,ok,49.2279,49.2279,11
20205,ok,41.7392,41.7392,30
20206,ok,42.0834,42.0834,24
20207,ok,44.5477,44.5477,21
20208,ok,38.4538,38.4538,31
20209,ok,41.6180,41.6180,34
2021,ok,48.9820,48.9820,25
20210,ok,37.5333,37.5333,27
20211,ok,43.3374,43.3374,22
20212,ok,36.5069,36.5069,23
20213,ok,23.4863,23.4863,22
20214,ok,32.3235,32.3235,29
20215,ok,41.1594,41.1594,20
20216,ok,42.2185,42.2185,13
20217,ok,38.3397,38.3397,51
20219,ok,44.0929,44.0929,26
2022,ok,40.1220,40.1220,18
20220,ok,38.5079,38.5079,26
20221,ok,46.9565,46.9565,18
20222,ok,21.1285,21.1285,37
20223,ok,33.1482,33.1482,24
20224,ok,49.8169,49.8169,33
20225,ok,41.9265,41.9265,29
20226,ok,46.7264,46.7264,38
20227,ok,49.0735,49.0735,20
20228,ok,43.5099,43.5099,23
20229,ok,24.5337,24.5337,33
2023,ok,45.2906,45.2906,21
20230,ok,26.6350,26.6350,18
20231,ok,46.6579,46.6579,18
20232,ok,48.8924,48.8924,22
20233,ok,42.3575,42.3575,39
20234,ok,41.0248,41.0248,17
20235,ok,38.9930,38.9930,33
20236,ok,29.5863,29.5863,19
20237,ok,49.0091,49.0091,19
20238,ok,42.8134,42.8134,30
20239,ok,47.3114,47.3114,35
2024,ok,36.4465,36.4465,37
20240,ok,41.7035,41.7035,23
20241,ok,46.3070,43.8305,46
20242,ok,43.7606,43.7606,39
20243,ok,22.3453,22.3453,18
20244,ok,35.4246,35.4246,16
20245,ok,49.3441,49.3441,16
20246,ok,42.0763,42.0763,13
20247,ok,47.5521,47.5521,33
20248,ok,25.1930,25.1930,16
20249,ok,43.9439,43.9439,32
2025,ok,45.8260,45.8260,17
20250,ok,31.6189,31.6189,19
20251,ok,46.9061,46.9061,35
20252,ok,41.8702,41.8702,18
20253,ok,22.9554,22.9554,19
20254,ok,46.0833,46.0833,32
20255,ok,43.1400,43.1400,23
20256,ok,45.7383,45.7383,18
20257,ok,45.5423,45.5423,33
20258,ok,45.4621,45.4621,22
20259,ok,48.2384,48.2384,26
2026,ok,28.3721,28.3721,22
20260,ok,37.6300,37.6300,14
20261,ok,45.8568,45.8568,46
20262,ok,42.4896,42.4896,31
20263,ok,27.5149,27.5149,45
20264,ok,39.5345,39.5345,14
20265,ok,32.9010,32.9010,28
20266,ok,24.1727,24.1727,19
20267,ok,41.7135,41.7135,19
20268,ok,46.1551,46.1551,14
20269,ok,39.9510,39.9510,11
2027,ok,44.7915,44.7915,14
20270,ok,41.5073,41.5073,29
20271,ok,40.9820,40.9820,33
20272,ok,48.0258,48.0258,25
20274,ok,43.8814,43.8814,15
20275,ok,34.5345,34.5345,17
20276,ok,48.8145,48.8145,17
20277,ok,31.9785,31.9785,18
20278,ok,43.7484,43.7484,21
20279,ok,42.4561,42.4561,33
2028,ok,39.0077,39.0077,22
20280,ok,30.6063,30.6063,33
20281,ok,47.6945,47.6945,38
20282,ok,49.7134,49.7134,19
20283,ok,45.5364,45.5364,17
20284,ok,48.3605,48.3605,21
20285,ok,47.7550,47.7550,22
20286,ok,1048.5324,29.8904,36
20287,ok,44.5752,44.5752,18
20288,ok,43.0227,43.0227,51
20289,ok,29.3100,28.9463,13
20290,ok,43.8465,43.8465,31
20291,ok,48.6541,48.6541,18
20292,ok,39.9034,35.5519,21
20293,ok,49.5882,49.5882,20
20294,ok,33.7034,33.7034,20
20295,ok,37.9131,37.9131,19
20296,ok,36.1032,36.1032,26
20297,ok,28.9009,28.9009,16
20298,ok,26.0957,26.0957,35
20299,ok,40.9950,40.9950,24
203,ok,44.8950,44.8950,37
2030,ok,48.0112,48.0112,20
20300,ok,32.9005,32.9005,20
20301,ok,42.4548,42.4548,13
20302,ok,49.8263,49.8263,20
20303,ok,38.9843,38.9843,29
20304,ok,24.2793,23.9930,12
20305,ok,37.7412,37.7412,30
20306,ok,34.6372,34.6372,16
20307,ok,36.9986,36.9986,15
20308,ok,43.2494,43.2494,23
20309,ok,42.1417,42.1417,29
2031,ok,33.4288,33.4288,22
20310,ok,35.9549,35.9549,26
20311,ok,39.3974,39.3974,23
20312,ok,47.5681,47.5681,19
20313,ok,42.5154,42.5154,16
20314,ok,49.3254,49.3254,33
20315,ok,35.6749,35.6749,31
20316,ok,46.2646,46.2646,21
20317,ok,46.0938,45.3041,23
20318,ok,39.9412,39.9412,35
20319,ok,45.4842,45.4842,16
2032,ok,44.9917,44.9917,15
20320,ok,49.8185,49.8185,37
20321,ok,49.6702,49.6702,36
20322,ok,44.2626,44.2626,32
20323,ok,45.4896,45.4896,8
20324,ok,46.5309,46.5309,24
20325,ok,32.6592,32.6592,29
20326,ok,40.4316,38.8978,42
20327,ok,12.8190,12.8190,25
20328,ok,46.5510,46.5510,22
20329,ok,30.0257,30.0257,16
2033,ok,40.7662,40.7662,16
20330,ok,18.3949,18.3949,15
20331,ok,38.0537,38.0537,18
20332,ok,26.2138,26.2138,20
20334,ok,49.4772,49.4772,19
20335,ok,47.7129,47.7129,21
20336,ok,47.5213,47.5213,14
20337,ok,39.1038,39.1038,19
20338,ok,36.9191,36.9191,16
20339,ok,47.8939,47.8939,21
2034,ok,40.3369,40.3369,15
20340,ok,27.9243,25.5440,25
20341,ok,46.2142,46.2142,33
20342,ok,39.5660,39.5660,14
20343,ok,36.8730,36.8730,25
20344,ok,49.1891,49.1891,13
20345,ok,46.5280,46.5280,13
20346,ok,35.9097,35.9097,17
20347,ok,48.6602,47.8472,35
20348,ok,39.4148,39.4148,24
20349,ok,46.3670,46.3670,32
2035,ok,31.6722,31.6722,15
20350,ok,47.5686,47.5686,12
20351,ok,45.6341,45.6341,14
20352,ok,45.9799,45.9799,36
20353,ok,49.1833,49.1833,22
20354,ok,37.8744,37.8744,22
20355,ok,48.8445,48.8445,27
20356,ok,35.1310,35.1310,24
20357,ok,35.5987,35.5987,19
20358,ok,38.4825,38.2765,16
20359,ok,46.2714,46.2714,28
2036,ok,49.1474,49.1474,44
20360,ok,33.8499,33.8499,35
20361,ok,36.7019,36.7019,26
20362,ok,41.5237,41.5237,25
20363,ok,43.2543,43.2543,20
20364,ok,22.5786,22.5786,40
20365,ok,33.5496,33.5495,25
20366,ok,45.7732,45.7732,22
20367,ok,35.5365,35.5365,27
20368,ok,30.8027,30.8027,27
20369,ok,43.2399,43.2399,15
2037,ok,48.9190,48.9190,40
20370,ok,44.6295,44.6295,18
20371,ok,28.7263,28.7263,11
20372,ok,46.2452,46.2452,20
20373,ok,43.2524,43.2524,29
20374,ok,44.4224,43.9919,18
20375,ok,49.0770,49.0770,19
20376,ok,40.0857,40.0857,18
20377,ok,47.0052,47.0052,17
20378,ok,38.9888,38.9888,25
20379,ok,43.5554,43.5554,20
2038,ok,30.7575,30.7575,19
20380,ok,46.2128,42.0034,15
20381,ok,40.3293,40.3293,39
20382,ok,18.8197,18.8197,10
20383,ok,41.2932,41.2932,30
20384,ok,40.7750,40.7750,26
20385,ok,32.6855,32.6855,13
20386,ok,41.7879,41.7879,12
20387,ok,48.5974,48.5974,14
20388,ok,34.4671,34.4671,25
20389,ok,48.0159,48.0159,26
2039,ok,51.1947,45.6118,32
20390,ok,45.9331,45.9331,21
20391,ok,48.0341,47.8630,19
20392,ok,43.5810,43.5810,16
20393,ok,41.7777,41.7777,16
20394,ok,44.3989,44.3989,26
20395,ok,46.3571,46.3571,27
20396,ok,41.6103,41.6103,13
20397,ok,28.4634,28.4634,14
20398,ok,44.5324,44.5324,33
20399,ok,44.3129,44.3129,20
204,ok,38.8981,38.8981,42
2040,ok,42.3427,42.3427,28
20400,ok,42.1146,42.1146,31
20401,ok,13.0071,13.0071,14
20402,ok,43.9321,43.9321,29
20403,ok,48.8047,48.8047,19
20404,ok,31.3714,31.3714,18
20405,ok,43.9537,43.9537,18
20406,ok,30.9012,30.9012,16
20407,ok,25.1332,25.1332,25
20408,ok,41.5368,41.5368,41
20409,ok,34.2521,34.2521,19
2041,ok,27.2643,27.2642,16
20410,ok,45.4360,45.4360,20
20411,ok,39.2178,39.2178,16
20412,ok,38.7935,38.7935,27
20413,ok,47.0991,47.0991,29
20414,ok,33.1739,33.1739,14
20415,ok,31.2653,31.2653,25
20416,ok,45.3678,45.3678,12
20417,ok,20.0688,20.0688,14
20418,ok,35.8749,35.8749,14
20419,ok,43.0428,43.0428,29
2042,ok,48.9762,48.9762,20
20420,ok,47.6654,47.6654,26
20421,ok,31.0117,31.0117,16
20422,ok,47.7826,47.7826,20
20423,ok,46.2176,46.2176,25
20424,ok,49.7540,49.7540,23
20425,ok,24.1703,24.1703,23
20426,ok,42.4948,42.4948,31
20427,ok,43.2439,43.2439,15
20428,ok,21.5172,21.5172,27
20429,ok,39.6382,39.6382,14
2043,ok,45.4712,45.4712,29
20430,ok,44.5158,44.5158,11
20431,ok,29.9252,29.9252,27
20432,ok,25.8958,25.8958,28
20433,ok,30.5941,30.5941,31
20434,ok,28.6429,28.6429,30
20435,ok,27.1934,27.1934,36
20437,ok,42.5377,42.5377,36
20438,ok,47.4506,47.4506,29
20439,ok,28.3239,28.3239,37
2044,ok,33.4114,33.4114,43
20440,ok,48.6173,48.6173,25
20441,ok,16.7176,16.7176,18
20442,ok,42.5925,42.5925,22
20443,ok,45.5568,45.5568,23
20444,ok,41.9645,41.9645,34
20445,ok,41.8517,41.8517,19
20446,ok,40.0272,40.0272,15
20447,ok,37.6894,37.6894,17
20448,ok,37.6970,37.6970,31
20449,ok,49.3299,49.3299,28
2045,ok,32.6532,32.6532,24
20450,ok,48.7211,48.3306,21
20451,ok,31.4470,31.4470,20
20452,ok,45.4734,45.4734,39
20453,ok,42.0042,42.0042,33
20454,ok,45.6871,45.6871,34
20455,ok,29.9022,29.9022,23
20456,ok,32.6809,32.6809,17
20457,ok,23.2357,22.2422,31
20458,ok,43.1417,43.1417,13
20459,ok,49.7915,49.7915,18
2046,ok,36.4834,36.4834,28
20460,ok,47.9608,47.9608,27
20461,ok,30.9237,30.6194,19
20462,ok,49.5602,49.5602,32
20463,ok,37.9420,37.9420,19
20464,ok,33.0122,33.0122,20
20465,ok,41.1736,41.1736,30
20466,ok,29.6403,29.6403,32
20467,ok,37.6118,37.6118,23
20468,ok,40.1662,40.1662,10
20469,ok,40.1717,40.1717,14
2047,ok,39.7670,39.7670,17
20470,ok,37.7760,37.7760,17
20471,ok,49.9596,49.9596,30
20473,ok,46.7177,46.7177,16
20474,ok,45.5374,45.5374,25
20475,ok,37.9969,37.9969,18
20476,ok,45.9343,45.9343,19
20477,ok,36.3177,36.3177,33
20478,ok,47.6775,47.6775,16
20479,ok,50.2382,49.6597,23
2048,ok,27.0263,27.0263,31
20480,ok,37.6352,37.6352,27
20481,ok,42.1463,42.1463,33
20482,ok,39.5582,39.5582,29
20483,ok,26.6884,26.6884,20
20484,ok,37.3426,37.3426,23
20485,ok,43.9949,43.9949,32
20486,ok,43.2938,43.2938,28
20487,ok,49.6993,49.6993,32
20488,ok,36.8432,36.8432,27
20489,ok,36.4133,36.4133,23
2049,ok,49.7714,49.7714,23
20490,ok,48.6018,48.6018,35
20491,ok,44.4521,44.4521,24
20492,ok,39.3468,39.3468,26
20493,ok,47.5240,47.5240,18
20494,ok,38.6634,38.6634,25
20495,ok,47.6245,47.6245,17
20496,ok,41.1869,41.1869,32
20497,ok,38.7187,38.7187,33
20498,ok,32.8253,32.8253,22
20499,ok,36.6149,36.6149,18
205,ok,47.3838,47.2670,14
2050,ok,42.1083,42.1083,17
20500,ok,37.0066,33.0744,16
20501,ok,43.1378,43.1378,29
20502,ok,36.4223,36.4223,40
20503,ok,35.5099,35.5099,18
20504,ok,31.7602,31.7602,29
20505,ok,40.8360,40.8360,27
20506,ok,32.0483,32.0483,49
20507,ok,34.3450,34.3450,23
20508,ok,46.2780,46.2780,39
20509,ok,39.8764,39.8764,11
2051,ok,45.1148,45.1148,32
20510,ok,43.1236,43.1236,31
20511,ok,49.0710,49.0710,14
20512,ok,49.8942,44.4532,33
20513,ok,45.8146,45.8146,28
20514,ok,49.6413,49.6413,22
20515,ok,42.5230,42.5230,8
20516,ok,38.5396,38.5396,30
20517,ok,49.6528,49.6528,25
20518,ok,37.8110,37.8110,27
20519,ok,41.7956,39.5582,21
2052,ok,26.6218,26.6218,12
20520,ok,48.3886,48.3886,14
20521,ok,49.9421,49.9421,21
20522,ok,27.6071,27.6071,15
20523,ok,25.5867,25.5867,30
20524,ok,25.7371,25.7371,14
20525,ok,22.3226,22.3226,16
20526,ok,41.7491,41.7491,19
20527,ok,34.6078,33.1983,28
20528,ok,46.9713,46.9713,16
20529,ok,48.7566,48.7566,14
2053,ok,34.2638,34.2638,32
20530,ok,43.2967,43.2967,40
20531,ok,49.5880,49.5880,22
20532,ok,44.8224,44.8224,29
20533,ok,14.0417,14.0417,15
20534,ok,44.3850,44.3850,18
20535,ok,45.8179,45.8179,20
20536,ok,31.6537,31.6537,16
20537,ok,49.4722,49.4722,20
20538,ok,48.6051,48.6051,23
20539,ok,43.6346,43.6346,23
2054,ok,46.8989,46.8989,16
20540,ok,43.4212,43.4212,23
20541,ok,45.7845,45.7845,24
20542,ok,45.1137,44.8144,41
20543,ok,44.4178,44.4178,20
20544,ok,34.1560,34.1560,33
20545,ok,48.6433,48.6433,19
20546,ok,28.8000,28.8000,14
20547,ok,48.8524,48.8524,14
20548,ok,49.9148,49.9127,35
20549,ok,32.8320,32.8320,21
2055,ok,41.9139,41.9139,34
20550,ok,32.1033,32.1033,21
20551,ok,26.1469,26.1469,28
20552,ok,39.2605,39.2605,14
20553,ok,35.8270,35.8270,12
20555,ok,42.0771,40.7828,28
20556,ok,38.7456,38.7456,18
20557,ok,31.5030,31.5030,26
20558,ok,39.9082,39.9082,23
20559,ok,43.9757,43.9757,19
2056,ok,49.6772,49.6772,26
20560,ok,46.0333,46.0333,21
20561,ok,27.6654,27.6654,22
20562,ok,39.7093,39.7093,13
20563,ok,32.6638,32.6638,18
20564,ok,43.2374,43.2374,31
20565,ok,44.3793,44.3793,12
20566,ok,44.3896,44.3896,16
20567,ok,32.4688,32.4688,27
20568,ok,28.4773,28.4773,35
2057,ok,29.2903,29.2903,29
20570,ok,49.7660,49.7660,37
20571,ok,48.3938,48.3938,14
20572,ok,46.4372,46.4372,24
20573,ok,40.0603,40.0603,20
20574,ok,46.3892,46.3892,16
20575,ok,37.9187,36.5881,28
20576,ok,70.7621,47.5919,22
20577,ok,38.2759,38.2759,25
20578,ok,41.4872,41.4872,32
20579,ok,44.4852,44.4852,19
2058,ok,40.3729,40.3729,35
20580,ok,52.8596,47.4643,13
20581,ok,42.5766,42.5766,20
20582,ok,45.0843,45.0843,30
20583,ok,27.5134,27.5134,18
20584,ok,49.0135,49.0135,17
20585,ok,47.9166,47.9166,20
20586,ok,31.5637,31.5637,15
20587,ok,49.0094,49.0094,19
20588,ok,34.3762,34.3762,19
20589,ok,49.8788,49.8788,11
2059,ok,36.5708,36.5708,32
20590,ok,36.8103,36.8103,19
20591,ok,46.0444,46.0444,17
20592,ok,46.1996,46.1996,30
20593,ok,41.0231,41.0231,34
20594,ok,44.9158,44.9158,24
20595,ok,35.5830,35.5830,30
20596,ok,30.8961,30.8961,18
20597,ok,43.7929,39.0172,21
20598,ok,48.1918,48.1918,24
20599,ok,34.3581,34.3581,14
206,ok,48.5677,48.5677,18
2060,ok,23.0688,23.0688,35
20600,ok,49.3789,49.3789,19
20601,ok,28.6431,28.6431,20
20602,ok,47.8141,47.8141,14
20603,ok,39.7358,39.7358,25
20604,ok,30.1837,30.1837,34
20605,ok,31.6927,31.6927,31
20606,ok,48.3813,48.3813,28
20607,ok,25.0531,25.0531,34
20608,ok,37.7461,37.7461,19
20609,ok,47.1756,47.1756,20
2061,ok,36.1637,36.1637,25
20610,ok,41.3945,41.3945,22
20611,ok,47.9219,47.9219,28
20612,ok,46.9482,46.9482,25
20613,ok,30.8761,30.8761,36
20614,ok,48.2748,48.2748,21
20615,ok,18.3546,18.3546,28
20616,ok,45.2924,45.2924,31
20617,ok,30.3015,30.3015,26
20618,ok,33.9947,33.9947,24
20619,ok,31.8209,31.8209,34
2062,ok,32.6241,32.6241,19
20620,ok,43.7497,43.7497,37
20621,ok,42.4039,42.4039,24
20622,ok,49.3147,49.3147,17
20623,ok,46.6803,46.0487,16
20624,ok,47.9695,47.9695,12
20625,ok,45.9396,45.9396,29
20626,ok,24.0925,24.0925,12
20627,ok,19.1003,19.1003,17
20628,ok,23.5106,23.5106,14
20629,ok,48.3009,48.3009,31
2063,ok,37.9917,37.9917,23
20630,ok,36.2577,36.2577,22
20631,ok,43.0837,43.0837,33
20632,ok,40.6323,40.6323,23
20633,ok,41.6651,41.6651,26
20634,ok,42.0699,42.0699,34
20635,ok,44.2968,44.2968,16
20636,ok,23.8037,23.8010,35
20637,ok,46.8335,46.8335,22
20638,ok,42.1136,42.1136,23
20639,ok,47.0715,47.0715,9
2064,ok,43.7468,43.7468,29
20640,ok,46.1323,46.1323,17
20641,ok,39.6061,39.6061,32
20642,ok,40.3215,40.3215,28
20643,ok,27.5658,27.5658,23
20644,ok,43.4116,43.4116,30
20645,ok,48.1077,48.1077,18
20646,ok,49.6022,49.6022,29
20647,ok,30.4420,30.4420,28
20648,ok,41.0202,41.0202,27
20649,ok,26.8694,26.8694,28
2065,ok,36.6731,36.6731,11
20650,ok,32.4966,32.4966,17
20651,ok,40.5525,40.5525,14
20652,ok,35.8338,35.8338,23
20653,ok,33.8548,33.8548,29
20654,ok,43.3995,43.3995,16
20655,ok,30.5530,30.5530,34
20656,ok,33.5861,29.9234,11
20657,ok,33.5808,33.5808,10
20658,ok,47.2107,47.2107,21
20659,ok,44.3302,44.3302,18
2066,ok,42.6348,42.6348,20
20660,ok,30.0338,30.0338,18
20661,ok,49.5590,49.5590,14
20662,ok,31.7159,31.7159,12
20663,ok,43.0734,43.0734,12
20664,ok,47.2200,47.2200,13
20665,ok,37.9333,37.9333,18
20666,ok,46.8850,46.8850,24
20667,ok,31.0253,31.0253,24
20668,ok,46.9639,45.8498,32
20669,ok,43.7882,43.7882,18
2067,ok,30.5720,30.5720,14
20670,ok,44.2333,44.2333,33
20671,ok,39.7584,39.7584,19
20672,ok,28.2861,28.2861,28
20673,ok,48.3041,48.3041,25
20674,ok,47.9936,47.9936,36
20676,ok,48.2245,48.2245,9
20677,ok,41.8548,40.8546,42
20678,ok,26.9477,26.9477,30
20679,ok,41.8884,41.8884,26
2068,ok,29.7311,29.7311,36
20680,ok,34.2305,34.2305,22
20681,ok,27.3224,26.9555,12
20682,ok,49.6251,49.6251,20
20683,ok,32.0189,32.0189,15
20684,ok,46.8145,46.8145,33
20685,ok,46.5240,46.5240,41
20686,ok,43.5692,43.5692,33
20687,ok,49.9696,49.9696,29
20689,ok,48.2010,48.2010,39
2069,ok,39.4843,39.4843,23
20690,ok,44.5405,44.5405,16
20691,ok,44.4860,44.4860,26
20692,ok,45.3578,45.3578,26
20693,ok,23.4990,23.4990,26
20694,ok,38.5490,38.5490,43
20695,ok,29.4361,29.4361,16
20696,ok,40.6510,40.6510,21
20697,ok,46.6197,46.6197,30
20698,ok,45.4210,45.4210,16
20699,ok,31.3829,31.0545,27
207,ok,42.4117,42.4117,24
2070,ok,34.6075,34.6075,19
20700,ok,29.3052,29.3052,34
20701,ok,30.3250,30.3250,32
20702,ok,37.9417,37.9417,29
20703,ok,15.8126,15.8126,33
20704,ok,27.9163,27.9163,18
20705,ok,44.2614,44.2614,23
20706,ok,44.4168,44.4168,19
20707,ok,40.1349,40.1349,22
20708,ok,47.4078,47.4078,25
20709,ok,49.0412,49.0412,19
20710,ok,45.4286,45.4286,21
20711,ok,34.3833,34.3833,32
20712,ok,46.9970,46.9970,27
20713,ok,42.7234,42.7234,26
20714,ok,25.7619,25.7619,31
20715,ok,28.5737,28.5737,9
20716,ok,47.7451,47.7451,21
20717,ok,49.9025,49.6378,38
20718,ok,35.1354,35.1354,14
20719,ok,44.8349,44.8349,17
2072,ok,38.5677,38.5677,37
20720,ok,39.4064,39.4064,22
20721,ok,45.9307,45.9307,16
20722,ok,44.8048,44.8048,15
20723,ok,48.0964,48.0964,16
20724,ok,43.7199,43.7199,12
20725,ok,35.6037,35.6037,16
20726,ok,38.8839,38.8839,10
20727,ok,40.3133,40.3133,24
20728,ok,36.4891,36.4891,21
20729,ok,40.0818,40.0818,48
2073,ok,43.5015,43.5015,20
20730,ok,41.7609,41.7609,24
20731,ok,39.3145,39.3145,29
20732,ok,28.6933,28.6933,21
20733,ok,32.7828,32.7828,28
20734,ok,48.1521,48.1521,12
20735,ok,41.6139,41.6139,24
20736,ok,34.6461,34.6461,21
20737,ok,39.6358,39.6358,12
20738,ok,46.2242,46.2242,18
20739,ok,43.7566,43.7566,24
2074,ok,40.4212,40.4212,28
20740,ok,44.6525,44.6525,26
20741,ok,34.2605,34.2605,20
20742,ok,44.6294,44.6294,30
20743,ok,35.6662,35.6662,22
20744,ok,39.1911,39.1911,33
20745,ok,235.5524,44.6530,21
20746,ok,36.5809,36.5809,29
20747,ok,44.5196,44.5196,15
20748,ok,38.2507,38.2503,26
20749,ok,46.9742,46.9742,28
2075,ok,29.2707,29.2707,18
20750,ok,47.7356,47.7356,33
20751,ok,28.3853,28.3853,29
20752,ok,49.6289,49.6289,22
20753,ok,49.2900,49.2900,22
20754,ok,48.6560,43.3500,14
20755,ok,42.5863,42.3078,24
20756,ok,48.8043,48.8043,13
20757,ok,49.5848,49.5848,13
20759,ok,38.0303,33.8830,13
2076,ok,44.8986,43.7434,27
20760,ok,47.8472,47.8472,16
20761,ok,42.4096,42.4096,18
20762,ok,37.2124,37.2124,22
20763,ok,44.7669,44.7669,27
20764,ok,48.5289,48.5289,29
20765,ok,43.2362,41.9496,25
20766,ok,45.3343,45.3343,19
20767,ok,44.5051,44.5051,25
20768,ok,48.0572,48.0572,17
20769,ok,42.3127,42.3127,23
2077,ok,34.5980,34.5980,21
20770,ok,48.7844,48.7844,27
20771,ok,28.6956,28.4834,14
20772,ok,43.8713,43.8713,13
20773,ok,37.8996,37.8996,24
20774,ok,15.7680,15.7680,34
20775,ok,47.3818,47.3818,20
20776,ok,22.7857,22.7857,14
20777,ok,46.8596,46.3077,41
20778,ok,43.3051,43.3051,25
20779,ok,39.4595,39.4595,18
2078,ok,47.1542,47.1542,11
20780,ok,32.5556,32.5556,32
20781,ok,33.7737,33.7737,23
20782,ok,28.7618,28.7618,22
20783,ok,42.1991,42.1991,30
20784,ok,43.6986,43.6986,17
20785,ok,42.6194,42.6194,37
20786,ok,37.7274,37.7274,27
20787,ok,49.4807,49.4807,14
20788,ok,27.5980,27.5980,24
20789,ok,37.5060,37.5060,19
2079,ok,44.2982,44.2982,18
20790,ok,46.0878,46.0878,29
20791,ok,44.9742,44.9742,32
20792,ok,46.0280,46.0280,29
20793,ok,39.6528,39.6528,20
20794,ok,48.3022,48.3022,21
20795,ok,45.9296,45.9296,38
20796,ok,38.7285,38.7285,34
20797,ok,47.9092,47.9092,17
20798,ok,41.7197,41.7197,29
20799,ok,46.8269,46.8269,36
208,ok,38.5805,38.5805,13
2080,ok,40.6138,40.6138,16
20800,ok,48.8758,48.8758,15
20801,ok,35.9955,35.9955,23
20802,ok,29.6296,29.6296,29
20803,ok,47.5570,47.5570,12
20804,ok,34.6664,33.6584,11
20805,ok,46.0399,46.0399,24
20806,ok,36.5320,36.5320,33
20807,ok,43.3391,43.3391,20
20808,ok,37.3793,37.3793,35
20809,ok,49.9121,49.9121,11
2081,ok,48.9611,48.9611,24
20810,ok,46.0840,46.0840,15
20811,ok,41.2720,41.2720,27
20812,ok,48.7292,48.7292,21
20813,ok,45.6987,45.6987,13
20814,ok,28.7413,28.7413,18
20815,ok,41.5210,41.5210,22
20816,ok,36.1616,36.1616,23
20817,ok,42.7383,42.7383,22
20818,ok,44.6830,44.6830,41
20819,ok,46.0040,46.0040,20
2082,ok,49.5883,49.5883,24
20820,ok,28.1938,28.1938,35
20821,ok,46.5973,46.5973,22
20822,ok,41.5357,41.5357,16
20823,ok,17.5171,17.5171,17
20824,ok,38.5537,38.5537,19
20825,ok,46.7730,46.7730,43
20826,ok,43.9456,43.9456,16
20828,ok,47.0537,47.0537,26
20829,ok,49.8792,49.8792,17
2083,ok,45.7222,44.1900,17
20830,ok,37.2035,37.2035,27
20831,ok,39.9189,39.9189,20
20832,ok,43.1771,41.7968,25
20833,ok,30.1922,30.1922,16
20834,ok,44.5207,44.5207,25
20835,ok,48.7876,48.7876,27
20836,ok,35.2031,35.2031,22
20837,ok,38.2620,38.2620,13
20838,ok,35.8873,35.8873,36
20839,ok,28.4925,28.4925,29
2084,ok,40.5656,40.5656,21
20840,ok,30.7582,30.7582,13
20841,ok,41.8653,41.8653,18
20842,ok,45.9213,45.9213,9
20843,ok,34.8771,34.8771,16
20844,ok,49.2957,49.2957,25
20845,ok,45.9085,45.9085,18
20846,ok,40.2597,40.2597,18
20847,ok,33.7201,33.7201,21
20848,ok,38.7928,38.7928,24
20849,ok,33.9875,33.9875,23
2085,ok,46.3751,46.3751,16
20850,ok,38.5547,38.5547,19
20851,ok,48.0531,48.0531,14
20852,ok,47.1146,47.1146,33
20853,ok,17.6736,17.6736,27
20854,ok,36.4755,36.4755,34
20855,ok,49.8986,49.8986,24
20856,ok,37.0324,37.0324,37
20857,ok,44.1512,44.1512,19
20858,ok,47.3006,47.3006,16
20859,ok,49.5069,49.5069,18
2086,ok,32.7048,32.7048,22
20860,ok,32.9648,32.9648,16
20861,ok,39.2145,39.2145,12
20862,ok,39.7588,39.7588,23
20863,ok,37.1785,37.1785,38
20864,ok,44.1171,44.1171,34
20865,ok,24.8012,24.8012,16
20866,ok,23.1884,23.1884,44
20868,ok,40.0753,40.0753,19
20869,ok,33.2602,33.2602,30
2087,ok,38.1478,33.9877,28
20870,ok,35.1291,35.1291,25
20871,ok,44.6916,44.6916,21
20872,ok,41.0601,41.0601,23
20873,ok,45.1398,45.1398,31
20874,ok,44.8178,43.6953,26
20875,ok,43.9800,43.9800,19
20876,ok,44.2828,43.2614,24
20877,ok,45.2932,45.2932,18
20878,ok,43.4024,43.4024,18
20879,ok,38.2357,38.2357,9
2088,ok,48.7782,48.7782,14
20880,ok,49.5380,49.5380,10
20881,ok,48.1037,48.1037,18
20882,ok,45.2626,45.2626,19
20883,ok,35.0587,34.9314,17
20884,ok,49.9998,48.8820,29
20885,ok,19.5191,19.5191,21
20886,ok,47.7959,47.7959,17
20887,ok,48.4152,48.4152,18
20888,ok,27.8789,27.8789,26
20889,ok,38.4474,38.4474,23
2089,ok,36.5225,36.5225,14
20890,ok,38.3936,38.3936,22
20891,ok,41.8713,41.8713,17
20892,ok,47.7376,47.7376,15
20893,ok,47.7917,47.7917,17
20894,ok,44.3851,44.3851,33
20895,ok,49.8874,49.8874,24
20896,ok,23.6960,23.6960,19
20897,ok,47.6368,47.6368,26
20898,ok,35.3225,35.3225,34
20899,ok,36.2766,36.2766,20
209,ok,47.1057,47.1057,35
2090,ok,40.6096,40.6096,33
20900,ok,44.9941,44.9941,58
20901,ok,44.2755,44.2755,30
20902,ok,36.2501,36.2501,35
20903,ok,35.5010,35.5010,25
20904,ok,34.3040,34.3040,20
20905,ok,418.4345,43.2019,32
20906,ok,32.0446,32.0446,47
20907,ok,44.9782,44.9782,8
20908,ok,35.2791,35.2791,24
20909,ok,40.9990,40.9990,9
2091,ok,16.2099,16.2099,13
20910,ok,31.5606,30.9575,15
20911,ok,47.9622,47.9622,53
20912,ok,46.3819,46.3819,24
20913,ok,48.3630,48.3630,21
20914,ok,35.7514,35.7514,16
20915,ok,41.2392,41.2392,29
20916,ok,42.0000,42.0000,22
20917,ok,48.6329,48.6329,35
20918,ok,47.4850,47.4850,20
20919,ok,35.5142,35.5142,10
2092,ok,40.1218,40.1218,21
20920,ok,46.9373,46.9373,14
20921,ok,41.6634,41.6634,23
20922,ok,23.1858,23.1858,17
20923,ok,41.2629,41.2629,24
20924,ok,47.8999,47.8999,28
20925,ok,35.3363,35.3363,9
20926,ok,38.8648,38.8648,34
20927,ok,46.2963,46.2963,31
20928,ok,47.4301,47.4301,21
20929,ok,25.0836,25.0836,25
2093,ok,32.6714,32.6714,13
20930,ok,46.9718,46.9718,34
20931,ok,46.0005,46.0005,18
20932,ok,47.2325,47.2325,32
20933,ok,44.1165,44.1165,21
20934,ok,33.3932,33.3932,20
20935,ok,22.4844,22.4844,12
20936,ok,48.2533,48.2533,18
20937,ok,49.0849,49.0849,19
20938,ok,28.9647,28.9647,15
20939,ok,37.3797,37.3797,21
2094,ok,25.0950,25.0950,15
20940,ok,31.3444,31.3444,22
20941,ok,25.5294,25.5294,36
20942,ok,24.7185,24.7185,11
20943,ok,27.2511,27.2511,13
20944,ok,41.1056,41.1056,16
20945,ok,34.6163,34.6163,20
20946,ok,38.4874,38.4874,32
20947,ok,33.6434,33.6434,24
20948,ok,41.5625,41.5625,25
20949,ok,31.6129,31.6129,31
2095,ok,47.3708,47.3708,19
20950,ok,48.0827,48.0827,38
20951,ok,23.6708,23.6708,20
20952,ok,45.8911,45.8911,28
20953,ok,48.0249,48.0249,12
20954,ok,36.6469,36.6469,25
20955,ok,45.2751,45.2751,27
20956,ok,41.2386,41.2386,21
20957,ok,41.4724,41.4724,19
20958,ok,33.7989,33.7989,36
20959,ok,48.7643,48.7643,15
2096,ok,43.0504,43.0504,20
20960,ok,45.1958,45.1958,34
20961,ok,47.7770,47.7770,25
20962,ok,47.0981,47.0981,24
20963,ok,37.2770,37.2770,24
20964,ok,46.2162,46.2162,21
20965,ok,41.7494,41.7494,34
20966,ok,44.5902,44.5902,12
20967,ok,48.9253,48.9253,22
20968,ok,36.6731,36.6731,38
20969,ok,47.3646,44.0675,16
2097,ok,37.0670,37.0670,25
20970,ok,39.4635,39.4635,17
20971,ok,30.3097,30.3097,19
20972,ok,47.6264,47.6264,30
20973,ok,24.5532,24.5532,39
20974,ok,43.2804,43.2804,31
20975,ok,45.4607,45.4607,21
20976,ok,39.7517,39.7517,35
20977,ok,40.3281,40.3281,28
20978,ok,30.1659,30.1659,10
20979,ok,44.0961,44.0961,26
2098,ok,46.8283,46.8283,32
20980,ok,37.9623,37.9623,49
20981,ok,41.2727,41.2727,22
20982,ok,47.8136,47.8136,27
20983,ok,42.6424,42.6424,13
20984,ok,28.2967,28.2967,20
20985,ok,44.6308,44.6308,22
20986,ok,34.1942,34.1942,42
20987,ok,45.2137,45.2137,31
20988,ok,49.8475,49.8475,28
20989,ok,40.4856,40.4856,25
2099,ok,41.6635,41.6635,14
20990,ok,52.8127,47.0534,35
20991,ok,32.3229,32.3229,25
20992,ok,40.3159,40.3159,23
20993,ok,49.8654,49.8654,34
20994,ok,40.3454,40.3454,16
20995,ok,43.5281,43.5281,10
20996,ok,40.3716,40.3716,23
20997,ok,44.0444,44.0444,15
20998,ok,45.6881,45.5539,23
20999,ok,23.1542,23.1542,22
21,ok,26.0619,26.0619,21
210,ok,37.8553,37.8553,20
2100,ok,38.9012,38.9012,22
21000,ok,38.7712,38.7712,12
21001,ok,40.7449,40.7449,27
21002,ok,47.9213,47.9213,18
21004,ok,40.6741,40.6741,20
21005,ok,36.3609,36.3609,30
21006,ok,19.1384,19.1384,22
21007,ok,41.7613,41.7613,22
21008,ok,19.6800,19.6800,13
21009,ok,34.3974,34.3974,24
2101,ok,29.6853,29.6853,30
21010,ok,44.7088,44.4822,23
21011,ok,27.4858,27.4858,31
21012,ok,48.8885,48.8885,24
21013,ok,17.2316,17.2316,34
21014,ok,42.8870,42.8870,13
21015,ok,46.3903,46.3903,18
21016,ok,39.2079,39.2079,13
21017,ok,19.1431,19.1431,11
21018,ok,43.2414,43.2414,29
21019,ok,43.6049,43.6049,24
2102,ok,32.4396,32.4396,13
21020,ok,30.2588,30.2588,17
21021,ok,44.4384,44.4384,11
21022,ok,40.1254,40.1254,18
21023,ok,39.4516,39.4516,21
21024,ok,35.2890,35.2890,24
21025,ok,36.5486,36.5486,19
21026,ok,39.4776,39.4776,20
21027,ok,36.4751,36.4751,21
21028,ok,40.6320,40.6320,33
21029,ok,34.5651,34.5651,37
2103,ok,32.7954,32.7954,22
21030,ok,47.3497,46.9807,16
21031,ok,46.7748,46.7748,23
21032,ok,39.8612,39.8612,20
21033,ok,43.0052,41.5134,28
21034,ok,49.7890,49.7890,23
21035,ok,32.8321,32.8321,37
21036,ok,44.7769,44.7769,26
21037,ok,49.9477,49.9477,14
21038,ok,48.5745,48.5745,22
21039,ok,41.8708,41.8708,21
2104,ok,46.1548,46.1548,24
21040,ok,30.9613,30.9613,11
21041,ok,30.3042,30.3042,33
21042,ok,47.2958,45.1337,36
21043,ok,50.6071,49.8526,33
21044,ok,47.9176,47.9176,43
21045,ok,45.0129,45.0129,25
21046,ok,38.7870,38.7870,32
21048,ok,37.8747,37.8747,24
2105,ok,49.8709,49.8709,17
21050,ok,42.1829,40.9726,14
21051,ok,49.6360,49.6360,32
21052,ok,32.4563,32.4563,33
21054,ok,23.9294,23.9294,42
21055,ok,49.9929,49.9929,21
21057,ok,38.0733,38.0733,17
21058,ok,49.3020,49.3020,27
21059,ok,43.1916,43.1916,12
2106,ok,47.0092,47.0092,19
21060,ok,44.6887,44.6887,23
21061,ok,40.3819,40.3819,29
21062,ok,41.1630,41.1630,28
21063,ok,47.9676,46.8804,18
21064,ok,41.9211,41.9211,25
21065,ok,47.5145,47.5145,21
21066,ok,32.1231,32.1231,18
21067,ok,49.0990,49.0990,25
21068,ok,47.4798,46.1377,13
21069,ok,38.9461,38.9461,31
2107,ok,35.3233,35.3233,28
21070,ok,38.0965,36.8351,33
21071,ok,27.2054,27.2054,15
21072,ok,44.6004,39.7366,29
21073,ok,28.4018,26.1314,14
21074,ok,38.1284,38.1284,22
21075,ok,36.6971,36.6971,25
21076,ok,44.1710,43.9669,37
21077,ok,46.2209,46.2209,14
21078,ok,45.8407,45.8407,28
21079,ok,18.1430,18.1430,15
2108,ok,47.4108,47.4108,21
21080,ok,28.5248,28.5248,17
21081,ok,42.1566,42.1566,11
21082,ok,44.3739,44.3739,14
21083,ok,45.3659,45.3659,39
21084,ok,43.4997,43.4997,20
21085,ok,35.4573,35.4573,15
21086,ok,41.0145,41.0145,21
21087,ok,49.6953,49.6953,13
21088,ok,39.7840,39.7840,22
21089,ok,46.7985,46.7985,36
2109,ok,33.2709,33.2709,23
21090,ok,49.3124,49.3124,25
21091,ok,46.4508,46.4508,18
21092,ok,45.0391,45.0391,15
21093,ok,25.3728,25.3728,16
21094,ok,20.3314,18.6208,16
21095,ok,49.5761,49.5761,18
21096,ok,45.1968,45.1968,19
21097,ok,43.5050,43.5050,16
21098,ok,39.1473,39.1473,15
21099,ok,24.4910,24.4910,31
211,ok,49.1035,49.1035,26
2110,ok,35.3002,35.3002,27
21100,ok,36.2289,36.2289,23
21101,ok,35.3925,34.9904,34
21102,ok,23.2676,23.2676,19
21103,ok,35.8435,35.6027,28
21104,ok,41.4974,41.4974,24
21105,ok,41.6475,41.6475,37
21106,ok,48.6252,48.6252,19
21107,ok,26.5818,26.5818,16
21108,ok,34.0919,34.0919,16
21109,ok,46.3944,46.3944,27
2111,ok,32.0869,32.0869,19
21110,ok,48.5821,48.5821,24
21111,ok,32.2061,32.2061,23
21112,ok,34.6802,34.6802,13
21113,ok,48.8846,48.8846,32
21114,ok,27.1142,27.1142,14
21115,ok,40.3692,40.3692,22
21116,ok,29.5920,29.5920,30
21117,ok,41.2023,41.2023,22
21118,ok,38.0720,38.0720,25
21119,ok,42.6921,42.6921,14
2112,ok,27.1457,27.1456,9
21120,ok,49.5441,49.5441,20
21121,ok,49.1914,49.1914,38
21122,ok,44.6685,44.6685,33
21123,ok,43.1720,43.1720,24
21124,ok,47.5774,47.5774,36
21125,ok,48.4901,44.6839,31
21126,ok,44.3867,44.3867,9
21127,ok,47.9122,47.9122,31
21128,ok,40.2918,40.2918,19
21129,ok,46.1625,45.0334,26
2113,ok,26.6799,26.6799,32
21130,ok,49.0885,49.0885,38
21131,ok,40.3486,40.3029,35
21132,ok,24.1052,24.1052,19
21133,ok,45.1482,45.1482,19
21134,ok,42.8643,42.8643,22
21135,ok,36.5978,36.5978,16
21136,ok,21.4487,21.4487,26
21137,ok,44.6073,44.6073,20
21138,ok,39.7350,39.7350,13
21139,ok,46.7962,46.7962,22
2114,ok,44.4133,44.4133,22
21140,ok,43.1821,43.1821,37
21141,ok,48.6581,48.6581,18
21143,ok,33.6027,33.6027,29
21144,ok,43.7350,43.7350,26
21145,ok,34.1293,34.1293,29
21146,ok,47.4478,46.5279,25
21147,ok,44.3192,44.3192,29
21148,ok,43.0531,43.0531,25
21149,ok,43.4815,43.4815,40
2115,ok,32.1213,32.1213,46
21150,ok,44.1925,44.1925,33
21151,ok,39.9738,39.9738,20
21152,ok,40.1751,40.1751,16
21153,ok,33.1094,33.1094,26
21154,ok,39.2419,39.2419,28
21155,ok,47.3215,47.3215,27
21156,ok,40.2655,40.2655,14
21157,ok,48.4373,48.4373,25
21158,ok,48.5580,48.5580,16
21159,ok,39.5710,39.5710,18
2116,ok,49.4343,49.4343,16
21160,ok,25.5437,25.5437,37
21161,ok,38.6595,38.6595,42
21162,ok,47.1047,47.1047,27
21163,ok,44.0916,43.3328,28
21164,ok,41.0528,41.0528,15
21165,ok,43.3871,43.3871,39
21166,ok,41.4201,41.4201,19
21167,ok,46.9349,46.9349,16
21168,ok,38.7482,38.7482,18
21169,ok,41.2320,41.2320,17
2117,ok,36.5805,36.5805,21
21170,ok,47.7645,47.7645,27
21171,ok,46.3632,46.3632,27
21172,ok,44.0267,44.0267,19
21173,ok,47.7997,47.7997,28
21174,ok,31.1879,31.1878,21
21175,ok,46.2550,46.2550,15
21176,ok,43.1759,38.4675,14
21177,ok,39.0200,39.0200,32
21178,ok,48.0622,48.0622,19
21179,ok,33.0935,33.0935,30
2118,ok,35.5466,35.5466,15
21180,ok,44.3672,44.3672,19
21181,ok,27.4800,27.4800,37
21182,ok,29.5935,29.5935,20
21183,ok,31.5096,31.5096,16
21184,ok,30.4725,28.5691,28
21185,ok,41.6189,41.6189,39
21186,ok,20.6619,20.6619,22
21187,ok,44.6261,44.6261,15
21188,ok,49.2129,49.2129,23
21189,ok,36.0130,36.0130,14
2119,ok,49.7635,49.7635,28
21190,ok,39.4013,39.4013,27
21191,ok,45.7433,45.7433,27
21192,ok,45.0101,45.0101,26
21193,ok,40.7926,40.7926,10
21194,ok,44.4983,44.4983,30
21195,ok,34.6967,34.6967,42
21196,ok,43.0087,42.2782,20
21197,ok,32.6760,32.6760,22
21198,ok,39.6283,39.6283,29
21199,ok,45.5423,45.5423,12
212,ok,48.1843,48.1843,25
2120,ok,32.7005,32.7005,22
21200,ok,49.8757,49.8757,14
21201,ok,48.4413,48.4413,28
21202,ok,27.1691,27.1691,25
21203,ok,36.4329,36.4329,20
21204,ok,28.0629,28.0629,18
21205,ok,36.6037,36.6037,18
21206,ok,48.4200,47.3341,22
21207,ok,48.2245,48.2245,34
21208,ok,24.4499,24.4499,37
21209,ok,38.0569,38.0569,23
2121,ok,41.9093,41.9093,33
21210,ok,46.1483,46.1483,11
21211,ok,47.4254,47.4254,12
21212,ok,41.9444,41.9444,9
21213,ok,16.2586,16.2586,24
21214,ok,22.2896,22.2896,24
21215,ok,30.9109,30.9109,35
21216,ok,20.9277,20.9277,18
21217,ok,44.1029,44.1029,38
21218,ok,28.4310,28.4310,11
21219,ok,54.1555,48.2498,11
2122,ok,47.2324,47.2324,23
21220,ok,46.9341,46.9341,23
21221,ok,41.1522,41.1522,29
21222,ok,22.4783,22.4783,12
21223,ok,44.3970,44.3970,21
21224,ok,39.7640,39.7640,26
21225,ok,22.0743,22.0743,29
21226,ok,46.1679,46.1679,40
21227,ok,37.1062,37.1062,23
21228,ok,32.1148,32.1148,29
21229,ok,23.7704,23.7704,31
2123,ok,43.0508,43.0508,22
21230,ok,48.8174,48.8174,12
21231,ok,45.4957,45.4957,36
21232,ok,25.7070,25.7070,28
21233,ok,26.6332,26.6332,30
21234,ok,37.2872,37.2871,24
21235,ok,40.7193,40.7193,18
21236,ok,44.2882,44.2882,15
21237,ok,30.7036,30.7035,23
21238,ok,27.6946,27.6946,38
21239,ok,24.2086,24.2086,35
2124,ok,49.5522,49.5522,22
21240,ok,29.3831,29.3831,46
21241,ok,20.3328,20.3328,12
21242,ok,43.2765,43.2765,13
21243,ok,34.0183,34.0183,22
21244,ok,47.4105,47.4105,28
21245,ok,19.2272,19.2272,14
21246,ok,43.0358,43.0358,21
21247,ok,49.4064,49.4064,22
21248,ok,31.6581,31.6581,41
21249,ok,42.5392,42.5392,24
2125,ok,38.7884,38.7884,13
21250,ok,47.4966,47.4966,29
21251,ok,41.2730,41.2730,16
21252,ok,44.2367,44.2367,18
21253,ok,45.1789,44.6855,27
21254,ok,34.6832,34.6832,32
21255,ok,49.8166,49.8166,14
21256,ok,27.7470,27.7470,29
21258,ok,37.3465,37.3465,23
21259,ok,35.0915,35.0915,30
2126,ok,43.1878,43.1878,20
21260,ok,37.4989,37.4989,22
21261,ok,38.8467,38.8467,27
21262,ok,36.9986,36.9986,12
21263,ok,41.9027,41.9027,36
21264,ok,21.3661,20.6128,16
21265,ok,39.1999,39.1999,16
21266,ok,46.7097,46.7097,25
21267,ok,40.9050,40.9050,31
21268,ok,48.5359,48.5359,31
21269,ok,31.5640,31.5640,34
2127,ok,43.5936,43.5936,14
21270,ok,50.0147,44.5605,12
21271,ok,46.1199,46.1199,32
21272,ok,29.4133,29.4133,18
21273,ok,32.7629,32.7629,21
21274,ok,42.4497,37.8205,12
21275,ok,48.7082,48.7082,26
21276,ok,41.9758,41.9758,21
21277,ok,49.8225,49.8225,16
21278,ok,49.5234,49.5234,17
21279,ok,43.5193,43.5193,28
2128,ok,42.2216,42.2216,18
21280,ok,48.0922,48.0922,54
21281,ok,32.0704,32.0704,16
21282,ok,47.3188,47.3188,25
21283,ok,33.4250,33.4250,37
21284,ok,48.5601,48.5601,23
21285,ok,49.6457,49.6457,17
21286,ok,38.4529,34.2595,18
21287,ok,30.6877,30.6877,16
21288,ok,47.4462,47.4462,21
21289,ok,44.4820,42.2336,36
2129,ok,37.7885,37.7885,17
21290,ok,45.4195,45.4195,21
21291,ok,39.8094,39.8094,34
21292,ok,36.8660,36.8660,31
21293,ok,42.0579,42.0579,20
21294,ok,24.5593,24.5593,17
21295,ok,40.5049,40.5049,29
21296,ok,51.4030,45.7974,19
21297,ok,47.0561,47.0561,25
21298,ok,41.1846,41.1846,28
21299,ok,24.7592,24.7592,26
213,ok,46.7165,46.7165,32
2130,ok,39.8966,39.8966,28
21301,ok,43.0943,43.0943,23
21302,ok,31.9468,31.9468,26
21303,ok,18.3755,18.3755,34
21304,ok,49.2191,49.2191,18
21305,ok,45.5644,45.5644,15
21306,ok,30.9206,30.9206,29
21307,ok,30.3373,30.3373,29
21308,ok,39.9893,39.9893,15
21309,ok,31.8934,31.8934,16
2131,ok,49.6249,49.6249,29
21310,ok,44.5598,44.5598,12
21311,ok,35.0809,35.0809,14
21312,ok,43.1211,43.1211,15
21313,ok,39.0763,39.0763,13
21314,ok,46.8990,46.8990,15
21315,ok,44.8934,44.8934,25
21316,ok,48.4752,48.4752,37
21317,ok,44.0621,44.0621,30
21318,ok,47.2166,47.2166,19
21319,ok,49.8673,49.8673,29
2132,ok,45.4354,45.4354,18
21320,ok,41.4352,41.4352,21
21321,ok,36.4779,36.4779,8
21322,ok,40.3631,40.3631,13
21323,ok,45.3032,45.3032,24
21324,ok,16.0931,16.0931,13
21325,ok,49.3755,49.3755,18
21326,ok,44.7884,44.7884,18
21327,ok,35.4596,35.4596,28
21328,ok,32.4572,32.4572,18
21329,ok,33.5297,33.5297,32
2133,ok,42.5016,42.5016,42
21330,ok,45.8683,45.8683,13
21332,ok,40.4258,39.2384,20
21333,ok,33.9918,33.9918,30
21334,ok,48.2811,48.2811,27
21335,ok,35.1995,35.1995,22
21336,ok,47.5100,47.5100,42
21338,ok,38.8357,38.8357,21
21339,ok,30.7130,30.7130,15
2134,ok,46.2227,46.2227,30
21340,ok,37.4307,37.4307,21
21341,ok,49.2348,49.2348,24
21342,ok,40.0553,40.0553,20
21343,ok,47.2437,42.1006,9
21344,ok,39.9003,39.9003,21
21345,ok,40.3000,35.9052,30
21346,ok,47.8512,47.8512,14
21347,ok,28.2408,28.2408,12
21348,ok,32.7459,32.7459,18
21349,ok,38.1488,38.1488,23
2135,ok,43.1623,43.1623,28
21350,ok,43.9544,43.9544,14
21351,ok,34.6732,34.6732,17
21352,ok,31.1571,31.1571,19
21353,ok,42.2059,42.2059,13
21354,ok,37.6721,37.6721,30
21355,ok,36.5376,36.5376,26
21356,ok,28.0611,28.0611,27
21357,ok,48.1323,48.1323,30
21358,ok,36.7250,36.7250,16
21359,ok,25.4140,25.4140,17
2136,ok,47.8518,47.8518,24
21360,ok,20.0292,20.0292,33
21361,ok,29.3438,29.3438,26
21362,ok,43.4625,43.4625,40
21363,ok,45.9525,45.9525,19
21364,ok,42.9380,42.9380,24
21365,ok,41.9509,41.9509,25
21366,ok,37.8873,37.8873,27
21367,ok,18.8931,18.8931,13
21368,ok,36.9223,36.9223,14
21369,ok,42.7415,42.7415,17
2137,ok,25.3003,25.3003,19
21370,ok,38.7731,38.7731,23
21371,ok,32.1505,32.1505,37
21372,ok,43.6297,43.6297,17
21373,ok,49.9876,49.9876,16
21374,ok,49.9312,49.9312,32
21375,ok,49.6260,49.6260,16
21376,ok,44.3222,44.3222,31
21377,ok,36.7972,36.7972,16
21378,ok,34.0905,34.0905,23
21379,ok,35.4609,35.4609,31
2138,ok,40.5574,40.5574,29
21380,ok,49.5935,49.5935,22
21381,ok,27.8095,27.8095,24
21382,ok,44.8939,44.8939,12
21383,ok,48.3264,48.3264,33
21384,ok,32.1923,32.1923,28
21385,ok,48.7089,48.7089,16
21386,ok,37.6180,37.6180,28
21387,ok,49.3642,49.3642,23
21388,ok,29.7485,29.7485,24
2139,ok,28.5860,28.5860,16
21390,ok,38.5328,38.5328,24
21391,ok,284.0106,28.9241,35
21392,ok,35.9692,35.9692,30
21393,ok,22.7735,22.7735,23
21394,ok,40.5541,40.5541,10
21396,ok,34.0924,34.0924,29
21397,ok,43.8101,43.8101,26
21398,ok,43.4106,43.4106,18
21399,ok,27.6304,27.6304,20
214,ok,42.9366,42.9366,23
2140,ok,38.3926,38.3926,23
21400,ok,41.0880,41.0880,34
21401,ok,45.2260,45.2260,19
21402,ok,47.9378,47.0273,26
21403,ok,41.4962,41.4962,43
21404,ok,47.7565,47.7565,49
21405,ok,48.0200,48.0200,42
21406,ok,41.9893,41.9893,33
21407,ok,39.9854,39.9854,16
21408,ok,25.5770,25.5770,18
21409,ok,43.3346,43.3346,13
2141,ok,43.3126,43.3126,24
21410,ok,42.9587,42.9587,28
21411,ok,49.0243,49.0243,25
21412,ok,47.4970,47.4970,45
21413,ok,46.0256,46.0256,31
21414,ok,19.9419,19.9419,17
21415,ok,38.7557,38.7557,47
21416,ok,38.8367,38.8367,17
21417,ok,33.6138,33.6138,12
21418,ok,28.0081,28.0081,29
21419,ok,38.9559,38.9559,33
2142,ok,35.3140,35.3140,27
21420,ok,37.1697,37.1697,18
21421,ok,48.0792,48.0792,34
21422,ok,43.2079,43.2079,12
21423,ok,45.1708,45.1708,25
21424,ok,43.0992,43.0992,44
21425,ok,42.4637,42.4637,24
21426,ok,27.7741,27.7741,10
21427,ok,34.3521,34.3521,22
21428,ok,46.5419,46.5419,31
21429,ok,37.0310,37.0310,24
2143,ok,26.7805,26.7805,15
21430,ok,49.0107,49.0107,20
21431,ok,40.4469,40.4469,24
21432,ok,46.6588,46.6588,16
21433,ok,44.6793,44.6793,21
21434,ok,48.0120,48.0120,23
21435,ok,48.4338,48.4338,16
21436,ok,39.6408,39.6408,18
21437,ok,40.8495,40.8495,13
21438,ok,40.1067,40.1067,27
21439,ok,37.9342,37.9342,25
2144,ok,29.5191,28.7035,18
21440,ok,47.9954,47.9954,24
21441,ok,36.5053,36.5053,20
21442,ok,31.9989,31.9989,33
21443,ok,44.4618,44.4618,26
21444,ok,47.5196,47.5196,26
21445,ok,48.5279,48.5279,14
21446,ok,26.8977,26.8977,29
21447,ok,46.0387,46.0387,17
21448,ok,30.7446,30.7446,23
21449,ok,40.8530,40.8530,31
2145,ok,40.9594,40.9594,42
21450,ok,43.7454,43.7454,17
21452,ok,46.3405,46.3405,19
21453,ok,49.2283,49.2283,30
21454,ok,31.3107,31.3107,27
21455,ok,48.3720,48.3720,21
21456,ok,305.4494,43.6098,31
21457,ok,47.0469,47.0469,14
21458,ok,42.1949,42.1949,18
21459,ok,22.1046,22.1046,14
2146,ok,40.4942,40.4942,17
21460,ok,48.6947,48.6947,43
21461,ok,41.6145,41.6145,36
21462,ok,38.5638,38.5638,11
21463,ok,37.8534,37.8534,24
21464,ok,37.9415,37.9415,14
21465,ok,39.8935,39.8935,27
21466,ok,39.4172,39.4171,14
21467,ok,46.5238,46.5238,30
21468,ok,43.7164,43.7164,8
21469,ok,46.7179,46.7179,15
2147,ok,49.2050,49.2050,18
21470,ok,46.4361,46.4361,15
21471,ok,40.6305,40.6305,24
21472,ok,27.6011,27.6011,10
21473,ok,42.3378,42.3378,16
21474,ok,28.2748,28.2748,27
21475,ok,48.6169,48.6169,15
21476,ok,43.5779,43.5779,33
21477,ok,47.4082,47.4082,23
21478,ok,47.3911,47.3911,27
21479,ok,36.6688,33.7944,21
2148,ok,41.0628,41.0628,18
21480,ok,36.8896,36.8896,11
21481,ok,38.0625,38.0625,27
21482,ok,43.6915,43.6915,24
21484,ok,25.9579,25.9579,30
21485,ok,47.1784,47.1784,18
21486,ok,16.3897,16.3897,19
21487,ok,44.8452,44.8452,37
21488,ok,42.0074,42.0074,18
21489,ok,35.8477,35.8477,24
2149,ok,33.9364,33.9364,15
21490,ok,34.2147,34.2147,40
21491,ok,33.9119,33.9119,17
21492,ok,46.4864,46.4864,33
21493,ok,41.7040,41.7040,24
21494,ok,49.4700,49.4700,13
21495,ok,31.5301,31.5301,29
21496,ok,49.3643,49.3643,16
21497,ok,40.4506,40.4506,32
21498,ok,31.7548,31.7548,25
21499,ok,49.4380,49.4380,37
215,ok,44.5795,44.5795,15
2150,ok,39.7901,39.7901,38
21500,ok,46.6122,46.3271,18
21501,ok,46.6551,46.6551,17
21502,ok,30.3142,30.3142,20
21503,ok,43.9081,43.9081,18
21504,ok,42.1894,42.1894,17
21505,ok,44.0158,44.0158,30
21506,ok,46.0082,46.0082,45
21507,ok,51.6459,46.0138,22
21508,ok,48.8917,48.8917,24
21509,ok,48.0989,48.0989,29
2151,ok,19.6393,19.1669,24
21510,ok,33.5371,33.5371,35
21511,ok,32.7446,32.7446,20
21512,ok,48.2498,48.2498,23
21513,ok,47.1009,47.1009,22
21514,ok,39.3610,35.0686,19
21515,ok,31.7165,30.2245,20
21516,ok,45.8796,45.8796,32
21517,ok,48.0617,48.0617,25
21518,ok,49.6166,49.6166,15
21519,ok,36.4353,36.4353,26
2152,ok,42.5887,42.5887,39
21520,ok,45.4792,45.4792,22
21521,ok,39.4575,39.4575,14
21522,ok,42.0535,42.0535,18
21523,ok,36.7225,36.7225,24
21524,ok,41.6363,41.6363,17
21525,ok,36.9297,36.9297,29
21526,ok,49.9612,49.9612,19
21527,ok,49.7520,49.7520,34
21528,ok,46.6746,46.6746,22
21529,ok,24.2961,24.2961,21
2153,ok,42.1758,42.1758,30
21530,ok,49.0643,49.0643,12
21531,ok,45.4041,45.4041,26
21532,ok,46.0578,46.0578,12
21533,ok,32.5823,32.5823,44
21534,ok,30.3906,30.3906,15
21535,ok,47.1438,47.1438,23
21536,ok,39.0503,39.0503,31
21537,ok,42.0847,42.0847,22
21538,ok,24.0467,24.0467,24
21539,ok,47.3184,47.3184,22
2154,ok,42.9430,42.9430,19
21540,ok,18.5966,18.5966,35
21541,ok,36.6809,36.6809,31
21542,ok,38.3053,38.3053,46
21543,ok,46.9342,46.9342,28
21545,ok,28.2201,28.2201,20
21546,ok,37.3045,37.3045,19
21547,ok,41.8759,41.8759,25
21548,ok,47.9687,47.9687,33
21549,ok,49.1155,49.1155,17
2155,ok,48.5061,48.5061,25
21550,ok,41.9607,41.9607,20
21551,ok,34.2817,34.2817,20
21552,ok,49.2209,49.2209,33
21553,ok,38.8128,38.8128,18
21554,ok,40.7817,40.7817,20
21555,ok,49.4990,49.4990,17
21556,ok,45.1223,45.1223,22
21557,ok,38.2350,38.2350,26
21558,ok,37.8119,37.8119,15
21559,ok,31.9278,31.9278,28
2156,ok,48.6057,48.6057,31
21560,ok,49.0239,49.0239,23
21561,ok,33.7512,33.7512,22
21562,ok,46.7339,46.7339,30
21563,ok,49.3545,49.3545,14
21564,ok,45.9954,45.9954,27
21565,ok,43.6621,43.6621,14
21566,ok,44.8182,44.8182,23
21567,ok,49.3405,49.3405,20
21568,ok,34.0400,34.0400,30
21569,ok,27.4458,27.4458,15
2157,ok,42.5694,42.5694,20
21570,ok,47.9492,47.9492,25
21571,ok,31.0548,31.0548,17
21572,ok,40.8054,40.8054,19
21573,ok,27.0273,27.0273,10
21574,ok,27.2875,27.2875,28
21575,ok,45.3332,45.3332,19
21576,ok,40.2308,40.2308,17
21577,ok,47.0579,47.0577,25
21578,ok,37.3924,37.3924,38
21579,ok,44.2135,44.2135,26
2158,ok,40.7395,40.7395,38
21580,ok,39.7430,39.7430,14
21581,ok,46.4938,46.4938,34
21582,ok,37.2968,37.2968,33
21583,ok,49.1883,49.1883,11
21584,ok,48.8310,48.8310,15
21585,ok,33.7301,33.7301,23
21586,ok,39.4737,39.4737,27
21587,ok,28.9286,28.9286,27
21588,ok,43.7631,43.7631,44
21589,ok,33.3299,33.3299,39
2159,ok,31.7346,31.7346,31
21590,ok,44.4600,44.4600,23
21591,ok,16.0692,16.0692,9
21592,ok,34.1361,34.1361,33
21593,ok,41.3701,41.3701,36
21594,ok,38.2763,38.2763,14
21595,ok,45.9336,45.9336,19
21596,ok,47.4213,47.4213,15
21597,ok,35.7883,35.7883,30
21598,ok,46.9302,46.9302,15
21599,ok,42.0048,42.0048,12
216,ok,23.7413,23.7413,20
2160,ok,61.7266,38.3375,50
21600,ok,44.9236,44.9236,12
21601,ok,48.1547,48.1547,15
21602,ok,35.7978,35.7978,15
21603,ok,49.4449,49.4449,31
21604,ok,49.6279,49.6279,31
21605,ok,42.5721,42.5721,16
21606,ok,48.4078,48.4078,29
21607,ok,27.6731,27.6731,16
21608,ok,39.7267,39.7267,23
21609,ok,48.6468,48.6468,29
2161,ok,22.9200,22.9200,28
21610,ok,18.0830,18.0830,19
21611,ok,40.9177,40.9177,29
21612,ok,38.5517,38.5517,18
21613,ok,48.7840,48.7840,29
21614,ok,37.3078,37.3078,18
21615,ok,28.8476,28.8476,15
21616,ok,28.8255,28.8255,11
21617,ok,49.5090,49.5090,30
21618,ok,40.1345,40.1345,42
21619,ok,31.2788,31.2788,33
2162,ok,30.2245,30.2245,38
21620,ok,37.8935,37.8935,23
21621,ok,39.5665,39.5665,13
21622,ok,43.5283,43.5283,35
21623,ok,42.7498,42.7498,22
21625,ok,30.3360,30.3360,23
21626,ok,48.3645,48.3645,24
21627,ok,43.9888,43.9888,29
21628,ok,47.1948,47.1948,16
21629,ok,41.4019,41.4019,26
2163,ok,45.5558,45.5558,9
21630,ok,43.1380,43.1380,27
21631,ok,40.3063,40.3063,15
21632,ok,46.1511,46.1511,33
21633,ok,37.5255,37.5255,23
21634,ok,45.6399,45.6399,18
21635,ok,45.9779,45.9779,35
21636,ok,46.6157,46.6157,23
21637,ok,49.0637,49.0637,16
21638,ok,33.3369,33.3369,15
21639,ok,46.5206,46.5206,25
2164,ok,47.6584,47.6584,22
21640,ok,32.7994,32.7994,36
21641,ok,45.8736,45.8736,42
21642,ok,36.0139,36.0139,34
21643,ok,38.7740,38.7740,20
21644,ok,47.2215,47.2215,26
21645,ok,48.0539,48.0539,28
21646,ok,47.0526,47.0526,14
21647,ok,41.4162,41.4162,42
21649,ok,33.4594,33.1150,28
21650,ok,31.8838,31.8838,27
21651,ok,49.6282,49.6282,8
21652,ok,42.4919,42.4919,18
21653,ok,49.5668,49.5668,22
21654,ok,31.9677,31.9677,27
21655,ok,46.6016,46.6016,18
21656,ok,44.9655,44.9655,34
21657,ok,43.1580,43.1580,30
21658,ok,47.8237,47.8237,17
21659,ok,33.9237,33.9237,21
2166,ok,46.5961,46.5961,28
21660,ok,26.4722,26.4722,31
21661,ok,29.0824,29.0824,25
21662,ok,41.4660,41.4660,35
21663,ok,25.1274,25.1274,19
21664,ok,42.5569,42.5569,31
21665,ok,48.9684,48.9684,11
21666,ok,48.9202,48.9202,29
21667,ok,49.9339,49.9339,22
21668,ok,37.9856,37.9856,17
21669,ok,40.1687,40.1687,20
2167,ok,49.9219,49.9219,18
21670,ok,31.0315,31.0315,23
21671,ok,45.0438,45.0438,18
21672,ok,43.8718,43.8718,28
21673,ok,38.1121,38.1121,46
21674,ok,48.5099,48.5099,18
21675,ok,39.0329,39.0329,31
21676,ok,38.4045,37.9065,26
21677,ok,28.6569,28.6569,27
21678,ok,43.0491,43.0491,32
21679,ok,35.2379,35.2379,17
2168,ok,47.2622,47.2622,14
21680,ok,43.1981,42.9367,22
21681,ok,48.9681,48.9681,28
21682,ok,30.1332,30.1332,17
21683,ok,45.6221,45.6221,29
21684,ok,41.4316,41.4316,32
21685,ok,49.1663,49.1663,28
21686,ok,146.2399,49.4143,25
21687,ok,49.3036,49.3036,22
21688,ok,47.8254,47.8254,30
21689,ok,47.8185,47.8185,16
2169,ok,47.9211,47.9211,15
21690,ok,41.6730,41.6730,13
21691,ok,33.2613,32.3488,17
21692,ok,34.1615,34.1615,12
21693,ok,27.3485,27.3485,29
21694,ok,26.3659,26.3659,18
21695,ok,34.5549,34.5549,19
21696,ok,44.5180,44.5180,19
21697,ok,19.7986,19.7986,16
21698,ok,44.7993,44.7993,12
21699,ok,40.6055,40.6055,15
217,ok,50.1906,48.0276,14
2170,ok,43.3715,43.3715,12
21700,ok,40.9096,40.9096,30
21701,ok,33.1272,33.1272,10
21702,ok,36.8102,36.8102,20
21703,ok,48.0285,48.0285,24
21704,ok,36.8070,36.8070,23
21705,ok,42.9271,42.9271,28
21706,ok,45.3052,44.3730,18
21707,ok,19.9318,19.9318,33
21708,ok,35.9704,35.9704,23
21709,ok,49.2001,49.2001,28
2171,ok,28.8483,28.8483,19
21710,ok,43.4367,43.4367,28
21711,ok,31.7675,31.7675,18
21712,ok,49.8521,49.8521,20
21713,ok,31.6874,31.5228,31
21714,ok,41.9777,41.9777,21
21716,ok,38.9658,38.9658,27
21717,ok,45.7957,45.7957,22
21718,ok,34.2563,34.2563,22
21719,ok,46.9828,46.9828,24
2172,ok,41.9719,41.9719,20
21720,ok,43.3127,43.3127,24
21721,ok,48.3083,48.3083,22
21722,ok,35.3079,35.3079,23
21723,ok,48.1666,48.1666,33
21724,ok,45.5008,45.5008,40
21725,ok,49.4546,49.4546,13
21726,ok,48.4902,48.4902,16
21727,ok,25.1689,25.1689,32
21728,ok,30.0675,30.0675,26
21729,ok,45.2339,45.2339,19
2173,ok,45.3442,45.3442,22
21730,ok,36.6897,36.6897,32
21731,ok,27.9965,27.9965,36
21732,ok,47.6019,47.6019,27
21733,ok,45.3777,45.3777,30
21734,ok,37.7213,37.7213,26
21735,ok,25.7007,25.7007,16
21736,ok,47.6956,47.6956,24
21737,ok,42.0211,42.0211,20
21739,ok,47.7806,47.7806,34
2174,ok,37.3401,37.3401,17
21740,ok,44.5137,44.5137,28
21741,ok,44.2091,44.2091,37
21742,ok,25.7337,25.7337,19
21743,ok,34.5677,34.5677,23
21744,ok,49.2008,49.2008,35
21745,ok,43.7278,43.7278,15
21746,ok,43.2027,43.2027,22
21747,ok,40.3120,40.3120,19
21748,ok,43.5670,43.5670,13
21749,ok,44.8574,44.8574,22
2175,ok,25.7918,25.7918,12
21750,ok,39.4862,39.4862,21
21751,ok,29.8621,29.8621,24
21752,ok,48.8281,48.8281,22
21753,ok,38.3112,38.3112,25
21754,ok,34.0110,34.0110,27
21755,ok,57.7304,45.0010,17
21756,ok,42.0568,42.0568,14
21757,ok,46.6209,46.6209,29
21758,ok,49.0558,49.0558,29
21759,ok,47.0432,47.0432,18
2176,ok,43.7411,43.7411,27
21760,ok,47.4738,47.4738,24
21761,ok,46.9265,46.9265,34
21762,ok,39.3668,39.3668,28
21763,ok,34.2423,34.2423,21
21764,ok,45.1131,45.1131,26
21765,ok,28.8547,28.8547,23
21766,ok,43.2095,43.2095,10
21767,ok,49.1569,49.1569,22
21768,ok,42.3022,42.3022,14
2177,ok,47.3268,47.3268,25
21770,ok,34.2809,34.2809,15
21771,ok,30.5565,30.5565,13
21772,ok,28.0887,28.0887,19
21773,ok,42.2559,42.2559,8
21774,ok,36.1165,36.1165,22
21775,ok,41.6572,41.6572,11
21776,ok,48.7321,48.7321,17
21777,ok,49.8809,49.8809,21
21778,ok,30.8916,29.3580,16
21779,ok,25.3394,25.1688,17
2178,ok,41.4569,41.4569,19
21780,ok,43.9997,43.9997,29
21781,ok,36.3721,36.3721,24
21782,ok,28.2485,28.2485,16
21783,ok,27.5564,27.5564,38
21784,ok,47.1088,47.1088,25
21785,ok,39.0541,39.0541,25
21786,ok,40.5148,40.5148,28
21787,ok,46.5165,46.5165,28
21788,ok,42.1016,42.1016,18
21789,ok,39.5448,38.5049,39
2179,ok,48.6831,48.6831,21
21790,ok,42.1962,42.1962,40
21791,ok,20.5169,20.5169,22
21792,ok,35.3089,35.3089,20
21793,ok,39.7784,39.7784,17
21794,ok,41.4909,41.4909,20
21795,ok,49.9921,49.9921,21
21796,ok,16.8212,16.8212,22
21797,ok,40.8675,40.1412,23
21798,ok,47.0836,47.0836,26
21799,ok,45.4605,45.4605,15
218,ok,49.3288,49.3288,24
21800,ok,43.4678,43.4678,30
21801,ok,41.8994,41.8994,32
21802,ok,22.4837,22.4837,28
21803,ok,21.9258,21.9258,33
21804,ok,29.7203,29.3982,18
21805,ok,48.3509,48.3509,18
21806,ok,34.2774,34.2774,23
21807,ok,43.8786,43.4765,22
21808,ok,44.8449,44.8449,22
21809,ok,46.6233,46.6233,28
2181,ok,42.8844,42.8844,14
21810,ok,20.2314,20.2314,18
21811,ok,49.9607,49.9607,18
21812,ok,49.6433,49.6433,21
21813,ok,43.2822,42.3107,19
21815,ok,41.8085,41.8085,38
21816,ok,29.3354,29.3354,15
21817,ok,36.5668,36.5668,37
21818,ok,35.6803,35.6803,44
21819,ok,33.0156,33.0156,40
2182,ok,44.6477,44.6477,22
21820,ok,42.9995,42.9995,25
21821,ok,40.5478,40.5478,18
21823,ok,35.3282,35.1899,46
21824,ok,44.0874,44.0874,18
21825,ok,44.3939,44.3939,28
21826,ok,14.9691,14.9691,27
21827,ok,29.4919,29.4919,19
21828,ok,43.5141,43.5141,17
21829,ok,48.3612,48.3612,23
2183,ok,45.8174,45.8174,12
21830,ok,44.9596,44.9596,33
21831,ok,30.5977,30.5977,35
21832,ok,49.6282,49.6282,20
21833,ok,42.1800,42.1800,17
21834,ok,30.8242,30.8242,35
21835,ok,42.2649,42.2649,26
21836,ok,49.1888,49.1888,23
21837,ok,49.8998,49.8998,16
21838,ok,47.2021,47.2021,30
21839,ok,45.8259,45.8259,16
2184,ok,49.7169,49.7169,37
21840,ok,49.4289,49.4289,13
21841,ok,23.3784,22.4772,17
21842,ok,41.9003,41.9003,26
21843,ok,49.8739,49.8739,26
21844,ok,33.2576,33.2576,19
21845,ok,49.1296,49.1296,22
21846,ok,31.1707,31.1707,33
21847,ok,48.1505,48.1505,31
21848,ok,25.5099,25.5099,21
21849,ok,38.4512,38.4512,22
2185,ok,39.6370,39.6370,20
21850,ok,34.2911,34.2911,36
21851,ok,49.5722,49.5722,30
21852,ok,39.7776,39.7776,27
21853,ok,36.9619,36.9619,20
21854,ok,44.4567,44.4567,17
21855,ok,49.4601,49.4601,16
21856,ok,43.0972,43.0719,20
21857,ok,42.0525,42.0525,35
21858,ok,29.1324,29.1324,26
21859,ok,40.2502,40.2502,18
2186,ok,39.7815,39.7815,20
21860,ok,49.8450,49.8450,15
21861,ok,47.3687,47.3687,41
21862,ok,47.5832,47.5832,25
21863,ok,37.8417,37.8417,15
21864,ok,36.7124,36.7124,33
21865,ok,34.7303,34.7303,19
21866,ok,45.6277,45.6277,18
21867,ok,30.5960,30.5960,14
21868,ok,31.3087,31.3087,19
21869,ok,45.0039,45.0039,38
2187,ok,33.5416,33.5416,26
21870,ok,31.7917,31.7917,18
21871,ok,45.3358,45.3358,42
21872,ok,36.3315,36.3315,10
21873,ok,41.9280,41.9280,18
21874,ok,34.9248,34.9248,32
21875,ok,37.5547,37.5547,32
21876,ok,49.4392,49.4392,17
21877,ok,40.2655,40.2655,21
21878,ok,43.5202,43.5202,24
21879,ok,40.7558,40.7558,10
2188,ok,48.1968,48.1968,46
21880,ok,39.3844,39.3844,25
21881,ok,48.6402,48.6402,17
21882,ok,27.5987,27.5987,19
21883,ok,46.4691,46.3691,22
21884,ok,50.4114,44.9139,31
21885,ok,40.5229,40.5229,21
21886,ok,42.0502,42.0502,22
21887,ok,24.4187,24.4187,25
21888,ok,32.1973,32.1973,28
21889,ok,33.8361,33.7574,22
2189,ok,45.8784,45.8784,41
21890,ok,35.3277,35.3277,18
21891,ok,48.0297,48.0297,45
21892,ok,38.5407,38.5407,17
21893,ok,44.4245,44.4245,32
21894,ok,41.9913,41.9913,24
21895,ok,39.3301,39.3301,20
21896,ok,31.5562,31.5562,18
21897,ok,34.3249,34.3249,22
21898,ok,43.0261,43.0261,24
21899,ok,22.3616,22.3616,30
219,ok,45.3058,45.3058,29
2190,ok,48.9470,48.9470,33
21900,ok,42.4848,42.4848,23
21901,ok,43.6569,43.6569,39
21902,ok,39.4952,39.4952,26
21903,ok,41.6579,41.6579,26
21904,ok,49.1073,49.1073,24
21905,ok,34.0844,34.0844,31
21906,ok,46.2343,43.1481,17
21907,ok,36.1473,36.1473,50
21908,ok,36.2313,36.2313,23
21909,ok,48.2981,48.2981,15
2191,ok,43.6598,43.6598,22
21910,ok,46.3020,46.3020,11
21911,ok,47.1607,47.1607,28
21912,ok,40.3774,40.3774,30
21913,ok,38.8401,38.8401,21
21914,ok,18.4523,18.4523,13
21915,ok,37.2936,37.2936,22
21916,ok,47.2186,45.6508,44
21917,ok,45.2455,45.2455,18
21918,ok,31.1227,31.1227,12
21919,ok,37.3157,37.3157,39
2192,ok,40.9550,40.9550,22
21920,ok,46.0395,46.0395,19
21921,ok,41.1316,41.1316,14
21922,ok,47.6251,47.6251,30
21923,ok,40.5969,40.5969,32
21924,ok,29.0802,29.0802,20
21925,ok,28.3101,28.3101,22
21926,ok,34.6873,34.6873,18
21927,ok,44.7918,44.7918,38
21928,ok,32.3936,32.3936,28
21929,ok,44.0041,44.0041,15
2193,ok,38.7201,38.7201,23
21930,ok,26.6970,26.2577,20
21931,ok,35.6428,35.6428,30
21932,ok,38.5756,38.5756,15
21933,ok,48.4655,48.4655,39
21934,ok,22.4423,22.4423,27
21935,ok,26.4836,26.3078,20
21936,ok,48.5308,48.5308,23
21937,ok,45.8278,45.8278,25
21938,ok,45.5709,45.5709,14
21939,ok,34.7736,34.7736,23
2194,ok,33.6976,33.6976,15
21940,ok,32.4112,32.4112,16
21941,ok,47.7183,47.7183,22
21942,ok,46.0820,46.0820,19
21943,ok,35.3386,35.3386,14
21944,ok,26.8265,26.8265,22
21945,ok,31.0265,31.0265,30
21946,ok,47.5737,47.5737,37
21947,ok,49.7689,49.7689,16
21948,ok,42.7843,42.7843,27
21949,ok,45.5364,45.5364,32
2195,ok,45.1695,45.1695,40
21950,ok,36.8070,35.9123,39
21951,ok,43.1220,43.1220,26
21952,ok,47.0230,47.0230,17
21953,ok,44.2203,44.2203,13
21954,ok,36.6508,36.6508,14
21955,ok,49.2239,49.2239,36
21956,ok,48.3404,48.3404,16
21957,ok,43.8930,43.8930,41
21958,ok,47.7192,47.7192,21
21959,ok,21.2628,21.0891,32
2196,ok,41.5585,41.5585,28
21960,ok,35.5682,35.5682,24
21961,ok,35.7022,35.7022,29
21962,ok,38.8154,38.8154,16
21963,ok,37.4354,37.4354,16
21964,ok,49.4482,49.4482,44
21965,ok,45.9621,45.9621,19
21966,ok,35.0395,35.0395,21
21967,ok,34.8907,34.8907,27
21968,ok,42.7006,42.7006,37
21969,ok,36.4991,36.4991,32
2197,ok,42.8736,42.8736,18
21970,ok,42.2245,42.2245,38
21971,ok,43.9091,39.1207,11
21972,ok,45.1693,45.1693,11
21973,ok,45.7087,45.7087,28
21974,ok,44.9402,44.9402,22
21975,ok,43.4882,43.4882,21
21976,ok,19.0754,19.0754,20
21977,ok,39.2594,39.2594,18
21978,ok,45.8388,45.8388,16
2198,ok,36.8035,36.8035,28
21980,ok,38.8084,38.8084,25
21981,ok,24.9841,24.9841,14
21982,ok,23.6568,23.6568,33
21983,ok,39.6672,39.6672,23
21984,ok,49.1453,49.1453,28
21985,ok,35.6975,35.6975,11
21986,ok,49.7290,49.7290,31
21988,ok,39.7140,39.7140,13
21989,ok,52.2275,46.5320,19
2199,ok,47.5775,47.5775,19
21990,ok,46.7779,46.7779,30
21991,ok,36.1488,36.1488,11
21992,ok,49.7924,49.7924,32
21993,ok,41.8287,41.8287,16
21994,ok,48.5143,48.5143,21
21995,ok,41.9807,41.9807,14
21996,ok,38.0611,38.0611,27
21997,ok,40.5436,40.5436,37
21998,ok,47.6604,47.6604,15
21999,ok,46.1491,46.1491,15
22,ok,49.1077,49.1077,20
220,ok,40.4421,40.4421,24
2200,ok,25.5109,25.5109,39
22000,ok,39.2023,39.2023,19
22001,ok,45.3272,45.3272,28
22002,ok,48.8812,48.8812,15
22003,ok,47.1824,47.1824,20
22004,ok,37.9830,36.6138,30
22005,ok,48.4889,48.4889,17
22006,ok,39.7780,39.7780,12
22007,ok,46.8189,46.8189,18
22008,ok,44.9406,44.9406,24
22009,ok,46.2075,46.2075,31
2201,ok,44.9998,44.9998,26
22010,ok,51.1168,49.8416,22
22011,ok,48.7169,48.7169,27
22012,ok,44.4766,44.4766,16
22013,ok,37.8945,37.8945,28
22014,ok,48.2527,48.2527,15
22015,ok,42.0667,42.0667,23
22016,ok,45.6612,45.6612,18
22017,ok,48.2068,48.2068,24
22018,ok,32.5070,32.5070,21
22019,ok,32.3062,32.3062,14
2202,ok,43.6016,43.6016,18
22020,ok,44.9227,44.9227,22
22021,ok,42.9308,42.9308,29
22022,ok,49.5115,49.5115,22
22023,ok,44.4826,44.4826,26
22025,ok,50.1588,48.9714,23
22026,ok,30.9027,30.9027,34
22027,ok,38.4702,38.4702,17
22028,ok,38.2722,38.2722,10
22029,ok,37.6799,37.6799,35
2203,ok,36.3303,36.3303,17
22030,ok,41.2537,41.2537,19
22031,ok,17.9251,17.9251,14
22032,ok,45.8180,45.8180,25
22033,ok,49.1251,49.1251,16
22034,ok,34.3256,34.3256,16
22035,ok,48.5944,48.5944,34
22036,ok,36.7077,36.7077,27
22037,ok,22.5176,22.5176,28
22038,ok,49.0776,49.0776,26
22039,ok,36.4248,35.5130,28
2204,ok,30.6395,30.6395,28
22040,ok,34.0981,34.0981,19
22041,ok,42.4904,42.4904,16
22042,ok,45.5214,45.5214,21
22043,ok,19.9927,19.9927,30
22044,ok,31.5160,31.5160,18
22045,ok,47.6696,47.6696,16
22046,ok,37.9070,37.9070,21
22047,ok,48.1817,48.1817,27
22048,ok,35.3918,35.3918,27
22049,ok,37.4603,37.4603,34
2205,ok,40.8520,40.8520,12
22050,ok,19.4065,19.4065,32
22051,ok,49.7903,49.7903,33
22052,ok,45.0974,45.0974,18
22053,ok,44.5396,44.5396,26
22054,ok,45.1470,45.1470,29
22056,ok,25.4050,25.2083,31
22057,ok,47.9387,47.9387,32
22058,ok,45.3220,45.3220,31
22059,ok,46.2472,46.2472,37
2206,ok,32.4335,32.4335,28
22060,ok,42.7074,42.2814,32
22061,ok,44.8328,44.8328,30
22062,ok,41.9839,41.9839,30
22063,ok,44.1844,44.1844,15
22064,ok,48.3125,48.3125,23
22065,ok,45.9439,45.9439,20
22066,ok,45.3141,45.3141,33
22067,ok,49.6396,49.6396,24
22068,ok,48.1956,48.1956,24
22069,ok,44.2227,44.2227,18
2207,ok,42.2254,42.2254,27
22070,ok,40.3147,40.3147,32
22071,ok,44.4973,44.4973,12
22072,ok,33.1662,33.1662,20
22073,ok,45.2467,45.2467,9
22074,ok,36.7300,36.7300,36
22075,ok,47.5398,47.5398,33
22076,ok,48.9900,48.9900,21
22077,ok,53.2231,48.6092,22
22078,ok,49.4446,49.4446,24
22079,ok,44.2281,43.8282,33
2208,ok,42.3342,42.3342,14
22080,ok,42.0405,42.0405,19
22081,ok,33.4082,33.4082,26
22082,ok,35.4595,35.4595,28
22083,ok,40.1381,40.1381,18
22084,ok,54.4895,48.5473,15
22085,ok,49.0890,49.0890,15
22086,ok,42.7766,40.1638,21
22087,ok,21.9167,21.9167,43
22088,ok,40.0077,40.0077,19
22089,ok,53.9994,48.1106,17
2209,ok,37.5751,37.5751,13
22090,ok,29.7252,29.7252,22
22091,ok,43.6211,43.6211,9
22093,ok,23.9198,23.9198,36
22094,ok,41.2088,41.2088,48
22095,ok,38.5489,38.5489,17
22096,ok,47.1195,47.1195,33
22097,ok,44.5124,44.5124,36
22098,ok,25.7616,25.7616,14
22099,ok,47.1093,47.1093,21
221,ok,37.6155,37.6155,22
2210,ok,39.1298,39.1298,36
22100,ok,46.6290,46.6290,11
22101,ok,21.0248,21.0248,16
22102,ok,39.1547,39.1547,24
22103,ok,47.6180,47.6180,20
22104,ok,33.2424,33.2424,13
22105,ok,42.9422,42.9422,22
22106,ok,41.8415,41.8415,22
22107,ok,35.4974,35.4974,28
22108,ok,46.7726,46.7726,19
22109,ok,37.5043,37.5043,27
2211,ok,36.6322,36.6322,34
22110,ok,41.4906,41.4906,17
22111,ok,47.0988,47.0988,22
22112,ok,48.1225,48.1225,14
22113,ok,49.7322,49.7322,34
22114,ok,45.0836,45.0836,18
22115,ok,29.5161,29.5161,14
22116,ok,29.4835,29.4835,20
22117,ok,44.5030,44.5030,30
22119,ok,40.2506,40.2506,34
2212,ok,40.3097,40.3097,19
22120,ok,17.1769,17.1769,25
22121,ok,30.5962,30.5962,12
22122,ok,42.2890,42.2890,25
22123,ok,40.1994,40.1994,29
22124,ok,37.7980,37.7980,24
22125,ok,41.0829,41.0829,23
22126,ok,43.7341,43.7341,23
22127,ok,46.8115,46.8115,22
22128,ok,49.5676,49.5676,24
22129,ok,49.9597,49.9597,29
2213,ok,40.4112,40.4112,13
22130,ok,40.5815,40.5815,41
22131,ok,32.6516,32.6516,21
22132,ok,30.5341,30.5341,32
22133,ok,38.3388,38.3388,28
22134,ok,33.3070,33.3070,25
22135,ok,45.2192,45.2192,25
22136,ok,25.6938,25.6938,29
22137,ok,20.6413,20.6413,21
22138,ok,30.7163,30.7163,12
22139,ok,46.1326,46.1326,41
2214,ok,46.1002,46.1002,14
22140,ok,47.7083,47.7083,18
22141,ok,44.9957,44.9957,29
22142,ok,43.7266,43.7266,20
22143,ok,49.4822,49.4822,10
22144,ok,34.6043,34.6043,27
22145,ok,49.5029,49.5029,10
22146,ok,34.5500,34.5500,45
22147,ok,41.5309,41.5309,12
22149,ok,47.9674,47.9674,15
2215,ok,38.2636,38.2636,30
22150,ok,45.6963,45.6963,21
22151,ok,48.3642,48.3642,13
22152,ok,24.6901,24.6901,19
22153,ok,46.9918,46.9918,26
22154,ok,41.4818,41.4818,19
22155,ok,24.0809,24.0809,19
22156,ok,42.4337,42.4337,43
22157,ok,32.9266,32.9266,25
22158,ok,48.3383,48.3383,29
22159,ok,42.0077,42.0077,25
2216,ok,45.7867,45.7867,28
22160,ok,30.9509,30.9509,24
22161,ok,39.6010,39.6010,29
22162,ok,38.7065,38.7065,47
22163,ok,33.9584,33.9584,33
22164,ok,30.2998,30.2998,26
22165,ok,41.3833,41.3833,18
22166,ok,37.9095,37.9095,16
22167,ok,47.8946,47.8946,19
22168,ok,45.6930,45.6930,15
22169,ok,44.4717,44.4717,27
22170,ok,40.7747,40.7747,18
22171,ok,39.7274,39.7274,26
22172,ok,37.2639,37.2639,22
22173,ok,43.2189,43.2189,31
22174,ok,21.8753,21.8753,15
22175,ok,26.9755,26.9755,24
22176,ok,37.9320,37.9320,15
22177,ok,43.0374,43.0374,17
22178,ok,34.8469,34.8469,24
22179,ok,41.9086,41.9086,37
22180,ok,45.8285,45.8285,30
22181,ok,48.7984,48.7984,42
22182,ok,46.7798,46.7798,17
22183,ok,43.4408,43.4408,22
22184,ok,46.0944,46.0944,21
22185,ok,43.1431,43.1431,15
22186,ok,24.7598,24.7598,13
22187,ok,39.2694,39.2694,27
22188,ok,36.1175,36.1175,31
22189,ok,34.4798,34.4798,13
2219,ok,27.6344,27.6344,18
22190,ok,46.2957,46.2957,9
22191,ok,35.7195,35.7195,14
22192,ok,38.9051,38.9051,30
22194,ok,38.5655,38.5655,9
22195,ok,34.0058,34.0058,19
22196,ok,48.2116,48.2116,16
22197,ok,41.3569,41.0551,34
22198,ok,33.6053,33.6053,22
22199,ok,42.8833,42.8833,39
222,ok,49.3183,49.3183,18
2220,ok,48.0938,47.9617,25
22200,ok,41.2571,41.2571,32
22201,ok,47.1656,47.1656,25
22202,ok,45.9154,45.9154,24
22203,ok,44.5097,44.5097,24
22204,ok,44.7564,44.7564,29
22205,ok,23.0875,23.0875,8
22206,ok,47.0619,47.0619,15
22207,ok,40.9737,40.9737,26
22208,ok,49.2730,49.2730,19
22209,ok,46.6568,46.6568,21
2221,ok,30.2459,30.2459,30
22210,ok,48.4613,48.4613,49
22211,ok,34.5305,34.5305,17
22212,ok,33.7717,33.7717,23
22213,ok,48.7854,48.7854,42
22214,ok,45.3128,45.3128,18
22215,ok,37.5023,37.5023,18
22216,ok,38.6908,38.6908,35
22217,ok,40.7337,40.7337,17
22218,ok,49.8576,46.4565,22
22219,ok,48.5110,48.5110,22
2222,ok,35.2877,35.2877,31
22220,ok,46.6221,46.6221,29
22221,ok,45.1335,45.1335,27
22222,ok,48.5757,48.5757,23
22223,ok,41.1781,41.1781,27
22224,ok,50.0445,49.3424,26
22225,ok,49.6309,49.6309,11
22226,ok,24.6056,24.6056,21
22227,ok,49.9576,49.9576,11
22228,ok,47.3215,47.3215,20
22229,ok,49.9486,49.9486,17
2223,ok,47.7703,47.7703,27
22230,ok,43.5830,43.5830,16
22231,ok,47.4762,47.4762,16
22232,ok,47.9273,47.9273,15
22233,ok,35.9584,35.9584,20
22234,ok,40.5818,40.5818,29
22235,ok,48.5445,48.5445,21
22236,ok,48.9163,48.9163,23
22237,ok,47.4107,47.4107,18
22238,ok,49.6966,49.6966,16
22239,ok,41.5123,41.5123,15
2224,ok,47.8052,47.8052,30
22240,ok,40.2820,40.2820,25
22241,ok,43.6380,43.6380,21
22242,ok,45.7366,45.7366,12
22243,ok,47.7150,47.7150,29
22244,ok,40.8954,40.8954,16
22245,ok,45.7011,45.7011,27
22246,ok,49.5120,45.1118,23
22247,ok,44.8549,44.8549,34
22248,ok,45.9259,45.9259,20
22249,ok,47.3370,47.3370,37
2225,ok,40.1996,40.1996,17
22250,ok,47.1619,47.1619,18
22251,ok,37.4924,37.4924,15
22252,ok,37.4740,37.4740,23
22253,ok,33.3161,33.3161,20
22254,ok,39.8743,39.8743,21
22255,ok,26.8106,26.8106,31
22256,ok,49.6860,49.6860,17
22258,ok,47.0525,47.0525,22
22259,ok,37.2332,37.2332,16
2226,ok,42.8706,42.8706,25
22260,ok,40.0191,40.0191,40
22261,ok,41.6333,41.6333,38
22262,ok,37.3931,37.3931,17
22263,ok,26.4706,26.4706,24
22264,ok,41.6918,41.6918,25
22265,ok,49.3851,49.3851,23
22266,ok,49.8686,49.8686,24
22267,ok,48.8351,48.8351,17
22268,ok,13.1269,13.1269,13
22269,ok,42.2336,42.2336,21
2227,ok,43.4146,43.4146,27
22270,ok,41.9013,41.9013,21
22271,ok,48.3652,48.3652,12
22272,ok,47.0615,47.0615,13
22273,ok,39.0234,39.0234,17
22274,ok,37.9960,37.9960,28
22275,ok,45.4995,45.4995,22
22276,ok,44.6496,44.6496,26
22277,ok,44.8529,44.8529,31
22278,ok,37.6424,37.6424,18
22279,ok,40.2135,38.8066,26
2228,ok,49.7375,49.7375,20
22280,ok,48.9375,48.9375,22
22281,ok,46.6158,46.6158,10
22282,ok,43.6628,43.6628,15
22283,ok,48.7202,48.7202,24
22284,ok,41.0211,41.0211,31
22285,ok,35.9823,35.9823,26
22286,ok,42.7269,42.7269,22
22287,ok,33.2751,33.2751,35
22288,ok,45.2449,45.2449,27
22289,ok,48.6954,48.6954,37
2229,ok,47.3054,47.3054,34
22290,ok,41.5132,41.5132,28
22291,ok,40.1316,40.1316,25
22292,ok,32.7295,32.7295,31
22293,ok,36.6616,36.6616,23
22294,ok,36.6899,36.6899,23
22295,ok,40.7024,40.7024,16
22296,ok,43.5185,43.5185,34
22297,ok,24.1636,24.1636,27
22299,ok,47.1286,47.1286,19
2230,ok,40.9974,40.9974,18
22300,ok,48.9723,48.9723,25
22301,ok,42.6530,42.6530,28
22302,ok,31.8383,31.8383,27
22303,ok,46.5589,46.5589,19
22304,ok,36.2653,36.2653,24
22305,ok,38.7642,38.7642,21
22306,ok,43.9978,43.9978,26
22307,ok,41.2413,41.2413,31
22308,ok,32.7091,32.7091,14
22309,ok,46.7262,46.7262,22
2231,ok,41.3549,41.3549,20
22310,ok,34.4322,34.4322,22
22311,ok,43.5795,43.5795,38
22312,ok,48.3548,48.3548,41
22314,ok,47.8600,47.8600,29
22315,ok,24.9468,24.9467,25
22317,ok,49.2314,49.2314,21
22318,ok,41.8059,41.8059,18
22319,ok,49.5426,48.5034,21
2232,ok,42.3990,42.3990,19
22320,ok,41.0090,41.0090,18
22321,ok,48.0510,48.0510,27
22322,ok,30.8426,30.8426,33
22323,ok,49.5007,49.5007,18
22324,ok,46.4155,46.4155,25
22325,ok,48.2757,48.2757,13
22326,ok,35.0899,35.0899,18
22327,ok,44.1518,43.6541,26
22328,ok,24.3567,24.3567,22
22329,ok,48.1700,48.1700,15
2233,ok,26.8237,26.8237,21
22330,ok,44.6107,44.6107,34
22331,ok,47.5959,47.5959,14
22332,ok,32.5096,32.5096,20
22333,ok,33.6492,33.6492,18
22334,ok,28.6627,28.6627,23
22335,ok,46.0531,46.0531,29
22336,ok,38.7564,38.7564,32
22337,ok,36.6609,36.6609,27
22338,ok,48.5733,48.5733,17
22339,ok,46.8804,46.8804,23
2234,ok,43.2258,43.2258,24
22340,ok,39.4527,39.4527,23
22341,ok,48.7979,48.7979,20
22342,ok,26.3487,26.3487,17
22343,ok,23.9927,23.9927,23
22344,ok,32.7810,32.7810,33
22345,ok,38.7019,38.7019,13
22346,ok,45.3690,45.3690,12
22347,ok,41.9826,41.9826,24
22348,ok,41.2543,41.2543,16
22349,ok,47.3359,47.3359,20
2235,ok,43.5780,43.5780,33
22350,ok,28.5376,28.1454,27
22351,ok,42.3284,42.3284,21
22352,ok,34.4780,34.4780,30
22353,ok,48.7390,48.7390,8
22354,ok,40.3503,40.3503,19
22355,ok,45.4129,40.6003,34
22356,ok,44.5084,44.5083,26
22357,ok,34.7093,34.7093,8
22358,ok,45.7674,45.7674,11
22359,ok,34.6205,34.6205,22
2236,ok,27.7107,27.7107,22
22360,ok,39.1292,39.1292,29
22361,ok,40.2204,40.2204,15
22362,ok,48.3706,48.3706,23
22363,ok,41.7739,41.7739,23
22364,ok,28.5742,28.5742,20
22365,ok,43.8524,43.2106,16
22366,ok,49.2996,49.2996,31
22367,ok,47.8227,47.5937,34
22368,ok,44.6106,44.6106,18
22369,ok,40.6589,40.6589,22
2237,ok,31.2527,31.2527,27
22370,ok,40.4896,40.4896,16
22371,ok,46.9610,46.9610,29
22372,ok,31.3905,31.3905,21
22373,ok,47.9076,47.9076,17
22374,ok,44.8796,44.8796,14
22375,ok,49.0612,49.0612,34
22376,ok,28.4948,28.4948,28
22377,ok,18.1605,18.1605,17
22378,ok,37.2635,36.3893,11
22379,ok,38.2751,38.2751,29
2238,ok,36.7304,36.7304,13
22380,ok,39.8792,39.8792,40
22381,ok,45.8096,45.8096,19
22382,ok,26.7301,26.7301,18
22383,ok,48.8857,48.8857,23
22384,ok,44.8546,44.8546,41
22385,ok,42.3416,42.3416,9
22386,ok,43.0219,43.0219,40
22387,ok,29.4139,29.4139,16
22388,ok,44.7768,44.7768,32
22389,ok,35.2371,35.2371,15
2239,ok,35.4738,35.4738,15
22390,ok,44.7732,44.7732,21
22391,ok,52.5344,46.8054,16
22392,ok,46.9567,46.9567,24
22393,ok,38.6862,38.6862,32
22394,ok,38.1761,38.1761,15
22395,ok,34.3077,33.4632,23
22396,ok,29.7621,29.7621,34
22397,ok,47.4178,47.4178,26
22398,ok,20.2732,20.2732,27
22399,ok,35.0890,35.0890,33
224,ok,41.8907,41.8907,22
2240,ok,21.7629,21.7629,19
22400,ok,29.6367,29.6367,21
22401,ok,46.3041,46.3041,24
22402,ok,39.9075,39.9075,28
22403,ok,32.3624,32.3624,22
22404,ok,16.3631,15.4819,18
22405,ok,36.0409,36.0409,21
22406,ok,42.6730,42.6730,23
22407,ok,47.3485,47.3485,25
22408,ok,27.1842,27.1842,10
22409,ok,49.2968,49.2968,28
2241,ok,47.5079,47.5079,22
22410,ok,49.5921,49.5921,33
22411,ok,49.7114,49.7114,12
22412,ok,13.7537,13.7537,15
22413,ok,40.2917,40.2917,23
22414,ok,40.5241,40.5241,14
22415,ok,47.1988,47.1988,41
22416,ok,36.6224,36.6224,11
22418,ok,54.4824,48.5410,33
22419,ok,45.5999,45.5999,14
2242,ok,40.7904,40.7904,32
22420,ok,41.7354,41.7354,16
22421,ok,33.2387,33.2387,33
22422,ok,40.0701,40.0701,21
22423,ok,49.7996,49.7996,19
22424,ok,49.4985,49.4985,20
22425,ok,31.2485,31.2485,17
22426,ok,47.0459,47.0459,31
22427,ok,46.8887,46.8887,40
22428,ok,43.1536,43.1536,30
22429,ok,54.8844,49.0901,28
2243,ok,40.0470,40.0470,29
22430,ok,44.6079,44.6079,15
22431,ok,39.7949,39.7949,13
22432,ok,41.3692,41.3692,11
22433,ok,32.1991,31.9279,36
22434,ok,43.7203,43.7203,34
22435,ok,48.9607,48.9607,20
22436,ok,46.0837,46.0837,31
22437,ok,26.8092,26.8092,17
22438,ok,47.8187,47.8187,14
2244,ok,43.1243,43.1243,28
22440,ok,33.1857,33.1857,17
22441,ok,48.6578,48.6578,19
22442,ok,41.1462,41.1462,23
22443,ok,46.2977,46.2977,13
22444,ok,49.3907,48.9399,19
22445,ok,49.7745,49.7745,39
22446,ok,39.7055,39.7055,17
22447,ok,48.9913,48.9913,19
22448,ok,30.7250,30.7250,13
22449,ok,35.9222,35.9222,19
2245,ok,40.8564,40.8564,14
22450,ok,49.0155,49.0155,15
22451,ok,32.6066,32.6066,27
22452,ok,44.0676,44.0676,25
22453,ok,45.5328,45.5328,24
22454,ok,28.0036,27.6392,25
22455,ok,48.7798,48.7798,29
22456,ok,42.6852,42.6852,23
22457,ok,40.8988,40.8988,23
22458,ok,26.6566,26.6566,31
22459,ok,43.6754,43.6754,45
2246,ok,41.0624,41.0624,22
22460,ok,47.3257,47.3257,25
22461,ok,27.5118,27.5118,23
22462,ok,30.0547,30.0547,24
22463,ok,42.7634,42.7634,16
22464,ok,42.3397,42.3397,21
22465,ok,45.5360,45.5360,20
22466,ok,24.6929,24.6929,33
22467,ok,23.6375,23.6375,16
22468,ok,34.1499,34.1499,21
22469,ok,31.2196,31.2196,15
2247,ok,26.7545,26.7545,35
22470,ok,44.4563,44.4563,29
22471,ok,31.5628,31.5628,24
22472,ok,45.8374,45.8374,20
22473,ok,47.5895,47.5895,24
22474,ok,39.2655,39.2655,17
22475,ok,34.0474,34.0474,17
22476,ok,39.6930,39.6930,35
22477,ok,47.8284,47.8284,26
22478,ok,48.8013,48.8013,16
22479,ok,43.7435,43.7435,18
2248,ok,37.0865,37.0865,31
22480,ok,49.7912,49.7912,22
22481,ok,22.4256,22.4256,16
22482,ok,40.9762,40.9762,28
22483,ok,43.7478,43.7477,19
22484,ok,41.7774,41.7774,18
22485,ok,30.1858,30.1858,18
22486,ok,49.1883,49.1883,43
22487,ok,43.0039,43.0039,14
22488,ok,26.5515,26.5515,27
22489,ok,48.5737,48.5737,14
2249,ok,47.8652,47.8652,12
22490,ok,37.3315,37.3315,16
22491,ok,46.7168,46.7168,14
22492,ok,44.7695,44.7695,20
22493,ok,45.5653,45.5653,19
22494,ok,28.3475,28.3475,18
22495,ok,45.0985,45.0985,24
22496,ok,30.2992,30.2992,28
22497,ok,34.6172,34.6172,22
22498,ok,37.5736,37.5736,42
22499,ok,35.6424,35.6424,25
225,ok,48.1968,48.1968,15
2250,ok,24.8415,24.8411,28
22500,ok,46.8756,46.8756,18
22501,ok,43.2410,43.2410,46
22502,ok,44.3202,44.3202,25
22503,ok,36.3786,36.3786,23
22504,ok,44.9418,44.9418,18
22505,ok,41.3812,41.3812,20
22506,ok,39.9798,39.9798,23
22507,ok,38.6081,38.6081,19
22508,ok,41.9183,41.9183,17
22509,ok,40.8346,40.8346,21
2251,ok,42.3761,42.3761,25
22510,ok,36.6260,36.6260,35
22511,ok,45.1040,45.1040,12
22512,ok,48.2622,48.2622,22
22513,ok,38.7675,38.7675,11
22514,ok,44.1123,44.1123,26
22515,ok,28.2357,28.2357,48
22516,ok,34.6271,34.6271,23
22517,ok,39.5866,39.5866,23
22518,ok,49.6605,49.6605,30
22519,ok,46.9759,46.9759,16
2252,ok,34.0720,34.0720,18
22520,ok,37.0488,37.0488,18
22521,ok,48.0394,48.0394,19
22522,ok,37.9730,37.9730,39
22523,ok,42.4428,42.4428,25
22524,ok,23.2614,23.2614,14
22525,ok,30.8281,30.8281,14
22526,ok,46.0410,46.0410,34
22527,ok,43.4461,43.4460,33
22528,ok,46.7841,46.7841,28
22529,ok,45.4601,45.4601,17
2253,ok,20.7598,20.7598,15
22530,ok,45.9436,45.5792,27
22531,ok,49.4247,49.4247,30
22532,ok,48.5748,48.5748,19
22533,ok,31.5388,31.5388,29
22534,ok,43.6247,43.6247,17
22535,ok,44.9312,44.9312,29
22536,ok,38.3697,38.3697,27
22537,ok,44.8201,44.8201,22
22538,ok,43.7104,43.7104,31
22539,ok,15.2309,15.2309,16
2254,ok,48.5771,48.5771,18
22540,ok,47.8892,47.8892,44
22541,ok,41.0658,41.0658,31
22542,ok,20.5174,20.5174,26
22543,ok,34.4656,34.4656,22
22544,ok,21.1178,21.1178,9
22545,ok,44.6073,44.6073,13
22546,ok,43.0553,43.0553,20
22547,ok,41.0680,41.0680,19
22548,ok,37.4098,37.4098,21
22549,ok,48.7448,48.7448,25
2255,ok,36.4251,36.4251,25
22550,ok,32.8100,32.2458,27
22551,ok,17.3297,17.3297,31
22552,ok,46.9586,46.9586,23
22553,ok,32.6518,32.6518,19
22554,ok,42.8712,42.8712,20
22555,ok,42.4448,42.4448,18
22556,ok,24.5056,24.5056,36
22557,ok,41.5962,41.5962,19
22558,ok,25.4830,25.4830,14
22559,ok,38.1970,38.1970,36
2256,ok,35.3927,31.5330,13
22560,ok,42.5840,42.5840,30
22561,ok,27.4214,27.4214,27
22562,ok,38.4355,38.4355,19
22563,ok,41.2273,41.2273,19
22564,ok,16.6673,16.6673,29
22565,ok,27.2041,27.2041,27
22566,ok,39.2496,39.2496,31
22567,ok,42.5648,42.2860,26
22568,ok,31.9098,31.9098,9
22569,ok,32.2000,31.6326,14
2257,ok,34.2526,34.2526,43
22570,ok,47.8718,47.8718,19
22571,ok,48.6753,48.6753,18
22572,ok,45.2685,43.1505,14
22573,ok,42.7316,42.7316,16
22574,ok,28.9537,28.9537,10
22575,ok,43.5327,43.5327,40
22576,ok,39.7117,39.7117,37
22577,ok,48.0485,48.0485,20
22578,ok,40.4199,40.4199,12
22579,ok,33.6963,33.6963,35
2258,ok,48.3897,48.3897,19
22580,ok,47.8747,47.8747,16
22581,ok,40.2749,40.2749,10
22582,ok,46.2741,46.2741,20
22583,ok,33.2026,33.2026,27
22584,ok,27.2513,27.2513,13
22585,ok,32.4816,32.4816,51
22586,ok,34.5613,34.5613,34
22587,ok,36.4689,36.4689,28
22588,ok,46.3767,46.3767,15
22589,ok,28.1739,28.1739,17
2259,ok,34.9416,34.9416,18
22590,ok,39.3811,39.3811,16
22591,ok,40.8049,40.8049,15
22592,ok,23.6616,23.6616,25
22593,ok,34.1968,34.1968,33
22594,ok,36.3044,36.3044,34
22595,ok,32.3103,32.3103,23
22596,ok,47.0595,47.0595,28
22597,ok,48.6578,48.6578,38
22598,ok,48.1473,48.1473,39
22599,ok,48.4731,48.4731,57
226,ok,42.6946,42.6946,22
2260,ok,41.1519,41.1519,19
22600,ok,41.9426,41.9426,21
22601,ok,39.1413,39.1413,15
22602,ok,49.5409,49.5409,30
22603,ok,42.3787,42.3787,11
22604,ok,44.0661,44.0661,16
22605,ok,47.5180,47.5180,14
22606,ok,34.3441,34.3441,31
22607,ok,49.4815,49.4815,30
22608,ok,39.7869,38.5055,20
22609,ok,43.6380,43.6380,21
2261,ok,32.9378,32.9378,25
22610,ok,36.4438,36.4438,20
22611,ok,44.6869,44.6869,34
22612,ok,35.6309,35.6309,10
22613,ok,47.5131,47.5131,16
22614,ok,42.1855,42.1855,22
22615,ok,26.9391,26.9391,25
22616,ok,43.0253,43.0253,36
22617,ok,35.4577,35.4577,27
22618,ok,44.7952,44.7952,28
22619,ok,49.8025,49.8025,35
2262,ok,36.3752,36.3752,26
22620,ok,48.8771,48.8771,16
22621,ok,42.2407,42.2407,16
22622,ok,42.9289,42.9289,13
22623,ok,34.9087,34.9087,18
22624,ok,41.0583,41.0583,27
22625,ok,45.5157,45.5157,28
22626,ok,49.2096,49.2096,31
22627,ok,45.9711,45.9711,19
22628,ok,48.4295,48.4295,22
2263,ok,43.7494,43.7494,26
22630,ok,41.7870,41.7870,12
22631,ok,24.0598,24.0598,24
22633,ok,33.7329,33.7329,24
22634,ok,40.0108,40.0108,35
22635,ok,39.2515,39.2515,17
22636,ok,45.0413,45.0413,24
22637,ok,33.6527,33.6527,20
22638,ok,40.5522,40.5522,15
22639,ok,35.0842,35.0842,24
2264,ok,35.2393,35.2393,21
22640,ok,49.0224,49.0224,29
22641,ok,28.2745,28.2745,20
22642,ok,37.9354,37.9354,44
22643,ok,28.2451,28.2450,21
22644,ok,46.9697,46.9697,10
22645,ok,43.2940,43.2940,20
22646,ok,47.1574,47.1574,14
22647,ok,38.0932,38.0932,36
22648,ok,34.1091,34.1091,38
22649,ok,39.8571,39.8571,25
2265,ok,37.9868,37.9868,34
22650,ok,55.7705,49.6886,18
22651,ok,49.5305,49.5305,38
22652,ok,47.4009,47.4009,29
22653,ok,41.1238,41.1238,17
22654,ok,30.8992,30.8992,44
22655,ok,33.9514,33.9514,22
22656,ok,40.2199,40.2199,22
22657,ok,36.4155,36.4155,24
22658,ok,49.3048,49.3048,40
22659,ok,40.2097,40.2097,35
2266,ok,36.4694,36.4694,20
22660,ok,49.1143,49.1143,28
22661,ok,49.9042,49.9042,17
22662,ok,35.8442,35.8442,29
22663,ok,42.3266,42.3266,36
22664,ok,38.6549,38.6549,19
22665,ok,29.8783,29.8783,35
22666,ok,45.8391,45.8391,20
22667,ok,46.1220,46.1220,33
22668,ok,35.2124,35.2124,25
22669,ok,44.9436,44.9436,11
2267,ok,35.6182,35.6182,16
22670,ok,49.4847,49.4847,45
22671,ok,40.5063,40.5063,26
22672,ok,33.5263,33.5263,34
22673,ok,36.7449,36.7449,26
22674,ok,44.4668,44.4668,15
22675,ok,44.5391,44.5391,24
22676,ok,36.9190,32.8929,23
22677,ok,23.6165,23.6165,14
22678,ok,49.1906,49.1906,15
22679,ok,34.7903,34.7903,22
2268,ok,33.5170,33.5170,33
22680,ok,44.0761,44.0761,21
22681,ok,38.8307,38.8307,37
22682,ok,46.2061,46.2061,33
22683,ok,32.2432,32.2432,14
22684,ok,47.3176,47.3176,33
22685,ok,47.0812,47.0812,13
22686,ok,41.1977,41.1977,24
22687,ok,35.7754,35.7754,31
22688,ok,37.8890,37.8890,32
22689,ok,45.8112,45.8112,23
2269,ok,22.5633,22.4280,18
22690,ok,33.1238,33.1238,18
22691,ok,34.4129,34.4129,25
22692,ok,41.9138,41.9138,14
22693,ok,46.5716,46.5716,22
22694,ok,40.2166,40.2166,18
22695,ok,32.3370,32.3370,32
22696,ok,39.4610,39.4610,19
22697,ok,45.2367,45.2367,10
22698,ok,24.7131,24.7131,21
22699,ok,37.2529,37.2529,18
227,ok,48.7457,48.7457,17
2270,ok,46.2854,46.2854,26
22700,ok,33.0983,33.0983,32
22701,ok,40.5660,40.5660,29
22703,ok,45.7346,45.7346,24
22704,ok,39.7488,39.7488,31
22705,ok,33.3797,33.3797,15
22707,ok,49.3835,49.3835,33
22708,ok,46.1564,46.1564,24
22709,ok,24.1358,24.1358,29
2271,ok,44.7942,44.7942,18
22710,ok,34.8217,34.8217,19
22711,ok,19.8527,19.8527,20
22712,ok,49.4988,49.4988,21
22713,ok,21.6103,21.6058,28
22714,ok,33.7731,33.6387,34
22715,ok,39.8261,39.8261,18
22716,ok,42.1853,42.1853,29
22717,ok,45.5945,45.5945,25
22718,ok,42.1875,42.1875,30
22719,ok,38.5055,38.5055,9
2272,ok,47.8931,47.8931,38
22720,ok,41.7808,41.7808,34
22721,ok,38.0087,38.0087,13
22722,ok,48.5256,48.5256,35
22723,ok,42.9959,42.9959,16
22724,ok,44.0112,44.0112,22
22725,ok,40.5124,39.8392,22
22726,ok,48.4791,48.4791,19
22727,ok,46.7696,46.7696,37
22728,ok,49.7681,49.7681,24
22729,ok,31.5020,31.5020,38
2273,ok,40.5304,40.5304,16
22730,ok,43.0708,43.0708,15
22731,ok,47.8248,47.8248,23
22732,ok,49.8969,49.8969,26
22733,ok,49.8658,49.8658,16
22734,ok,47.4733,47.4733,24
22735,ok,49.3442,49.3442,23
22736,ok,43.4291,43.4291,10
22737,ok,42.7821,42.7821,11
22738,ok,41.6309,40.6986,17
22739,ok,39.3566,39.3566,32
2274,ok,34.7234,34.7234,11
22740,ok,39.8517,39.8517,22
22741,ok,45.0068,45.0068,13
22742,ok,38.9652,38.9652,44
22743,ok,39.3071,39.3071,10
22744,ok,40.7270,40.7270,11
22745,ok,48.3823,48.3823,27
22746,ok,48.2269,48.2268,30
22747,ok,35.4005,35.4005,23
22748,ok,39.6670,39.6670,31
22749,ok,26.4923,26.4923,29
2275,ok,47.9599,47.9599,30
22750,ok,38.5398,38.5398,27
22751,ok,43.7072,43.7072,35
22752,ok,38.7714,38.7714,15
22753,ok,42.9333,42.9333,24
22754,ok,25.9457,25.9457,17
22755,ok,39.3838,39.3838,9
22756,ok,27.3127,26.3174,14
22757,ok,46.9064,46.9064,22
22758,ok,46.1176,46.1176,29
22759,ok,22.5168,22.5168,28
2276,ok,49.6639,49.6639,20
22760,ok,49.8453,49.8453,34
22761,ok,44.6437,44.6437,26
22762,ok,49.7806,49.7806,18
22763,ok,34.5874,34.5874,37
22764,ok,29.8352,29.8352,26
22765,ok,22.0868,22.0868,45
22766,ok,39.5193,39.5193,17
22767,ok,38.3013,38.3013,26
22768,ok,44.3549,44.3549,20
22769,ok,47.5934,47.5934,21
2277,ok,51.3537,46.3516,27
22770,ok,46.8728,46.8728,17
22771,ok,35.7753,35.7753,32
22772,ok,33.2702,33.2702,24
22773,ok,34.7988,34.7988,23
22774,ok,48.4440,48.4440,29
22775,ok,48.8572,48.8572,18
22776,ok,46.8033,46.8033,20
22777,ok,34.0640,34.0640,13
22778,ok,42.7009,42.7009,24
22779,ok,47.4665,47.4665,21
2278,ok,47.5176,47.5176,26
22780,ok,37.2181,37.2181,35
22782,ok,30.9730,30.9730,35
22783,ok,40.8397,40.8397,42
22784,ok,43.9487,43.9487,21
22785,ok,28.4977,28.4977,23
22786,ok,44.7935,44.7935,17
22787,ok,31.4346,31.4346,31
22788,ok,42.6008,42.6008,16
22789,ok,21.9549,21.9549,26
2279,ok,37.9372,37.9372,13
22790,ok,25.0519,25.0519,29
22792,ok,48.2242,48.2242,25
22793,ok,34.7399,34.7399,33
22794,ok,20.2120,20.2120,42
22795,ok,49.6952,49.6952,16
22796,ok,46.3619,46.3619,26
22797,ok,36.3777,36.3777,23
22798,ok,45.7662,45.7662,31
22799,ok,44.9624,44.9624,19
228,ok,48.8214,48.8214,33
2280,ok,48.4762,43.1898,20
22800,ok,45.4579,45.4579,17
22801,ok,44.0751,44.0751,21
22802,ok,28.0744,27.9171,21
22803,ok,30.7493,30.7493,17
22804,ok,37.5929,37.5929,28
22805,ok,40.8100,40.8100,31
22806,ok,31.9923,31.9923,39
22807,ok,46.3804,46.3804,13
22808,ok,44.9995,44.9995,26
22809,ok,47.4146,47.4146,37
2281,ok,29.8034,29.8034,25
22810,ok,49.2535,49.2535,29
22811,ok,46.2487,46.2487,16
22812,ok,36.7895,36.7895,18
22814,ok,48.5999,48.5999,22
22815,ok,47.8812,47.8812,11
22816,ok,42.1810,42.1810,33
22817,ok,37.3883,37.3883,24
22818,ok,36.1904,36.1904,39
22819,ok,48.4516,48.4516,39
2282,ok,36.8981,36.8981,21
22820,ok,38.8627,38.8627,17
22821,ok,27.1652,27.1652,25
22822,ok,46.1042,46.1042,25
22823,ok,34.0685,34.0685,33
22824,ok,36.4731,36.4731,39
22825,ok,49.3228,49.3228,24
22826,ok,45.2821,45.2821,31
22827,ok,22.7300,22.7300,12
22828,ok,19.5052,19.5052,19
22829,ok,41.7005,41.7005,31
2283,ok,43.9825,42.3496,38
22830,ok,26.8669,26.8669,34
22831,ok,47.0796,47.0796,17
22832,ok,37.8018,37.8018,16
22833,ok,49.7302,49.7302,20
22834,ok,43.6312,43.6312,24
22835,ok,39.0393,37.0703,24
22836,ok,49.6839,49.6839,27
22837,ok,50.9439,49.5894,24
22838,ok,41.5688,41.5688,26
22839,ok,47.1728,47.1728,14
2284,ok,29.8294,29.8294,16
22840,ok,44.3183,44.3183,14
22841,ok,44.3373,44.3373,36
22842,ok,44.7053,44.7053,39
22843,ok,37.0626,37.0626,13
22844,ok,46.2469,46.2469,39
22845,ok,44.1156,44.1156,26
22846,ok,43.0977,43.0977,12
22847,ok,46.9808,46.9808,10
22848,ok,34.5818,34.3278,26
22849,ok,29.7838,29.7838,11
2285,ok,20.8117,20.8117,31
22850,ok,38.7655,38.7655,17
22851,ok,44.2206,44.2206,28
22852,ok,48.1095,48.1095,15
22853,ok,43.1117,43.1117,12
22854,ok,46.1887,46.1887,16
22855,ok,38.4136,38.4136,29
22856,ok,39.9965,39.9965,10
22857,ok,49.2713,49.2713,13
22858,ok,30.1403,30.1351,21
22859,ok,32.0868,32.0868,19
2286,ok,46.9179,46.9179,13
22860,ok,34.7747,34.7747,14
22861,ok,40.9298,40.9298,13
22862,ok,22.0665,22.0665,17
22863,ok,49.9270,49.9270,27
22864,ok,42.5462,42.5462,29
22865,ok,41.3539,41.3539,15
22866,ok,26.8871,26.8871,33
22867,ok,33.8542,33.8542,29
22868,ok,47.0423,47.0423,17
22869,ok,41.7761,41.7761,14
2287,ok,36.0587,36.0587,16
22870,ok,38.9854,38.9854,15
22871,ok,35.6359,35.6359,19
22872,ok,44.7037,44.7037,35
22873,ok,49.7942,49.7942,27
22874,ok,46.4839,46.4839,25
22875,ok,32.4102,32.4102,24
22876,ok,47.9603,47.9603,17
22877,ok,34.4536,34.0320,15
22878,ok,42.7476,42.7476,35
22879,ok,49.8261,49.8261,46
2288,ok,49.2691,49.2691,22
22881,ok,30.3901,30.3901,29
22882,ok,38.7920,38.7920,16
22883,ok,49.8405,49.8405,15
22884,ok,29.4694,29.4694,20
22885,ok,45.5254,45.5254,21
22886,ok,47.2852,47.2852,14
22887,ok,41.6055,41.6055,37
22888,ok,32.0596,32.0596,14
22889,ok,36.6788,36.6788,13
2289,ok,42.2560,42.2560,21
22890,ok,48.8094,48.8094,21
22891,ok,49.3133,49.3133,14
22892,ok,49.3609,49.3609,28
22893,ok,27.4339,27.4339,30
22894,ok,36.7193,35.6565,27
22895,ok,46.4230,46.4230,14
22896,ok,45.9212,45.9212,24
22897,ok,25.1039,25.1039,17
22898,ok,48.9538,48.9538,17
22899,ok,33.1653,33.1653,25
229,ok,35.3418,35.3418,28
2290,ok,30.1252,30.1252,22
22900,ok,43.0430,43.0430,35
22901,ok,40.2559,36.9871,28
22902,ok,42.2717,42.2717,21
22903,ok,45.7311,45.7311,25
22904,ok,23.8577,23.8577,25
22905,ok,42.2428,42.2428,22
22906,ok,43.2446,43.2446,17
22907,ok,47.3924,47.3924,16
22908,ok,46.8046,46.8046,17
22909,ok,47.9249,47.9249,17
2291,ok,34.7279,34.7279,23
22910,ok,39.2465,39.2465,39
22911,ok,27.9452,27.9452,22
22912,ok,46.2949,46.2949,23
22913,ok,47.7419,47.7419,27
22914,ok,37.2295,37.2295,30
22915,ok,47.4206,47.4206,13
22916,ok,30.8654,30.8654,18
22917,ok,42.5065,42.5065,22
22918,ok,47.9888,47.9888,31
22919,ok,25.0358,25.0358,19
2292,ok,43.0230,43.0230,25
22920,ok,46.2916,46.2916,24
22921,ok,41.2500,41.2500,27
22922,ok,45.9213,45.9213,29
22923,ok,46.1161,46.1161,24
22924,ok,45.5683,45.5683,17
22925,ok,41.7902,41.7902,32
22926,ok,44.0812,44.0812,28
22927,ok,34.0243,32.3347,40
22928,ok,37.0037,37.0037,35
22929,ok,45.6986,45.6986,16
2293,ok,47.8005,47.8005,29
22930,ok,48.8751,48.8751,17
22931,ok,19.1268,19.1268,24
22932,ok,34.6377,34.6377,17
22933,ok,21.6299,21.6299,28
22934,ok,49.4426,49.4426,31
22935,ok,45.2283,45.2283,36
22936,ok,36.9579,36.9579,27
22937,ok,37.3252,37.3252,27
22938,ok,49.1003,49.1003,29
22939,ok,45.2614,45.2614,35
2294,ok,43.7378,43.7378,15
22940,ok,30.7675,30.7675,11
22941,ok,48.8888,48.8888,34
22942,ok,47.0756,47.0756,21
22943,ok,28.1944,28.1944,17
22944,ok,48.3431,44.2620,22
22945,ok,43.0009,43.0009,29
22946,ok,40.8432,40.8432,19
22947,ok,35.9786,35.9786,14
22948,ok,46.5887,46.5887,30
22949,ok,33.9838,33.9838,24
2295,ok,32.8262,32.8262,14
22950,ok,42.2939,42.2939,11
22951,ok,48.6957,48.6957,37
22952,ok,34.8657,34.8657,31
22953,ok,35.1222,35.1222,17
22954,ok,45.1783,45.1783,11
22955,ok,48.8482,48.8482,42
22956,ok,48.7163,48.7163,20
22957,ok,46.9907,46.9907,35
22958,ok,45.3109,45.3109,21
22959,ok,48.6076,48.6076,31
2296,ok,37.7607,37.7607,19
22960,ok,48.7382,48.7382,32
22961,ok,40.3660,40.3660,14
22962,ok,26.5411,26.5411,31
22963,ok,49.8550,49.8550,11
22964,ok,44.6303,44.6303,17
22965,ok,38.3341,38.3341,34
22966,ok,45.6149,45.6149,16
22967,ok,48.8409,48.8409,33
22968,ok,23.9337,23.9337,33
22969,ok,41.0650,41.0650,25
2297,ok,35.7451,35.7451,27
22970,ok,47.9605,47.9605,24
22971,ok,39.9679,39.9679,14
22972,ok,42.8376,42.8376,36
22973,ok,35.5556,35.5556,13
22974,ok,46.9849,46.9849,17
22975,ok,26.1097,26.1097,28
22976,ok,26.4634,26.4634,15
22978,ok,28.8635,28.8635,23
22979,ok,40.1151,40.1151,37
2298,ok,49.9240,49.9240,17
22980,ok,26.6576,26.6576,14
22981,ok,43.3535,43.3535,12
22982,ok,43.8722,43.8722,24
22983,ok,45.2727,45.2727,20
22984,ok,49.8970,49.8970,18
22985,ok,37.7422,37.7422,16
22986,ok,24.4333,24.4333,25
22987,ok,40.0280,40.0280,13
22988,ok,42.1093,42.1093,13
22989,ok,46.1069,46.1069,38
2299,ok,31.1937,31.1937,10
22990,ok,38.8920,38.8920,36
22991,ok,39.0685,39.0685,27
22992,ok,48.6321,48.6321,19
22993,ok,33.7930,32.6900,19
22994,ok,43.2920,43.2920,17
22995,ok,30.2925,30.2925,12
22996,ok,40.8564,40.8564,34
22997,ok,48.1585,48.1585,16
22998,ok,30.4319,30.4319,14
22999,ok,44.5172,44.5172,29
23,ok,42.9235,42.9235,23
230,ok,46.3841,46.3841,12
2300,ok,29.0759,29.0759,21
23000,ok,47.1764,47.1764,31
23001,ok,34.8259,34.8259,49
23002,ok,39.2107,39.2107,21
23003,ok,38.7883,38.7883,12
23004,ok,39.1988,39.1988,24
23005,ok,43.8998,43.8998,29
23006,ok,41.5739,41.5739,21
23007,ok,32.4379,32.4379,24
23008,ok,48.2933,48.2933,16
23009,ok,49.3044,49.3044,21
2301,ok,37.5284,37.5284,24
23010,ok,42.5474,42.5474,10
23011,ok,37.8882,37.8882,24
23012,ok,49.4623,49.4623,27
23013,ok,45.6010,45.6010,15
23014,ok,37.6935,37.6935,22
23015,ok,19.7116,19.7116,13
23016,ok,47.5425,47.5425,12
23017,ok,38.2946,38.2946,25
23018,ok,39.8902,39.8902,27
23019,ok,49.1545,49.1545,13
2302,ok,44.5876,44.5876,18
23020,ok,49.0832,49.0832,43
23021,ok,18.8396,18.8396,21
23022,ok,48.9762,48.9762,14
23023,ok,36.9764,36.9764,16
23024,ok,40.1566,35.7775,14
23026,ok,40.9258,40.9258,41
23027,ok,39.4677,39.4677,28
23028,ok,47.3347,47.3347,60
23029,ok,35.3661,35.3661,14
2303,ok,23.9773,23.9773,36
23030,ok,26.3498,26.3498,26
23031,ok,22.7900,22.7900,28
23032,ok,44.3530,44.3530,19
23033,ok,35.2090,35.2090,32
23034,ok,39.9492,39.9492,19
23035,ok,41.6729,41.6729,18
23036,ok,37.0657,37.0657,15
23037,ok,40.6357,40.6357,17
23038,ok,42.8034,42.5554,23
23039,ok,22.6638,22.4495,17
2304,ok,32.9322,32.9322,18
23040,ok,47.4753,47.4753,21
23041,ok,38.9551,38.9551,28
23042,ok,40.9236,40.9236,19
23043,ok,40.4284,40.4284,27
23044,ok,40.5530,40.5530,15
23045,ok,41.6358,41.6358,20
23046,ok,46.6768,46.6768,23
23047,ok,38.7974,38.7974,19
23048,ok,47.3699,47.3699,19
23049,ok,44.2424,44.2424,22
2305,ok,49.7789,49.7789,9
23050,ok,38.7407,38.7407,16
23051,ok,28.2574,28.2574,22
23052,ok,48.7015,48.5452,41
23053,ok,48.0217,48.0217,25
23054,ok,46.6812,46.6812,12
23055,ok,30.6165,30.6165,13
23056,ok,44.6541,44.6541,28
23057,ok,38.0122,38.0122,15
23058,ok,49.5763,49.5763,26
23059,ok,40.8721,39.8473,28
2306,ok,25.2384,25.2384,16
23060,ok,34.4853,34.4853,39
23061,ok,38.3875,38.3875,20
23062,ok,40.6783,40.6783,22
23063,ok,15.7117,15.7117,13
23064,ok,34.7005,34.7005,16
23065,ok,37.9441,37.9441,17
23066,ok,47.8826,47.8826,33
23067,ok,33.2510,33.2510,36
23068,ok,35.6485,35.6485,35
23069,ok,38.2004,38.1811,23
2307,ok,33.3170,33.3170,25
23070,ok,49.1435,49.1435,26
23071,ok,49.7571,49.7571,16
23072,ok,30.5704,30.5704,27
23073,ok,21.9675,21.9675,22
23074,ok,39.0927,39.0927,12
23075,ok,28.9643,28.9643,25
23076,ok,44.0510,39.2472,13
23077,ok,35.1859,35.1859,23
23078,ok,44.2182,44.2182,18
23079,ok,22.6700,22.6700,40
2308,ok,47.0410,47.0410,30
23080,ok,45.3414,45.3414,21
23081,ok,49.8785,49.8785,14
23082,ok,47.4223,47.4223,27
23083,ok,36.4069,36.4069,16
23084,ok,44.4539,39.3199,24
23085,ok,34.2072,34.2072,19
23086,ok,30.7778,30.7778,17
23087,ok,41.0914,41.0914,19
23088,ok,41.0231,41.0231,20
23089,ok,19.2857,19.2857,28
2309,ok,43.9872,43.9872,23
23092,ok,38.0061,38.0061,21
23093,ok,27.5866,27.5866,20
23094,ok,49.2922,48.8743,25
23095,ok,48.3815,48.3815,28
23096,ok,36.4278,36.4278,12
23097,ok,38.3525,38.3525,15
23098,ok,40.1966,40.1966,15
23099,ok,43.8773,43.8773,37
2310,ok,37.9836,37.9836,23
23100,ok,43.4745,43.4745,12
23101,ok,33.9872,33.9872,22
23102,ok,45.1613,45.1613,15
23103,ok,38.1973,38.1973,16
23104,ok,49.9601,49.9601,14
23105,ok,23.4975,23.4975,13
23106,ok,43.7126,43.7126,12
23107,ok,37.8761,37.8761,13
23108,ok,45.7335,45.7335,14
23109,ok,38.2540,38.2540,29
2311,ok,37.0577,37.0577,31
23110,ok,49.5859,49.5859,16
23111,ok,41.6947,41.6947,23
23112,ok,48.6766,48.6766,13
23113,ok,39.0429,39.0429,12
23114,ok,40.3635,40.3635,20
23115,ok,48.4369,48.4369,29
23116,ok,41.2318,41.2318,26
23117,ok,35.3031,35.3031,13
23118,ok,49.5059,49.5059,29
23119,ok,49.5138,49.5138,30
2312,ok,32.3748,32.3748,22
23120,ok,43.6117,43.6117,24
23121,ok,44.4795,44.4795,21
23122,ok,37.0862,37.0862,32
23123,ok,42.2134,42.2134,14
23124,ok,31.5272,31.5272,31
23125,ok,33.3014,33.3014,19
23126,ok,48.1166,48.1166,11
23127,ok,47.9726,42.7411,20
23128,ok,42.1277,42.1277,23
23129,ok,39.8529,39.8529,22
2313,ok,25.0753,25.0753,32
23130,ok,35.0612,35.0612,18
23131,ok,45.4047,45.4047,36
23132,ok,25.3402,25.3402,30
23133,ok,925.6616,44.5440,33
23134,ok,44.7195,44.7195,18
23135,ok,48.2983,48.2983,17
23136,ok,35.6711,35.6711,34
23137,ok,41.6995,41.6995,30
23138,ok,49.1237,49.1237,21
23139,ok,42.9487,42.9487,33
2314,ok,42.5459,42.5459,21
23140,ok,46.0523,46.0523,18
23141,ok,47.9802,47.9802,24
23142,ok,40.6785,40.6785,15
23143,ok,49.9090,49.9090,20
23144,ok,48.4351,48.4351,26
23146,ok,36.0829,36.0829,25
23148,ok,49.2253,49.2253,33
23149,ok,48.6098,48.6098,26
2315,ok,36.0247,32.0962,23
23150,ok,21.6171,20.7799,29
23151,ok,49.8015,49.8015,9
23152,ok,48.6566,48.6566,23
23153,ok,48.1858,48.1858,22
23154,ok,48.0033,48.0033,17
23155,ok,48.3424,48.3424,17
23156,ok,41.1691,41.1691,22
23157,ok,42.1920,42.1920,30
23158,ok,43.7093,43.7093,32
23159,ok,46.4505,46.4505,36
2316,ok,38.7970,38.7970,31
23160,ok,44.8102,44.8102,23
23161,ok,32.2124,32.2124,19
23162,ok,35.5875,35.5875,25
23163,ok,33.5614,33.5614,11
23164,ok,36.2541,36.2541,16
23165,ok,43.8477,43.8477,24
23166,ok,36.3791,36.3791,24
23167,ok,42.4426,42.4426,26
23168,ok,41.2950,41.2950,25
23169,ok,38.2312,38.2312,17
2317,ok,42.1288,42.1288,20
23170,ok,42.3315,42.3315,13
23171,ok,35.9972,35.9972,25
23172,ok,44.9168,44.9168,11
23173,ok,43.8866,43.8866,34
23174,ok,38.8925,38.8925,18
23175,ok,46.2948,46.2948,36
23176,ok,28.2885,28.2885,20
23177,ok,45.3978,45.3978,26
23178,ok,25.4484,25.4484,16
23179,ok,37.6556,37.6556,41
2318,ok,33.6953,33.6953,47
23180,ok,26.7760,26.7760,21
23181,ok,37.5969,37.5969,30
23182,ok,29.8572,29.8572,25
23183,ok,42.9887,42.9887,19
23184,ok,42.9998,42.9998,24
23185,ok,42.2174,42.2174,14
23186,ok,41.1126,41.1126,21
23187,ok,46.6172,46.6172,19
23188,ok,43.6727,43.6727,21
23189,ok,47.2016,47.2016,22
2319,ok,33.4674,33.4674,31
23190,ok,41.5362,41.5362,33
23191,ok,38.4617,38.4617,41
23192,ok,41.1223,41.1223,22
23193,ok,25.7644,25.7644,36
23194,ok,44.1812,44.1812,15
23195,ok,38.0173,38.0173,22
23196,ok,48.1478,48.1478,37
23197,ok,44.4698,44.4698,16
23198,ok,31.9533,31.9533,13
23199,ok,20.3070,20.3070,16
232,ok,49.4941,49.4941,26
2320,ok,43.6809,43.6809,22
23200,ok,34.2642,34.2642,27
23201,ok,40.8862,36.4275,37
23202,ok,37.9259,37.9259,28
23203,ok,49.7035,49.7035,19
23204,ok,40.8789,40.8789,30
23205,ok,42.0157,42.0157,29
23206,ok,47.1183,47.1183,18
23207,ok,47.8606,47.8606,32
23208,ok,29.7306,29.7306,12
23209,ok,49.5510,49.5510,23
2321,ok,33.8925,33.8925,28
23210,ok,25.1087,25.1087,18
23211,ok,33.6654,33.4501,29
23212,ok,48.8198,48.8198,26
23213,ok,42.4804,42.4804,41
23214,ok,40.6373,40.6373,34
23215,ok,48.6673,48.6673,27
23216,ok,49.2488,49.2488,16
23217,ok,48.5939,48.5939,23
23218,ok,45.7406,45.7406,26
23219,ok,46.5231,46.5231,16
2322,ok,49.6916,49.6916,22
23220,ok,45.0390,45.0390,30
23221,ok,49.8800,49.8800,22
23222,ok,35.7618,35.7618,15
23223,ok,33.8880,33.8880,27
23224,ok,47.8556,47.8556,23
23225,ok,31.5734,31.5734,15
23226,ok,29.3148,29.3148,44
23227,ok,43.8135,43.8135,31
23228,ok,34.0351,34.0351,19
23229,ok,33.2296,33.2296,19
2323,ok,38.4839,38.4839,21
23230,ok,39.2509,39.2509,23
23231,ok,47.9065,47.9065,32
23232,ok,48.4390,48.4390,30
23233,ok,47.2004,47.2004,21
23234,ok,49.1126,49.1126,50
23235,ok,40.3333,40.3333,16
23236,ok,45.3141,45.3141,17
23237,ok,41.7161,41.7161,13
23238,ok,38.1221,38.1221,14
23239,ok,47.9514,47.9514,26
2324,ok,45.5266,45.5266,28
23240,ok,19.9168,19.9168,11
23241,ok,47.8373,47.8373,23
23242,ok,39.0271,39.0271,19
23243,ok,44.1268,44.1268,29
23244,ok,34.9522,34.9522,15
23245,ok,47.4560,47.4560,20
23246,ok,27.4213,27.4213,32
23247,ok,49.1008,49.1008,17
23248,ok,30.2800,30.2800,20
23249,ok,49.0816,49.0816,23
2325,ok,39.9092,39.9092,18
23250,ok,27.9715,27.9715,16
23251,ok,48.7988,48.7988,19
23252,ok,31.9069,31.9069,20
23253,ok,48.9858,48.9858,20
23254,ok,30.8494,30.8494,27
23255,ok,36.8666,36.8666,26
23256,ok,49.7526,49.7526,14
23257,ok,48.9491,48.9491,24
23258,ok,26.7155,26.7155,26
23259,ok,43.9784,43.9784,17
2326,ok,43.5982,43.5982,27
23260,ok,49.1935,49.1935,13
23261,ok,46.5776,46.5776,19
23262,ok,37.8665,37.8665,11
23263,ok,41.8448,41.8448,22
23264,ok,18.7009,18.7009,17
23265,ok,26.3014,26.3014,10
23266,ok,40.0176,40.0176,31
23267,ok,44.6072,44.6072,21
23268,ok,44.1511,44.1511,9
23269,ok,34.2658,34.2658,22
2327,ok,49.0052,49.0052,34
23270,ok,46.7317,46.7317,22
23271,ok,46.0155,46.0155,17
23272,ok,39.4669,39.4669,15
23273,ok,41.2386,41.2386,23
23274,ok,44.0509,43.4746,18
23275,ok,43.1855,43.1855,23
23276,ok,43.9194,43.9194,31
23277,ok,36.4811,36.4811,28
23278,ok,31.7554,31.7554,19
23279,ok,38.8656,38.8656,10
2328,ok,49.7187,49.7187,19
23280,ok,33.1798,33.1798,21
23281,ok,29.9040,29.9040,16
23282,ok,48.9675,48.9675,20
23283,ok,29.4426,29.4426,41
23284,ok,45.8815,45.8815,27
23285,ok,32.7059,32.7059,28
23286,ok,22.0448,22.0448,16
23287,ok,49.1792,49.1792,34
23288,ok,44.0084,44.0084,27
23289,ok,30.3958,30.3958,38
2329,ok,16.1426,16.1426,17
23290,ok,40.3572,40.3572,30
23291,ok,42.1720,42.1720,19
23292,ok,44.8255,44.8255,17
23293,ok,49.6052,49.6052,27
23294,ok,34.4124,34.4124,27
23295,ok,43.9524,43.9524,21
23296,ok,42.8181,42.8181,21
23298,ok,38.6773,38.6773,23
23299,ok,49.4857,49.4857,35
233,ok,45.8569,45.8569,26
2330,ok,45.3866,45.3866,24
23300,ok,34.1676,34.1676,36
23301,ok,48.2344,42.9744,28
23302,ok,44.6278,43.4636,34
23303,ok,48.5778,48.5778,20
23304,ok,32.3764,32.3764,21
23305,ok,49.5879,49.5879,33
23306,ok,49.0657,49.0657,27
23307,ok,25.5348,25.5348,25
23308,ok,36.7452,36.7452,16
23309,ok,49.4915,49.4915,23
2331,ok,48.7903,48.7903,26
23310,ok,54.9721,48.9773,18
23311,ok,43.1112,43.1112,25
23312,ok,45.1432,45.1432,14
23313,ok,41.7083,41.7083,27
23314,ok,47.2156,47.2156,19
23315,ok,36.1177,33.4710,25
23316,ok,33.1262,33.1262,13
23317,ok,26.9141,26.9141,22
23318,ok,40.1602,40.1602,29
2332,ok,27.1632,27.1632,31
23320,ok,47.5492,47.5492,14
23322,ok,37.4758,37.4758,26
23323,ok,46.2572,46.2572,13
23324,ok,38.0651,38.0651,29
23325,ok,34.6253,34.6253,33
23326,ok,49.0784,49.0784,19
23327,ok,37.0208,37.0208,21
23328,ok,45.3789,45.3789,38
23329,ok,46.4389,46.4389,44
2333,ok,35.7346,35.7346,23
23330,ok,48.9472,48.0321,24
23331,ok,45.5055,45.5055,40
23332,ok,48.5187,48.5187,23
23333,ok,35.6258,35.6258,35
23334,ok,41.9332,39.5148,28
23335,ok,44.2830,44.2830,31
23336,ok,49.0406,49.0406,14
23337,ok,43.9419,43.9419,22
23338,ok,47.8740,47.8740,14
23339,ok,35.0064,35.0064,15
2334,ok,29.5335,29.5335,16
23340,ok,14.8197,14.8197,10
23341,ok,41.2032,41.2032,13
23342,ok,39.0313,39.0313,26
23343,ok,34.2140,34.2140,24
23344,ok,26.6534,26.6534,21
23345,ok,39.3756,39.3756,23
23346,ok,32.8034,32.8034,28
23347,ok,29.6318,29.6318,26
23348,ok,33.4491,33.4491,22
23349,ok,42.1384,42.1384,17
2335,ok,49.6695,49.6695,41
23350,ok,46.3466,46.3466,34
23351,ok,48.4693,46.9630,20
23352,ok,31.6268,31.6268,10
23353,ok,47.5284,47.5284,15
23354,ok,46.3062,46.3062,28
23355,ok,48.9359,48.9359,19
23356,ok,42.8069,42.8069,28
23357,ok,75.7137,50.7422,34
23358,ok,47.7066,47.7066,25
23359,ok,29.9416,29.9416,25
2336,ok,31.0337,31.0337,35
23361,ok,41.0839,41.0839,13
23362,ok,45.8348,45.8348,28
23363,ok,46.5186,41.4457,15
23364,ok,31.9803,31.9803,8
23365,ok,44.6921,44.6921,34
23366,ok,20.2668,20.2668,30
23367,ok,34.7654,34.7654,20
23368,ok,47.5494,47.5494,15
23369,ok,28.1066,28.1066,31
2337,ok,49.0041,49.0041,23
23370,ok,43.8012,43.8012,16
23371,ok,30.2293,30.2293,27
23372,ok,38.0903,38.0903,26
23373,ok,45.2900,45.2900,15
23374,ok,41.8825,41.8825,30
23375,ok,42.4596,42.4596,20
23376,ok,38.3201,38.3201,27
23377,ok,32.6384,32.6384,32
23378,ok,38.5024,38.5024,15
23379,ok,41.6959,41.6959,16
2338,ok,20.4688,20.4688,13
23380,ok,49.4480,49.4480,28
23381,ok,46.5888,46.5888,19
23382,ok,24.7542,24.7542,26
23383,ok,46.2701,46.2701,27
23384,ok,46.0765,46.0765,12
23385,ok,48.2017,48.2017,11
23386,ok,2183.0933,206.6777,30
23387,ok,37.4449,37.4449,12
23388,ok,31.8643,31.8643,23
23389,ok,47.8401,47.8401,28
2339,ok,31.5658,31.5658,29
23390,ok,44.3785,44.3785,21
23391,ok,41.1467,41.1467,17
23392,ok,44.4394,44.4394,14
23393,ok,23.7007,23.7007,16
23394,ok,34.4258,34.4258,17
23395,ok,27.2261,27.2261,20
23396,ok,41.0498,41.0498,17
23397,ok,26.8028,26.8028,23
23398,ok,30.0772,30.0772,23
23399,ok,42.3338,42.3338,26
234,ok,41.2568,41.2568,27
2340,ok,42.3908,42.3908,32
23400,ok,39.7665,39.7665,16
23401,ok,46.2819,46.2819,16
23402,ok,18.5160,16.4968,15
23403,ok,28.7295,28.7295,26
23404,ok,40.2960,40.2960,17
23405,ok,22.4508,22.4508,15
23406,ok,47.8596,47.8596,17
23407,ok,38.7549,38.7549,23
23408,ok,49.8667,49.2616,24
23409,ok,36.0964,36.0964,29
2341,ok,38.8790,38.8790,13
23410,ok,44.2026,44.2026,14
23411,ok,43.6065,43.6065,25
23412,ok,23.2454,23.2454,10
23413,ok,41.1253,40.6138,26
23414,ok,47.2281,47.2281,35
23415,ok,33.2063,33.2063,31
23416,ok,43.9061,43.9061,28
23417,ok,48.4844,48.4844,16
23418,ok,42.4104,42.4104,9
23419,ok,40.5973,40.5973,20
2342,ok,33.2013,33.2013,36
23420,ok,42.3662,42.3662,16
23421,ok,44.2701,44.2701,40
23422,ok,38.3171,38.3171,21
23423,ok,41.8645,41.8645,20
23424,ok,46.0185,46.0185,18
23425,ok,49.1872,48.5066,17
23426,ok,49.0117,49.0117,33
23427,ok,44.3550,44.3550,18
23428,ok,43.3926,43.3926,27
23429,ok,32.5632,32.5632,20
2343,ok,49.0874,49.0874,31
23430,ok,43.5948,43.5948,17
23431,ok,48.7670,48.7670,20
23432,ok,43.0093,43.0093,37
23433,ok,40.6345,40.6345,25
23434,ok,31.8579,30.6090,29
23435,ok,28.6312,28.6312,28
23436,ok,46.2854,46.2854,14
23437,ok,38.7327,38.7327,17
23438,ok,42.0090,41.8704,20
23439,ok,47.0866,47.0866,18
2344,ok,40.8710,40.8710,22
23440,ok,25.6778,25.6778,13
23441,ok,39.0526,38.6369,17
23442,ok,24.2539,24.2539,16
23443,ok,39.3112,39.3112,13
23444,ok,44.9433,44.9433,17
23445,ok,29.6571,29.6571,28
23446,ok,44.6228,44.6228,26
23447,ok,47.6578,47.6578,41
23448,ok,48.1996,48.1996,14
23449,ok,23.1348,23.1348,40
2345,ok,49.5175,49.5175,38
23450,ok,46.5355,46.5355,18
23451,ok,34.0794,34.0794,27
23452,ok,43.2980,43.2980,21
23453,ok,48.4473,48.4473,17
23454,ok,42.9475,42.9475,26
23455,ok,49.0825,49.0825,21
23456,ok,44.8173,44.8173,34
23457,ok,43.6923,43.6923,31
23458,ok,44.9704,44.9704,37
23459,ok,37.6375,37.6375,29
2346,ok,35.6430,35.6430,18
23460,ok,47.4527,47.1237,19
23461,ok,47.7635,47.7635,30
23462,ok,45.4081,45.4081,27
23463,ok,46.1064,46.1064,31
23464,ok,33.5013,33.5013,25
23465,ok,45.5404,45.5404,43
23466,ok,46.6718,46.6718,29
23468,ok,43.0627,43.0627,44
23469,ok,37.6865,37.6865,18
2347,ok,32.9380,32.9380,21
23470,ok,46.0385,46.0385,18
23471,ok,49.9857,49.9857,20
23472,ok,39.4064,39.4064,22
23473,ok,32.8230,32.8230,29
23474,ok,37.8911,37.8911,31
23475,ok,46.4628,46.4628,34
23476,ok,31.3142,31.3142,39
23477,ok,31.4173,31.4173,19
23478,ok,49.3059,49.3059,24
23479,ok,49.3451,49.3451,16
2348,ok,44.3630,44.3630,20
23480,ok,32.3634,32.3634,35
23481,ok,41.9301,41.9301,18
23482,ok,49.7681,49.7681,36
23483,ok,46.9649,46.9649,19
23484,ok,44.1691,44.1691,36
23485,ok,45.3902,45.3902,22
23486,ok,46.2624,46.2624,20
23487,ok,40.7551,40.7551,24
23488,ok,34.0872,34.0872,23
23489,ok,40.6509,40.6509,26
2349,ok,39.3876,39.3876,28
23490,ok,45.3051,45.3051,25
23491,ok,45.5557,45.5557,33
23492,ok,41.6826,41.6826,28
23493,ok,46.4993,46.4993,27
23494,ok,17.0807,17.0807,33
23495,ok,44.4019,44.4019,15
23496,ok,26.9970,26.9970,22
23497,ok,30.5814,30.5814,37
23498,ok,29.8518,29.8518,21
235,ok,48.5197,48.5197,22
2350,ok,35.8124,35.8124,27
23500,ok,32.2684,32.2684,30
23501,ok,34.9444,34.9444,14
23502,ok,41.3701,41.3701,19
23503,ok,44.8975,44.8975,20
23504,ok,29.5167,29.5167,13
23505,ok,40.8390,40.8390,33
23506,ok,45.4499,45.4499,19
23507,ok,39.9717,39.9717,21
23508,ok,36.0826,36.0826,23
23509,ok,46.9205,46.9205,33
2351,ok,47.0278,47.0278,32
23510,ok,30.9507,30.9507,17
23511,ok,26.1331,26.1331,14
23512,ok,32.7471,32.7471,29
23513,ok,39.2058,39.2058,21
23514,ok,49.1523,47.6339,17
23515,ok,34.5422,34.2961,22
23516,ok,39.7544,39.7544,28
23517,ok,41.8945,41.8945,36
23518,ok,43.1869,43.1869,14
23519,ok,46.4816,46.4816,17
2352,ok,25.2378,25.2378,26
23521,ok,48.5438,48.5438,20
23522,ok,32.3050,32.3050,17
23523,ok,30.0991,30.0991,19
23524,ok,49.3203,49.3203,19
23525,ok,18.2201,18.2201,25
23526,ok,33.0552,33.0552,28
23527,ok,49.8079,49.8079,12
23528,ok,47.5108,47.5108,20
23529,ok,41.9831,41.9831,28
2353,ok,30.4491,27.1286,19
23530,ok,49.7567,49.7567,17
23531,ok,17.4402,17.4402,42
23532,ok,53.0213,47.8578,34
23533,ok,49.9824,49.9824,32
23534,ok,42.5400,42.5400,13
23535,ok,43.1128,43.1128,18
23536,ok,43.3127,43.3127,15
23537,ok,46.5453,46.5453,13
23538,ok,37.9421,37.9421,20
23539,ok,38.2939,38.2939,15
2354,ok,39.0234,39.0234,8
23540,ok,41.9804,41.9804,26
23541,ok,33.2473,33.2473,35
23542,ok,47.0495,47.0495,22
23543,ok,47.8741,47.8741,15
23544,ok,41.3292,41.3292,18
23545,ok,43.0162,43.0162,22
23546,ok,40.1626,40.1626,12
23548,ok,38.7612,38.7612,15
23549,ok,44.6175,44.6175,23
2355,ok,38.1336,38.1336,31
23550,ok,29.5994,29.5994,39
23551,ok,38.7896,38.7896,23
23552,ok,45.5015,45.5015,13
23553,ok,31.7915,31.7915,38
23554,ok,40.5757,40.5757,16
23555,ok,44.1139,44.1139,23
23556,ok,49.2944,49.2944,8
23557,ok,44.2076,44.2076,18
23558,ok,48.0934,48.0934,21
23559,ok,30.3628,30.3628,23
2356,ok,28.5821,28.5821,24
23560,ok,46.4786,46.4786,20
23561,ok,45.2754,44.7240,18
23562,ok,46.9069,46.9069,31
23563,ok,45.7749,45.7749,22
23564,ok,41.1223,41.1223,27
23565,ok,40.8080,40.8080,14
23566,ok,47.2568,47.2568,30
23567,ok,20.6484,20.6484,22
23568,ok,40.7423,40.7423,35
23569,ok,29.5696,29.5696,14
2357,ok,40.8929,40.8929,27
23570,ok,29.6646,29.6646,12
23571,ok,49.6443,49.6443,29
23572,ok,48.1818,48.1818,37
23573,ok,40.3532,40.3532,17
23574,ok,38.5085,38.5085,21
23575,ok,29.4692,29.4692,21
23576,ok,23.4976,23.4976,31
23577,ok,48.5848,48.5848,23
23578,ok,47.5202,47.5202,13
23579,ok,32.8570,32.8570,22
2358,ok,35.7630,35.7630,28
23580,ok,29.3148,29.3148,27
23581,ok,42.8949,42.8949,35
23582,ok,49.3242,49.3242,20
23583,ok,45.8787,45.8787,28
23584,ok,39.1721,39.1721,21
23585,ok,49.9484,49.9484,18
23586,ok,31.3571,31.3571,19
23587,ok,33.0758,33.0758,22
23588,ok,29.3864,29.3864,19
23589,ok,29.0636,29.0636,14
2359,ok,39.2622,39.2622,38
23590,ok,46.4254,46.4254,39
23591,ok,36.6976,32.6957,31
23592,ok,42.0525,42.0525,18
23593,ok,32.1300,32.1300,19
23594,ok,30.4113,30.4113,16
23595,ok,37.7679,37.7678,21
23596,ok,33.5756,33.5756,34
23597,ok,12.4981,12.4981,36
23598,ok,39.7886,39.7886,18
23599,ok,35.1163,35.0235,32
236,ok,35.3918,35.3918,38
2360,ok,47.1583,47.1583,16
23600,ok,45.3059,45.3059,13
23601,ok,43.7901,43.7901,23
23602,ok,45.2027,45.2027,17
23603,ok,42.9835,42.9835,12
23604,ok,34.8278,34.8278,29
23605,ok,26.3611,26.3611,25
23606,ok,48.2896,48.2896,20
23607,ok,42.9667,42.9667,20
23608,ok,46.4601,46.4601,16
23609,ok,46.1191,46.1191,12
2361,ok,30.3391,30.3391,19
23610,ok,48.7453,48.7453,26
23611,ok,41.2048,41.2048,21
23612,ok,46.5346,46.5346,14
23613,ok,40.3636,40.3636,33
23614,ok,42.6157,41.9278,24
23615,ok,30.6606,30.6606,19
23616,ok,34.5319,34.5319,11
23618,ok,34.0383,34.0383,16
23619,ok,39.5390,39.5390,25
2362,ok,46.3445,46.3445,22
23620,ok,45.9291,45.9291,17
23622,ok,45.9164,45.9164,35
23623,ok,40.0045,40.0045,23
23624,ok,49.3000,49.3000,23
23625,ok,30.6636,30.6636,52
23626,ok,35.7066,35.7066,43
23627,ok,46.8786,46.8786,35
23628,ok,40.3217,35.9246,15
23629,ok,36.3672,36.3672,31
2363,ok,42.1234,42.1234,20
23630,ok,38.0904,38.0904,17
23631,ok,34.1176,34.1176,39
23632,ok,21.3799,21.3799,16
23633,ok,35.2469,35.2469,26
23634,ok,48.0063,48.0063,16
23635,ok,33.8408,33.8408,19
23636,ok,37.4082,37.4082,24
23637,ok,47.7318,47.7318,22
23638,ok,39.7469,39.7469,25
23639,ok,47.9410,47.9410,15
2364,ok,47.6015,47.6015,12
23640,ok,45.0391,45.0391,19
23641,ok,38.9748,38.9748,31
23642,ok,34.1799,34.1799,26
23643,ok,36.1249,36.1249,40
23644,ok,45.5900,45.5900,20
23645,ok,25.0954,25.0954,14
23646,ok,47.0343,47.0343,15
23647,ok,40.5969,40.5969,20
23648,ok,41.9473,41.9472,33
23649,ok,46.2753,46.2753,27
2365,ok,35.4219,35.4219,20
23650,ok,49.5999,49.5999,9
23651,ok,32.4322,32.4322,22
23652,ok,49.4868,49.4868,17
23653,ok,46.9648,46.9648,15
23654,ok,45.9518,45.9518,14
23655,ok,47.3557,47.2333,28
23656,ok,41.4073,41.4073,16
23657,ok,30.6331,30.6331,16
23658,ok,39.6061,39.6061,22
23659,ok,31.0908,31.0908,14
2366,ok,39.7053,39.7053,24
23660,ok,42.0332,42.0332,14
23661,ok,47.3287,47.3287,31
23662,ok,42.5813,42.5813,27
23663,ok,47.0382,47.0382,28
23664,ok,41.4865,41.4865,15
23665,ok,28.9544,28.9544,13
23666,ok,40.3043,40.3043,36
23667,ok,46.3859,46.3859,27
23668,ok,44.6893,44.6893,17
23669,ok,49.8693,49.8693,15
2367,ok,48.6121,48.6121,12
23670,ok,49.2439,49.2439,27
23671,ok,32.6593,32.6593,18
23672,ok,29.0915,29.0915,21
23673,ok,44.2945,44.2945,19
23674,ok,49.4634,49.4634,27
23675,ok,39.8708,39.8708,37
23676,ok,48.9244,48.9244,33
23677,ok,24.4952,24.4952,30
23678,ok,36.6649,36.6649,30
23679,ok,34.3405,34.3405,16
2368,ok,41.7305,41.7305,36
23680,ok,38.9946,38.9946,23
23681,ok,40.0560,40.0560,35
23682,ok,39.2739,38.0419,29
23683,ok,42.5605,42.3925,30
23684,ok,42.8957,42.8957,26
23685,ok,36.6320,36.6320,14
23686,ok,29.0185,29.0185,23
23687,ok,41.3241,41.3241,13
23688,ok,39.0384,39.0384,24
23689,ok,39.6626,39.6626,14
2369,ok,32.2127,32.2127,24
23690,ok,49.5948,49.5948,26
23691,ok,48.7594,48.7594,13
23692,ok,45.0903,45.0903,21
23693,ok,48.8828,48.8828,30
23694,ok,44.6226,44.6226,25
23695,ok,51.2535,46.9941,15
23696,ok,33.0900,33.0900,31
23697,ok,48.5310,48.5310,16
23698,ok,26.4089,26.4089,20
23699,ok,36.0537,36.0537,20
237,ok,38.8315,38.8315,13
2370,ok,19.5599,19.5599,41
23700,ok,38.9874,38.9874,27
23701,ok,26.0998,26.0998,17
23702,ok,43.6772,43.6772,30
23703,ok,41.8327,41.8327,21
23704,ok,48.0101,48.0101,24
23705,ok,43.9974,43.9974,17
23706,ok,46.9359,45.4414,26
23707,ok,45.1120,45.1120,16
23708,ok,49.5294,49.5294,17
23709,ok,48.9304,48.9304,28
2371,ok,43.7916,43.7916,24
23710,ok,38.2407,38.2407,14
23711,ok,41.3079,41.3079,25
23712,ok,46.3467,46.3467,22
23713,ok,45.6664,43.3846,22
23714,ok,49.9810,49.9810,21
23715,ok,39.2587,39.2587,10
23716,ok,47.8010,47.8010,15
23717,ok,38.8786,38.8786,35
23718,ok,43.1664,43.1664,22
23719,ok,48.3000,48.1553,31
2372,ok,34.8690,34.8690,25
23720,ok,30.1222,30.1222,25
23721,ok,42.0969,42.0969,32
23722,ok,42.9673,42.9673,36
23723,ok,37.2988,37.2955,23
23724,ok,44.3644,44.3644,44
23725,ok,41.5338,41.5338,30
23726,ok,33.5020,33.5020,29
23727,ok,33.5457,33.5457,14
23728,ok,26.3138,26.3138,30
23729,ok,44.5748,44.5748,19
2373,ok,21.2771,21.2771,15
23730,ok,44.9021,44.9021,22
23731,ok,37.3033,37.3033,35
23732,ok,43.4303,43.4303,15
23733,ok,47.6216,47.6216,21
23734,ok,39.8551,39.8551,13
23735,ok,45.9186,45.9186,26
23736,ok,30.5244,30.5244,19
23737,ok,24.0410,24.0410,22
23738,ok,35.5948,35.5948,14
23739,ok,47.5109,47.5109,24
2374,ok,24.8982,24.8982,18
23740,ok,43.6541,43.6541,14
23741,ok,36.8956,36.1693,23
23742,ok,34.2712,34.2712,26
23743,ok,48.8594,48.8594,23
23744,ok,43.1506,43.1506,34
23745,ok,42.6317,42.3446,18
23746,ok,24.6596,24.6596,18
23747,ok,41.1190,41.1190,18
23748,ok,30.3495,30.3495,17
23749,ok,47.9524,47.9524,10
2375,ok,42.6507,42.6507,36
23750,ok,31.3348,31.3348,23
23751,ok,20.0264,19.0501,14
23752,ok,43.8486,43.8486,14
23753,ok,45.1354,45.1354,14
23754,ok,29.2816,29.2816,22
23755,ok,49.0262,49.0262,19
23756,ok,22.8183,22.8183,16
23757,ok,27.9837,27.4789,22
23758,ok,49.2423,49.2423,23
23759,ok,35.8975,35.8975,39
2376,ok,43.7058,43.7058,28
23760,ok,41.2595,41.2595,22
23761,ok,46.0763,46.0763,15
23762,ok,45.2629,45.2629,15
23763,ok,35.9446,35.9446,13
23764,ok,49.0658,49.0658,16
23765,ok,11.6036,11.6036,20
23766,ok,28.2857,28.2857,26
23767,ok,37.2166,35.8343,27
23768,ok,27.0082,27.0082,16
23769,ok,33.2016,33.2016,19
2377,ok,37.6679,37.6679,25
23770,ok,49.5857,49.5857,18
23771,ok,31.0792,31.0792,25
23772,ok,17.2362,17.2362,18
23773,ok,49.7814,49.7814,17
23774,ok,41.9970,41.9970,19
23775,ok,34.0518,33.8088,19
23776,ok,35.0297,35.0297,12
23778,ok,33.5765,33.5765,32
23779,ok,47.3431,47.3431,15
2378,ok,40.3595,40.3595,10
23780,ok,41.0670,41.0670,12
23781,ok,27.9784,27.9784,10
23782,ok,46.8048,46.8048,10
23783,ok,42.7296,42.7296,33
23784,ok,35.1609,35.1609,27
23785,ok,47.5716,47.5716,32
23786,ok,35.7581,35.7581,36
23787,ok,48.8546,48.8546,12
23788,ok,35.0727,35.0727,13
23789,ok,27.3909,27.3909,17
2379,ok,40.1877,40.1877,26
23790,ok,33.1360,33.1360,24
23791,ok,46.7021,46.7021,21
23792,ok,48.0475,48.0475,18
23793,ok,36.5182,36.5182,28
23794,ok,18.0986,18.0986,16
23795,ok,45.3201,45.3201,18
23796,ok,46.3585,46.3585,25
23797,ok,20.2052,20.2052,53
23798,ok,28.1149,28.1149,33
23799,ok,47.3303,47.3303,13
238,ok,44.8244,44.8244,15
2380,ok,38.3604,38.3604,22
23800,ok,43.3600,43.3600,22
23801,ok,16.4335,16.4335,30
23802,ok,48.4979,48.4979,25
23803,ok,30.0763,30.0763,19
23804,ok,21.5500,21.5500,18
23805,ok,34.2935,34.2935,22
23806,ok,47.9445,47.9445,32
23807,ok,44.7361,44.7361,24
23808,ok,51.8463,49.7382,37
23809,ok,44.2265,44.2265,29
2381,ok,42.8130,42.8130,30
23810,ok,45.4426,45.4426,27
23811,ok,40.1105,40.1105,32
23812,ok,33.3423,33.3423,25
23813,ok,31.7708,31.7708,33
23814,ok,41.3036,41.3036,16
23815,ok,48.8215,48.8215,14
23816,ok,42.4639,42.4639,20
23817,ok,23.7369,23.7369,28
23818,ok,38.7832,38.7832,21
23819,ok,39.4090,39.4090,20
2382,ok,41.4472,41.4472,21
23820,ok,23.6103,23.6103,21
23821,ok,39.2319,39.2319,31
23822,ok,45.1582,45.1582,11
23823,ok,21.7569,21.7569,14
23824,ok,42.6667,42.6667,34
23825,ok,36.2702,36.2702,24
23826,ok,38.1379,38.1379,15
23827,ok,37.5386,37.5386,24
23828,ok,42.1411,42.1411,14
23829,ok,36.1101,36.1101,22
2383,ok,49.5505,49.5505,28
23830,ok,18.1050,18.1050,15
23831,ok,50.5553,49.8119,20
23832,ok,35.7455,35.7455,21
23833,ok,35.0511,35.0511,23
23834,ok,28.7959,28.7959,30
23835,ok,36.9865,36.9865,18
23836,ok,36.2912,36.2912,41
23837,ok,42.5321,42.5321,29
23838,ok,48.5267,48.5267,37
23839,ok,47.1221,47.1221,16
2384,ok,49.7711,49.7711,27
23840,ok,45.7107,45.7107,25
23841,ok,49.5568,49.5568,34
23842,ok,33.3315,33.3315,32
23843,ok,42.4382,42.4382,15
23844,ok,46.3357,46.3357,16
23845,ok,49.0136,49.0136,12
23846,ok,35.7643,35.7643,19
23847,ok,36.3824,36.3824,18
23848,ok,38.9442,38.9442,20
23849,ok,38.4928,38.4928,32
2385,ok,40.3300,40.3300,18
23850,ok,43.4346,43.4346,18
23851,ok,49.7884,49.7884,22
23852,ok,45.5529,45.5529,23
23853,ok,40.5313,40.5313,15
23854,ok,25.5988,25.5988,39
23855,ok,42.9941,42.9941,14
23856,ok,48.1064,48.1064,19
23857,ok,26.6079,26.6079,30
23858,ok,36.1555,36.1555,25
23859,ok,24.8231,24.8231,19
2386,ok,44.9573,44.9573,14
23860,ok,49.5893,49.5893,12
23861,ok,48.6634,48.6634,25
23862,ok,21.7779,21.7779,32
23863,ok,47.9328,47.9328,14
23864,ok,45.2183,45.2183,29
23865,ok,49.3762,48.1474,19
23866,ok,19.1398,19.1398,21
23867,ok,42.9138,42.9138,12
23868,ok,42.8214,42.8214,32
23869,ok,43.6895,42.9722,18
2387,ok,42.7069,42.7069,16
23870,ok,45.6416,45.6416,17
23871,ok,25.6521,25.6521,28
23872,ok,44.6177,44.6177,32
23873,ok,20.4619,20.4619,39
23874,ok,47.5116,47.5116,30
23875,ok,41.3644,41.3644,15
23876,ok,44.4520,44.4199,31
23877,ok,25.4889,25.4889,19
23878,ok,38.1998,37.8737,13
23879,ok,47.5623,47.5623,12
2388,ok,31.0673,31.0673,21
23880,ok,48.8787,48.8787,24
23881,ok,32.3747,32.3747,33
23882,ok,48.3341,48.3341,26
23883,ok,36.6250,36.6250,27
23884,ok,35.1465,35.1465,33
23885,ok,44.9048,44.9048,15
23886,ok,27.5422,27.5422,28
23887,ok,46.4964,46.4964,30
23888,ok,48.4564,48.4564,40
23889,ok,37.0380,37.0380,34
2389,ok,48.3075,48.3075,18
23890,ok,29.3600,29.3600,16
23891,ok,20.3047,20.3047,17
23892,ok,43.8113,43.8113,31
23893,ok,46.2636,46.2636,33
23894,ok,42.6635,42.6635,19
23895,ok,42.7222,42.7222,33
23896,ok,39.4162,39.4162,36
23897,ok,45.9036,45.8760,14
23898,ok,35.9291,35.9291,29
23899,ok,47.8244,47.8244,25
239,ok,35.9376,35.9376,23
2390,ok,49.1490,49.1490,38
23900,ok,46.9740,46.9740,12
23901,ok,46.6954,46.6954,23
23902,ok,40.9785,40.9785,22
23903,ok,49.2579,49.2579,15
23904,ok,34.1366,34.1366,37
23905,ok,28.7094,28.7094,24
23906,ok,44.5917,44.5917,12
23907,ok,29.9717,29.9717,28
23908,ok,33.6137,33.6137,31
23909,ok,40.8795,40.8795,35
2391,ok,38.4364,38.4364,25
23910,ok,47.4320,47.4320,39
23911,ok,36.8691,33.3915,14
23912,ok,45.3705,45.3705,39
23913,ok,41.7678,41.7678,25
23914,ok,25.5552,25.5552,20
23915,ok,49.6034,49.6034,19
23916,ok,48.1310,48.1310,28
23917,ok,39.2923,39.2923,27
23918,ok,48.8410,46.4292,26
23919,ok,45.1454,45.1454,26
2392,ok,36.4672,36.4672,12
23920,ok,48.9998,48.9998,28
23921,ok,32.7003,32.7003,14
23922,ok,45.4102,43.8544,27
23924,ok,48.6871,46.9173,21
23925,ok,39.8750,39.8750,22
23926,ok,18.4334,18.4334,27
23927,ok,38.9158,38.9158,26
23928,ok,45.3088,45.3088,24
23929,ok,45.2358,45.2358,19
2393,ok,47.5414,47.5414,26
23930,ok,49.7457,49.7457,25
23931,ok,46.7677,46.7677,14
23932,ok,42.8405,42.8405,30
23933,ok,42.2527,42.2527,29
23934,ok,44.4811,44.4811,12
23935,ok,43.1300,43.1300,25
23936,ok,44.7972,44.7972,40
23937,ok,43.2330,43.2330,20
23938,ok,38.5216,38.5216,28
23939,ok,35.9793,35.1762,21
2394,ok,49.7761,49.7761,10
23940,ok,46.3667,46.3667,20
23941,ok,33.2034,33.2034,23
23942,ok,39.3317,39.3317,17
23943,ok,44.3460,44.3460,30
23944,ok,44.4447,44.4447,29
23945,ok,37.3058,37.3057,28
23946,ok,42.8380,42.8380,19
23947,ok,47.6777,47.6777,9
23948,ok,48.7800,48.7800,19
23949,ok,38.8739,38.8739,23
2395,ok,48.1750,48.1750,22
23950,ok,22.0352,22.0352,20
23951,ok,45.3424,45.3424,10
23952,ok,36.8272,36.8272,30
23953,ok,46.5410,46.5410,37
23954,ok,40.3665,39.9800,26
23955,ok,28.7308,28.7308,19
23956,ok,48.0875,48.0875,16
23957,ok,33.8467,33.8467,30
23958,ok,45.9266,45.9266,28
23959,ok,31.0725,31.0725,18
2396,ok,41.8697,41.8697,27
23960,ok,41.8423,41.8423,42
23961,ok,31.4573,31.4573,23
23962,ok,46.8882,46.8882,14
23963,ok,43.2368,43.2368,11
23964,ok,49.2734,49.2734,20
23965,ok,28.7308,28.7308,24
23966,ok,17.4043,17.4043,24
23967,ok,36.9973,36.9973,19
23968,ok,44.8795,44.5307,22
23969,ok,47.0440,47.0440,24
2397,ok,43.8241,43.8241,17
23970,ok,45.1115,45.1115,18
23971,ok,32.1209,32.1209,21
23972,ok,43.5620,43.5620,14
23973,ok,38.2161,38.2161,15
23974,ok,41.7639,41.7639,31
23975,ok,37.3052,37.3052,36
23976,ok,48.7335,48.7335,33
23977,ok,43.7033,43.7033,36
23978,ok,45.2506,43.2135,22
23979,ok,41.3019,40.6884,13
2398,ok,43.2587,43.2587,37
23980,ok,46.9917,46.9917,9
23981,ok,30.5526,30.5526,32
23982,ok,45.5437,45.5437,30
23983,ok,49.7552,49.7552,47
23984,ok,48.8987,48.8987,19
23985,ok,47.3620,47.3620,33
23986,ok,36.2954,36.2954,37
23987,ok,49.8660,49.8660,15
23988,ok,42.3827,42.3827,26
23989,ok,33.2306,33.2306,20
2399,ok,35.3245,35.3245,17
23990,ok,24.8208,24.8208,18
23991,ok,34.2921,32.5943,27
23992,ok,28.5032,28.5032,22
23993,ok,47.7271,47.7271,22
23994,ok,29.5944,29.5944,14
23995,ok,44.1613,44.1613,17
23996,ok,45.9978,45.9978,22
23997,ok,41.4321,41.4321,21
23998,ok,49.5019,49.5019,18
23999,ok,46.0052,46.0052,23
24,ok,44.1274,44.1274,17
240,ok,42.0022,42.0022,28
2400,ok,42.0898,42.0898,26
24000,ok,41.3259,41.3259,16
24001,ok,48.7286,48.7286,11
24002,ok,46.9371,46.9371,16
24003,ok,14.0084,14.0084,22
24004,ok,48.7612,48.7612,14
24005,ok,50.2674,49.0313,24
24006,ok,32.9668,32.9668,17
24007,ok,44.6199,44.6199,29
24008,ok,39.4629,39.4629,16
24009,ok,47.4377,47.4377,35
2401,ok,43.6894,43.6894,17
24010,ok,37.5610,37.5610,24
24011,ok,26.1773,26.1773,22
24013,ok,38.0198,38.0198,29
24014,ok,34.8185,34.8185,26
24015,ok,36.1812,36.1812,14
24016,ok,1564.3943,154.2791,30
24017,ok,47.7117,47.7117,36
24018,ok,48.2644,47.6334,15
24019,ok,33.6840,33.6840,19
2402,ok,38.8385,38.8385,18
24020,ok,47.9642,47.9642,35
24021,ok,39.7172,39.7172,16
24022,ok,48.8507,48.8507,25
24023,ok,45.1861,45.1861,58
24024,ok,29.3964,28.3779,25
24025,ok,40.7860,40.7860,25
24026,ok,44.9836,44.9836,33
24027,ok,29.4390,29.4390,25
24028,ok,35.4435,35.4435,40
24029,ok,39.5752,39.5752,19
2403,ok,33.2883,33.2883,19
24030,ok,39.7545,39.7545,28
24031,ok,49.2573,49.2573,14
24032,ok,41.4314,41.4314,15
24033,ok,41.9913,37.9855,21
24034,ok,49.9390,49.9390,14
24035,ok,42.3092,42.3092,26
24036,ok,45.9202,45.9202,21
24037,ok,35.5956,35.5956,23
24038,ok,30.8649,30.8649,24
24039,ok,36.7842,36.7842,20
2404,ok,45.3413,45.3413,29
24040,ok,45.3972,45.3972,14
24041,ok,46.2791,46.2791,8
24042,ok,38.6339,38.6339,13
24043,ok,44.1221,44.1221,24
24044,ok,41.8744,41.8744,19
24045,ok,34.6646,34.6646,21
24046,ok,29.0124,29.0124,13
24047,ok,42.3308,42.3308,23
24048,ok,32.3240,32.3240,14
24049,ok,26.2306,26.2306,15
2405,ok,43.9672,43.9672,29
24050,ok,26.3174,26.3174,26
24051,ok,22.6786,22.6786,18
24052,ok,31.4814,31.4814,18
24053,ok,30.2682,30.2682,29
24054,ok,30.6201,30.6201,21
24055,ok,44.1710,44.1710,19
24056,ok,36.4205,36.4205,18
24057,ok,47.6444,47.6444,30
24058,ok,47.2424,47.2424,32
24059,ok,42.1578,42.1578,38
2406,ok,38.5163,38.5163,10
24060,ok,43.6361,43.6361,23
24061,ok,35.4601,35.4601,31
24062,ok,38.6882,38.6882,19
24063,ok,43.8585,43.4816,24
24064,ok,34.1709,33.7859,32
24065,ok,47.0955,47.0955,20
24066,ok,36.3959,36.3959,14
24067,ok,39.3770,39.3770,34
24068,ok,34.6628,34.6628,32
24069,ok,53.0264,48.5724,14
2407,ok,36.9340,36.9340,29
24070,ok,42.9268,42.9268,38
24071,ok,46.5659,46.5659,18
24072,ok,31.3147,31.3147,30
24073,ok,29.3074,29.3074,21
24074,ok,31.8885,31.8885,34
24075,ok,41.8422,41.8422,23
24076,ok,47.4589,47.4589,21
24077,ok,38.4816,38.4816,31
24078,ok,36.5754,36.5754,16
24079,ok,45.3327,45.3327,31
2408,ok,42.1415,42.1415,21
24080,ok,41.7220,41.7220,30
24081,ok,45.2808,45.2808,25
24082,ok,41.1914,41.1914,17
24083,ok,33.2255,33.2255,29
24084,ok,49.2513,49.2513,20
24085,ok,23.8009,23.8009,24
24086,ok,39.0325,39.0325,17
24087,ok,43.9657,43.9657,27
24088,ok,48.5074,48.5074,21
24089,ok,27.5746,27.5746,32
2409,ok,38.2758,38.2758,23
24090,ok,46.7396,46.7396,16
24091,ok,48.1450,48.1450,10
24092,ok,45.8485,45.8485,17
24093,ok,36.5071,36.5071,26
24094,ok,43.4259,43.4259,38
24095,ok,32.9267,32.9267,22
24096,ok,23.0928,23.0928,26
24097,ok,34.2980,34.2980,26
24098,ok,44.6339,44.6339,22
24099,ok,37.2009,33.1440,12
241,ok,42.7555,42.7555,42
2410,ok,42.1286,42.1286,32
24100,ok,28.6003,28.6003,15
24101,ok,43.5079,43.2517,17
24102,ok,33.8890,33.8890,19
24103,ok,38.6283,38.6283,24
24104,ok,49.4212,49.4212,15
24105,ok,45.9603,45.9603,8
24106,ok,49.2052,49.2052,23
24107,ok,27.0209,27.0209,21
24108,ok,38.2224,38.2224,18
24109,ok,49.9819,49.9819,33
2411,ok,35.4024,35.4024,43
24110,ok,22.8944,22.8944,26
24111,ok,27.0339,27.0339,35
24112,ok,39.5252,39.5252,11
24113,ok,49.5857,49.5857,32
24114,ok,22.6957,22.6957,24
24115,ok,46.0798,46.0798,22
24116,ok,45.9294,45.9294,18
24117,ok,45.0730,45.0730,21
24118,ok,23.5624,23.5624,47
24119,ok,37.8474,37.8474,28
2412,ok,44.6824,44.6824,21
24120,ok,45.9009,45.9009,21
24121,ok,43.5761,43.5761,16
24122,ok,49.2349,49.2349,15
24123,ok,38.4874,38.4874,19
24124,ok,35.5628,35.5628,30
24125,ok,31.4068,31.4068,28
24126,ok,36.7940,36.7940,32
24127,ok,46.5867,46.5867,33
24128,ok,49.0760,45.7057,23
24129,ok,27.0829,27.0829,15
2413,ok,44.6247,44.6247,29
24130,ok,41.1826,41.1826,17
24131,ok,46.7960,46.7960,17
24132,ok,34.8756,34.8756,17
24133,ok,46.2004,46.2004,25
24134,ok,46.1373,45.6033,42
24135,ok,36.2117,36.2117,25
24136,ok,41.5105,41.5105,26
24137,ok,46.2106,46.2106,38
24138,ok,48.8910,48.8910,39
24139,ok,41.9772,41.9772,20
2414,ok,47.6380,47.6380,17
24140,ok,41.7640,41.7640,30
24141,ok,27.5532,27.5532,16
24142,ok,35.5818,35.5818,21
24143,ok,42.5684,42.5684,13
24144,ok,45.9666,45.9666,31
24145,ok,38.2169,38.2169,21
24146,ok,25.6284,25.6284,20
24147,ok,49.3318,49.3318,23
24148,ok,26.4252,26.4252,28
24149,ok,49.2134,46.7980,29
2415,ok,35.0590,35.0590,27
24150,ok,34.7311,34.6040,27
24151,ok,26.3035,25.9654,27
24152,ok,46.3555,46.3555,28
24153,ok,20.4156,20.4156,34
24154,ok,37.4818,37.4818,27
24155,ok,21.7690,21.7690,21
24156,ok,45.6854,45.6854,22
24157,ok,36.1196,36.1196,20
24158,ok,42.3514,42.3514,24
24159,ok,40.8707,40.8707,20
2416,ok,45.3178,45.3178,27
24160,ok,45.6943,45.6943,16
24161,ok,45.8170,45.8170,19
24162,ok,32.0562,32.0562,24
24163,ok,49.1597,49.1597,12
24164,ok,48.0434,48.0434,24
24165,ok,46.5389,46.5389,27
24166,ok,37.7514,37.7514,28
24167,ok,41.0806,41.0806,26
24168,ok,41.3803,41.3803,14
24169,ok,41.3479,41.3479,22
2417,ok,37.1018,37.1018,18
24170,ok,47.1621,47.1621,14
24171,ok,24.9922,24.7748,28
24172,ok,46.6686,46.6686,28
24173,ok,40.3575,40.3575,28
24174,ok,49.4827,49.4827,27
24175,ok,44.1998,44.1998,12
24176,ok,49.5168,49.5168,13
24177,ok,27.7958,25.2640,23
24178,ok,32.2244,32.2244,29
24179,ok,46.8632,46.8632,22
2418,ok,40.9323,40.9323,32
24180,ok,49.3401,49.3401,15
24181,ok,40.1190,40.1190,11
24182,ok,47.2018,47.2018,13
24183,ok,49.6843,49.6843,13
24184,ok,41.4923,40.0100,19
24185,ok,29.8575,29.8575,17
24186,ok,43.9980,43.9980,26
24187,ok,39.8278,39.8278,25
24189,ok,29.8839,29.8839,26
2419,ok,38.5547,38.5547,29
24190,ok,44.5134,44.5134,13
24191,ok,35.2131,35.2131,29
24192,ok,46.2528,46.2528,29
24193,ok,42.2325,42.2325,38
24194,ok,46.9430,46.9430,15
24195,ok,41.5632,41.5261,16
24196,ok,46.9140,46.9140,14
24197,ok,40.9606,40.9606,13
24198,ok,45.1166,45.1166,41
24199,ok,46.7622,46.7622,35
242,ok,30.2154,30.2154,16
2420,ok,42.6976,42.6976,40
24200,ok,38.4680,38.4680,38
24201,ok,48.0113,48.0113,26
24202,ok,47.7411,47.7411,35
24203,ok,40.2629,40.2629,27
24204,ok,35.5102,35.5102,29
24205,ok,46.5020,46.5020,24
24206,ok,34.8589,34.8589,31
24207,ok,31.2985,31.2985,18
24208,ok,44.5042,44.5042,18
24209,ok,33.8378,33.8378,39
2421,ok,47.9329,47.9329,20
24210,ok,41.3746,41.3746,27
24211,ok,34.9446,33.3556,22
24212,ok,43.5147,43.5147,22
24213,ok,47.9752,46.4657,19
24214,ok,37.7822,37.7822,26
24215,ok,33.5064,33.5064,22
24216,ok,47.9348,42.7793,19
24217,ok,37.1165,37.1165,14
24218,ok,41.3445,40.7480,38
24219,ok,41.8467,41.8467,21
2422,ok,47.9925,47.9925,29
24220,ok,49.6851,49.6851,31
24221,ok,33.9115,33.9115,15
24222,ok,47.6993,47.6993,31
24223,ok,45.6772,45.6772,26
24224,ok,45.7148,45.7148,33
24225,ok,42.8329,42.8329,29
24226,ok,47.3257,47.3257,18
24227,ok,17.2972,17.2972,22
24228,ok,40.0085,40.0085,15
24229,ok,36.0548,36.0548,26
2423,ok,41.1221,39.8048,30
24230,ok,45.2127,45.2127,27
24231,ok,25.2727,25.2727,17
24232,ok,49.4170,49.4170,16
24233,ok,42.8563,42.8563,35
24234,ok,47.0574,47.0574,36
24235,ok,42.8293,42.8293,17
24236,ok,24.0899,24.0899,33
24237,ok,14.8421,14.3970,28
24238,ok,48.7400,43.8760,14
24239,ok,43.0168,43.0168,27
2424,ok,39.4847,35.1789,25
24240,ok,34.4202,29.5327,25
24241,ok,48.4365,48.4365,27
24242,ok,47.4935,47.4935,35
24243,ok,49.5736,49.5736,29
24244,ok,28.9871,28.9871,30
24245,ok,33.5923,33.5923,28
24246,ok,42.6243,42.6243,11
24247,ok,25.5597,25.5597,28
24248,ok,41.7077,41.7077,25
24249,ok,24.3522,24.3522,30
2425,ok,30.7024,30.7024,19
24250,ok,48.2370,48.2370,22
24251,ok,44.4795,44.4795,18
24252,ok,28.4186,28.4186,26
24253,ok,48.7131,48.7131,36
24254,ok,38.9254,37.4406,15
24255,ok,45.4393,45.4393,38
24256,ok,39.6664,39.6664,28
24257,ok,44.6654,44.6654,21
24258,ok,46.9785,46.0313,29
24259,ok,43.9988,43.9988,31
2426,ok,49.5750,49.5750,17
24260,ok,27.8901,27.8901,32
24261,ok,45.1102,45.1102,27
24262,ok,31.4260,31.4260,15
24263,ok,32.4292,32.4292,19
24264,ok,33.6417,33.6417,25
24265,ok,30.5552,30.5552,13
24266,ok,38.8546,37.9848,14
24267,ok,47.2912,47.2912,15
24268,ok,37.7431,37.7431,19
24269,ok,34.6566,34.6566,24
2427,ok,40.8012,40.8012,25
24270,ok,43.0406,43.0406,28
24271,ok,37.9104,37.9104,33
24272,ok,43.3213,43.3213,26
24273,ok,44.0117,44.0117,29
24274,ok,47.9110,47.9110,19
24275,ok,40.9124,40.9124,13
24276,ok,45.2792,45.2792,18
24277,ok,32.3363,32.3363,12
24278,ok,21.6887,21.6887,22
24279,ok,45.1489,45.1489,27
2428,ok,43.0436,43.0436,22
24280,ok,44.5576,44.5576,17
24281,ok,20.2383,20.2383,13
24282,ok,28.7382,28.7382,24
24283,ok,42.3550,42.3550,17
24284,ok,37.4300,37.4300,41
24285,ok,45.9113,45.9113,16
24286,ok,29.1142,29.1142,20
24287,ok,49.6281,49.6281,32
24288,ok,52.2531,46.5548,14
24289,ok,43.5604,43.5604,13
2429,ok,48.8053,48.8053,31
24290,ok,41.3778,41.3778,22
24291,ok,47.7196,47.7196,15
24292,ok,48.5183,48.5183,16
24293,ok,33.0953,33.0953,19
24294,ok,48.6887,48.6887,26
24295,ok,48.7954,48.7954,31
24296,ok,35.2937,35.2937,29
24297,ok,47.0633,47.0633,13
24298,ok,47.7783,46.9518,12
24299,ok,33.2316,33.2316,26
243,ok,26.6599,26.6599,22
2430,ok,23.7814,23.7814,23
24300,ok,27.5908,27.5908,30
24301,ok,47.8486,47.8486,10
24302,ok,49.6702,49.6702,26
24303,ok,36.1296,36.1296,17
24304,ok,37.8190,37.8190,14
24305,ok,34.0124,34.0124,19
24306,ok,42.6708,42.6708,12
24307,ok,49.5484,49.5484,20
24308,ok,49.8892,49.8892,17
24309,ok,47.9286,47.9286,27
2431,ok,23.0539,23.0539,20
24310,ok,45.9842,45.9842,11
24311,ok,37.1587,37.1587,30
24312,ok,19.1993,19.1993,25
24313,ok,37.3835,37.3835,41
24314,ok,38.8234,38.8234,24
24315,ok,36.8043,36.8043,42
24316,ok,31.5185,31.5185,29
24317,ok,38.8652,38.8652,39
24318,ok,42.4136,42.4136,43
24319,ok,43.5307,43.5307,20
2432,ok,39.9640,39.9640,8
24320,ok,22.2397,22.2397,30
24321,ok,40.7205,40.7205,20
24322,ok,46.6023,46.6023,34
24323,ok,42.8756,42.8756,11
24324,ok,46.8048,46.8048,31
24325,ok,42.1978,38.0457,33
24326,ok,40.1738,40.1738,24
24327,ok,34.3016,34.3016,29
24328,ok,34.1493,34.1493,39
24329,ok,29.7859,29.7859,17
2433,ok,43.6562,43.6562,32
24330,ok,40.7098,40.7098,39
24331,ok,42.8804,42.8804,21
24332,ok,34.8944,32.5877,10
24333,ok,35.8619,35.8619,17
24334,ok,41.5570,41.5570,14
24335,ok,40.2937,40.2937,10
24336,ok,38.4218,38.4218,17
24337,ok,49.0635,49.0635,15
24338,ok,48.7320,48.7320,13
24339,ok,34.1816,34.1816,32
2434,ok,28.6193,28.6193,13
24340,ok,48.1923,48.1923,40
24341,ok,21.7793,20.4691,16
24342,ok,31.8110,31.8110,34
24343,ok,46.4872,46.4872,25
24344,ok,41.8584,41.8584,13
24345,ok,34.2109,34.2109,22
24346,ok,42.3987,42.3987,25
24347,ok,22.9091,22.9091,16
24348,ok,47.8620,47.8620,26
24349,ok,46.4996,46.4996,15
2435,ok,45.3606,45.3606,33
24350,ok,48.5245,48.5245,40
24351,ok,40.0011,36.0907,9
24352,ok,36.8035,36.8035,23
24353,ok,48.0854,48.0854,34
24354,ok,38.6767,37.8913,25
24355,ok,33.1067,33.1067,16
24356,ok,35.8478,35.8478,14
24357,ok,47.3637,47.3637,25
24358,ok,48.5065,48.5065,20
24359,ok,44.4183,43.8802,30
2436,ok,45.9793,45.9793,24
24360,ok,47.9169,47.9169,31
24361,ok,43.9672,43.6956,27
24362,ok,49.2677,49.2677,32
24363,ok,19.2256,19.2256,24
24364,ok,34.1301,34.1301,34
24365,ok,28.6114,28.6114,14
24366,ok,48.1839,48.1839,37
24368,ok,34.4770,34.4770,24
24369,ok,25.1640,25.1640,27
2437,ok,31.2142,31.2142,18
24370,ok,35.1238,35.1238,37
24371,ok,38.8211,38.8211,14
24372,ok,44.6953,44.6953,29
24373,ok,30.8373,30.8373,33
24374,ok,43.1787,43.1787,39
24375,ok,39.2587,39.2587,16
24376,ok,39.4099,39.4099,10
24377,ok,39.5509,39.5509,18
24378,ok,37.7110,37.7110,21
24379,ok,41.4349,41.4349,28
2438,ok,30.6381,30.6381,31
24380,ok,49.5184,49.5184,31
24381,ok,44.1712,44.1712,16
24382,ok,41.8039,41.8039,24
24383,ok,44.4962,44.4962,26
24384,ok,40.4538,40.4538,29
24385,ok,41.5207,41.5207,20
24386,ok,45.5095,45.5095,34
24387,ok,47.9038,47.9037,23
24388,ok,48.4041,48.4041,12
24389,ok,45.2886,45.2886,24
2439,ok,20.1771,20.1771,18
24391,ok,37.7388,37.7388,15
24392,ok,47.8722,47.8722,30
24393,ok,37.6043,37.6043,20
24394,ok,46.9164,41.8001,13
24395,ok,45.5175,45.5175,40
24396,ok,29.8733,29.8733,33
24397,ok,31.8948,31.8948,22
24398,ok,44.6410,44.6410,36
24399,ok,43.3364,43.3364,15
244,ok,42.7040,42.7040,15
2440,ok,49.5100,49.5100,19
24400,ok,44.9618,44.9618,26
24401,ok,39.2454,39.2453,16
24402,ok,47.9037,47.9037,19
24403,ok,43.1363,43.1363,21
24404,ok,49.7178,49.7178,34
24405,ok,35.2971,35.2971,37
24406,ok,44.7193,44.7193,22
24407,ok,34.0634,34.0634,20
24408,ok,28.6201,28.6201,24
24409,ok,39.8388,39.8388,12
2441,ok,39.5280,39.5280,16
24410,ok,48.3811,48.3811,34
24411,ok,36.7780,36.7780,10
24412,ok,42.7727,42.7727,18
24414,ok,46.3714,46.3714,31
24415,ok,46.6935,46.6932,27
24416,ok,32.9930,32.9930,30
24417,ok,43.1600,43.1600,41
24418,ok,46.1490,46.1490,20
24419,ok,25.0810,25.0810,25
2442,ok,39.3295,39.3295,29
24420,ok,34.8462,34.8462,23
24421,ok,48.1899,48.1899,34
24422,ok,48.4076,48.4076,27
24423,ok,44.6129,44.6129,24
24424,ok,46.4765,46.4765,25
24425,ok,46.9092,46.9092,19
24426,ok,42.7147,42.5415,11
24427,ok,37.7959,37.7959,26
24428,ok,49.5335,49.5335,14
24429,ok,47.7332,47.7332,15
2443,ok,43.0386,39.1290,22
24430,ok,33.2708,33.2708,25
24432,ok,47.2067,47.2067,29
24433,ok,46.0298,46.0298,41
24434,ok,43.6776,43.6776,17
24435,ok,37.2519,37.2519,27
24436,ok,49.8895,49.8895,23
24437,ok,44.0363,44.0363,26
24438,ok,39.1198,39.1198,25
24439,ok,44.1268,44.1268,20
2444,ok,33.8584,33.8584,20
24440,ok,47.4298,47.4298,38
24441,ok,42.9389,42.9389,22
24442,ok,44.2249,44.2249,15
24443,ok,29.3267,29.3267,27
24444,ok,48.4072,48.4072,27
24445,ok,43.3050,43.3050,22
24446,ok,42.0408,42.0408,15
24447,ok,48.3119,48.3119,24
24448,ok,48.6780,48.6780,17
24449,ok,32.1078,32.1078,17
2445,ok,29.1738,29.1738,14
24450,ok,40.5825,40.5825,26
24451,ok,33.7550,33.7550,18
24452,ok,48.3923,48.3923,25
24453,ok,48.1160,48.1160,17
24454,ok,34.6841,34.6841,20
24455,ok,43.3113,43.3113,30
24456,ok,32.4187,32.4187,32
24457,ok,45.7307,45.7307,16
24458,ok,40.5032,40.5032,20
24459,ok,34.2381,34.2381,25
2446,ok,32.3453,32.3453,12
24460,ok,37.4672,37.4672,17
24461,ok,44.5178,44.5178,15
24462,ok,38.9577,38.9577,23
24463,ok,44.4820,44.4820,10
24464,ok,38.9284,38.9284,30
24465,ok,18.7693,18.7693,19
24466,ok,47.2289,47.2289,21
24467,ok,41.2532,41.2532,28
24468,ok,29.8277,29.8277,18
24469,ok,45.0197,45.0197,19
2447,ok,41.2184,41.2184,24
24470,ok,39.3824,39.3824,10
24471,ok,35.4855,35.4855,14
24472,ok,48.1828,48.1828,31
24474,ok,47.8240,47.8240,37
24475,ok,49.1926,49.1926,26
24476,ok,41.1668,41.1668,20
24477,ok,43.8664,43.8664,14
24478,ok,33.6098,33.6098,29
24479,ok,20.4886,20.4886,26
2448,ok,30.1533,30.1533,17
24480,ok,45.7470,45.7470,34
24481,ok,24.1966,24.1966,15
24482,ok,38.4922,37.8995,18
24483,ok,20.4764,20.4764,19
24484,ok,45.5255,45.5255,26
24485,ok,45.8286,45.8286,21
24486,ok,41.2545,41.2545,27
24487,ok,30.3293,30.3293,15
24488,ok,36.2437,36.2437,32
24489,ok,49.9179,49.9179,22
2449,ok,38.5365,38.5365,33
24490,ok,48.8837,48.8837,36
24491,ok,48.0893,48.0006,32
24492,ok,35.0352,35.0352,28
24493,ok,37.8473,37.8473,16
24494,ok,49.0125,49.0125,14
24495,ok,45.6346,44.4344,24
24496,ok,40.5944,40.5252,30
24497,ok,35.2454,35.2454,18
24498,ok,48.8386,47.3264,14
24499,ok,41.3020,41.3020,40
245,ok,33.4185,33.4185,9
2450,ok,47.4158,47.4158,19
24500,ok,38.6402,38.6402,19
24501,ok,43.1784,43.1784,27
24502,ok,48.7878,48.7878,24
24503,ok,29.9170,29.9170,36
24504,ok,48.2834,48.2834,24
24505,ok,14.9963,14.8911,36
24506,ok,37.6010,37.6010,22
24507,ok,47.1719,47.1719,33
24508,ok,38.7109,38.7109,17
24509,ok,46.7200,46.7200,17
2451,ok,40.9417,40.9417,15
24510,ok,38.5153,38.5153,30
24511,ok,49.6426,49.6426,21
24512,ok,45.4138,45.4138,36
24513,ok,32.6817,32.6817,14
24514,ok,23.4790,23.4790,29
24515,ok,47.3403,47.3403,24
24516,ok,46.8745,46.8745,20
24517,ok,49.6119,49.6119,12
24518,ok,38.4153,38.4153,24
24519,ok,47.4882,47.4882,29
2452,ok,46.1313,46.1313,16
24520,ok,23.4024,23.4024,10
24521,ok,26.4351,26.4351,19
24522,ok,33.8904,33.8904,27
24523,ok,30.7583,30.7583,16
24524,ok,45.0941,43.6545,25
24525,ok,40.0875,40.0875,23
24526,ok,47.9329,47.9329,20
24527,ok,47.4766,47.4766,22
24528,ok,47.6228,47.6228,33
24529,ok,33.7064,33.7064,29
2453,ok,45.6821,45.6821,36
24530,ok,34.5138,34.5138,35
24531,ok,52.3687,46.6578,17
24532,ok,41.9395,41.9395,16
24533,ok,37.2574,37.2574,16
24534,ok,45.1653,45.1653,21
24535,ok,49.0301,49.0301,17
24536,ok,37.3879,37.3879,11
24537,ok,44.3734,44.3734,12
24538,ok,48.9314,48.9314,11
24539,ok,32.1263,32.1263,18
2454,ok,45.4054,45.4054,16
24540,ok,46.4068,46.4068,30
24541,ok,37.1332,37.1332,15
24542,ok,40.4372,40.4372,31
24544,ok,42.8150,42.8150,16
24545,ok,42.5404,42.5404,17
24546,ok,45.6469,45.6469,27
24547,ok,29.8183,29.8183,39
24548,ok,33.9678,33.9678,41
24549,ok,48.4947,48.4947,20
2455,ok,28.9489,28.9489,14
24550,ok,39.0816,39.0816,23
24551,ok,45.6315,45.6315,29
24552,ok,47.2780,47.2780,14
24553,ok,54.8095,48.8324,16
24554,ok,43.5234,43.5234,19
24555,ok,49.8301,49.8301,20
24556,ok,46.0498,45.5703,20
24557,ok,34.3933,34.3933,24
24558,ok,48.1118,48.1118,23
24559,ok,44.7773,44.7773,23
2456,ok,41.6878,41.6878,26
24560,ok,282.3020,39.9821,14
24561,ok,39.7639,39.7639,31
24562,ok,45.2152,45.2152,21
24563,ok,46.9470,46.9470,46
24564,ok,51.4187,49.9315,30
24565,ok,40.9174,40.9174,16
24566,ok,42.2347,42.2347,17
24567,ok,41.1801,41.1801,19
24568,ok,41.3600,41.3600,40
24569,ok,43.3027,42.5751,11
2457,ok,27.4894,27.4894,33
24570,ok,29.7877,29.7877,19
24571,ok,17.3269,17.3269,26
24572,ok,49.4923,49.4923,40
24574,ok,45.5200,45.5200,17
24575,ok,46.7786,46.7786,33
24576,ok,44.8855,44.8855,28
24577,ok,47.7035,47.7035,34
24578,ok,41.4170,36.9004,15
24579,ok,33.7554,33.7554,24
2458,ok,31.6967,31.6967,21
24580,ok,49.0985,49.0985,28
24581,ok,34.3991,34.3991,21
24582,ok,47.8304,47.8304,34
24583,ok,46.7758,46.7757,17
24584,ok,35.0070,35.0070,29
24585,ok,32.7983,32.7983,29
24586,ok,29.8681,29.8681,38
24587,ok,33.8902,33.8902,24
24588,ok,31.2910,31.2910,13
24589,ok,27.4882,27.4882,39
2459,ok,30.9208,30.9208,36
24590,ok,43.8035,43.8035,17
24591,ok,40.5865,40.5865,27
24592,ok,49.2298,49.2298,18
24593,ok,35.5637,35.5637,18
24594,ok,37.8957,37.8957,15
24595,ok,22.9058,22.9058,38
24596,ok,36.7735,36.7730,33
24597,ok,35.5335,35.5335,16
24598,ok,44.6795,44.6795,20
24599,ok,41.7708,41.7708,19
246,ok,49.8055,49.8055,20
2460,ok,45.6745,45.6745,22
24600,ok,43.2624,43.2624,15
24601,ok,30.4436,30.4436,11
24602,ok,35.4883,35.4883,31
24603,ok,30.3841,30.3841,19
24604,ok,46.0065,46.0065,17
24605,ok,47.0617,47.0617,47
24606,ok,49.2320,49.2320,18
24607,ok,40.2940,40.2940,21
24608,ok,38.3598,38.3598,23
24609,ok,48.4072,48.4072,34
2461,ok,30.2082,30.2082,18
24610,ok,32.7265,32.7265,24
24611,ok,41.7794,41.7794,23
24612,ok,38.5907,38.5907,16
24613,ok,45.6756,45.6756,38
24614,ok,49.2472,49.2472,17
24615,ok,41.0504,39.1715,36
24616,ok,42.0733,42.0733,31
24617,ok,39.7510,39.7510,16
24618,ok,22.4459,22.4459,27
24619,ok,26.4330,26.4330,27
2462,ok,34.3585,34.3585,25
24620,ok,43.0582,43.0582,34
24621,ok,39.1370,39.1370,15
24622,ok,43.1602,43.1602,19
24623,ok,46.4743,46.4743,34
24624,ok,38.4671,38.4671,32
24625,ok,33.2210,33.2210,18
24626,ok,22.3324,22.3324,10
24627,ok,40.7109,40.7109,18
24628,ok,47.8068,47.8068,32
24629,ok,48.9828,48.9828,11
2463,ok,36.8962,36.8962,20
24630,ok,37.9344,37.9344,32
24631,ok,38.3591,38.3591,23
24632,ok,48.7269,48.7269,24
24633,ok,41.6625,41.6625,26
24634,ok,48.3003,48.3003,14
24635,ok,49.6217,49.6217,23
24636,ok,35.2865,35.2865,15
24637,ok,48.0188,48.0188,22
24638,ok,37.3275,37.3275,35
24639,ok,28.9400,28.9400,15
2464,ok,39.5237,39.5237,24
24641,ok,29.3347,29.3347,22
24642,ok,49.7904,49.7904,36
24643,ok,43.9218,43.9218,19
24644,ok,44.5498,44.5498,20
24645,ok,33.1465,33.1465,17
24646,ok,33.7467,33.7467,24
24647,ok,25.5317,25.5317,21
24648,ok,36.0788,36.0788,19
24649,ok,33.1795,33.1795,20
2465,ok,31.5950,30.1155,14
24650,ok,45.6449,45.6449,28
24651,ok,48.9244,48.9244,22
24652,ok,44.7891,44.7891,24
24653,ok,45.4085,45.4085,25
24654,ok,48.9209,48.9209,28
24655,ok,49.7944,49.7944,19
24656,ok,28.8538,28.8538,22
24657,ok,40.9196,40.9196,22
24659,ok,43.8495,43.8495,14
2466,ok,38.8564,38.8564,46
24660,ok,1038.6038,137.3470,19
24661,ok,46.5434,46.5434,32
24662,ok,37.2784,37.2784,32
24663,ok,42.2608,42.2608,15
24664,ok,33.0629,33.0629,31
24665,ok,31.8797,31.8797,26
24666,ok,48.2289,48.2289,14
24667,ok,34.8329,34.8329,32
24668,ok,49.1715,49.1715,29
24669,ok,29.3986,29.3986,24
2467,ok,49.8000,49.8000,17
24670,ok,39.1346,39.1346,31
24671,ok,35.5211,35.3553,27
24672,ok,48.0402,42.8013,17
24673,ok,38.3636,38.3636,16
24674,ok,48.3534,48.3534,13
24675,ok,49.8258,49.8258,27
24676,ok,46.4117,46.4117,13
24678,ok,48.4428,48.4428,22
24679,ok,33.6299,33.6299,28
2468,ok,44.8849,44.8849,19
24680,ok,45.8282,45.8282,20
24682,ok,29.9917,29.9917,33
24683,ok,32.4769,32.4769,23
24684,ok,38.7589,34.5321,21
24685,ok,46.7466,46.7466,20
24686,ok,34.0063,34.0063,37
24687,ok,40.5974,40.5974,22
24688,ok,39.4268,39.4268,22
24689,ok,32.0637,32.0637,24
2469,ok,46.5010,46.2830,24
24690,ok,25.8375,25.8375,12
24691,ok,37.9226,37.9226,32
24692,ok,48.5520,48.5520,25
24693,ok,44.4299,44.4299,14
24694,ok,48.1307,48.1307,23
24695,ok,17.1454,17.1447,39
24696,ok,48.3656,48.3656,15
24697,ok,39.0625,39.0625,27
24698,ok,45.6781,45.6781,35
24699,ok,34.9616,34.9616,20
247,ok,48.1123,48.1123,25
2470,ok,45.6142,45.6142,18
24700,ok,28.8086,28.8086,19
24701,ok,46.3384,46.3384,34
24702,ok,39.6595,39.6595,31
24703,ok,48.2764,48.2764,17
24704,ok,41.4950,40.5450,25
24705,ok,41.3019,41.3019,40
24706,ok,38.7561,38.7561,27
24707,ok,46.6863,46.6863,14
24708,ok,25.3436,25.3436,34
24709,ok,37.4833,37.4833,29
2471,ok,49.4334,49.3999,41
24710,ok,31.8072,31.8072,23
24711,ok,35.9350,35.9350,24
24712,ok,19.8037,19.8037,25
24713,ok,49.6910,49.6910,16
24714,ok,42.3251,42.3251,24
24715,ok,42.4799,42.4799,32
24716,ok,46.6611,46.6611,23
24717,ok,32.7296,32.7296,24
24718,ok,40.5884,40.5884,35
24719,ok,49.1709,49.1709,13
2472,ok,32.8027,32.8027,31
24720,ok,39.2229,39.2229,37
24721,ok,35.3826,35.3826,28
24722,ok,48.7813,48.7813,38
24723,ok,31.2745,31.2745,22
24724,ok,40.6966,40.2164,25
24725,ok,48.5649,48.5649,15
24726,ok,49.5747,49.5747,23
24727,ok,39.5195,39.5195,9
24728,ok,30.1838,30.1838,31
24729,ok,29.2521,29.2521,19
2473,ok,25.7579,25.7579,18
24730,ok,48.9520,48.9520,44
24731,ok,45.5021,45.5021,23
24732,ok,31.2982,31.2982,13
24733,ok,49.1132,49.1132,12
24734,ok,15.0869,15.0869,9
24735,ok,49.8591,49.8591,38
24736,ok,47.6377,47.6377,14
24737,ok,32.4307,32.4307,31
24738,ok,36.2216,36.2216,11
24739,ok,48.4913,48.4913,24
2474,ok,46.9321,46.9321,14
24740,ok,47.3803,47.3803,29
24741,ok,49.3766,49.3766,11
24742,ok,47.3740,47.3740,24
24743,ok,39.8055,39.8055,18
24744,ok,41.2333,41.2333,38
24745,ok,25.8502,25.8502,27
24746,ok,41.0792,41.0792,20
24747,ok,35.6133,35.6133,15
24748,ok,40.5191,40.5191,29
24749,ok,49.2285,49.2285,16
2475,ok,32.7934,32.7934,44
24750,ok,44.2023,44.2023,14
24751,ok,38.7002,38.7002,22
24752,ok,24.4725,24.4725,16
24753,ok,49.7495,49.7495,35
24754,ok,37.9871,37.9871,21
24755,ok,34.0447,34.0447,17
24756,ok,48.4362,48.4362,16
24757,ok,23.0940,23.0940,22
24759,ok,44.7362,44.7362,20
2476,ok,24.7004,24.7004,28
24760,ok,20.6138,20.6138,24
24761,ok,34.5511,34.5511,8
24762,ok,46.5197,46.5197,26
24763,ok,49.4896,49.4896,18
24764,ok,40.1683,40.1683,19
24765,ok,47.5903,47.5903,22
24766,ok,36.8305,36.8305,29
24767,ok,41.5291,41.5291,18
24768,ok,44.4210,44.4210,42
24769,ok,45.2230,40.2913,11
2477,ok,47.9984,47.9984,17
24770,ok,21.5457,21.5457,20
24771,ok,36.5440,36.5440,27
24772,ok,44.4008,44.4008,26
24773,ok,31.9966,31.9966,21
24774,ok,36.7868,36.7868,35
24775,ok,43.7811,43.7811,13
24776,ok,43.3317,43.3317,44
24777,ok,33.1365,33.1365,34
24778,ok,47.2857,47.2857,24
24779,ok,49.7132,49.7132,17
2478,ok,44.4604,44.4604,22
24780,ok,43.3632,43.3632,14
24781,ok,37.0936,37.0936,22
24782,ok,40.0940,40.0940,23
24783,ok,26.8896,26.8896,40
24784,ok,34.8467,34.8467,17
24785,ok,49.9715,49.9715,16
24786,ok,21.6535,21.6535,24
24787,ok,43.1220,43.1220,27
24788,ok,44.5842,44.5842,22
24789,ok,33.6579,33.6579,21
24790,ok,42.9183,41.0339,16
24791,ok,44.4658,44.4658,45
24792,ok,38.8343,38.8343,19
24793,ok,35.8312,35.8312,13
24794,ok,49.5728,49.5728,25
24795,ok,42.8971,42.8971,17
24796,ok,39.6451,39.6451,39
24797,ok,39.0233,39.0233,14
24798,ok,39.2373,39.2373,18
24799,ok,48.3410,48.3410,11
248,ok,33.8243,33.8243,30
2480,ok,40.0335,40.0335,31
24800,ok,35.7559,35.7559,28
24801,ok,29.1037,29.1037,17
24802,ok,54.2613,49.7727,36
24803,ok,49.8220,49.8220,21
24804,ok,49.0682,49.0682,27
24805,ok,48.8628,48.8628,16
24806,ok,44.4061,44.4061,27
24807,ok,47.3558,47.3558,22
24808,ok,39.4070,39.4070,16
24809,ok,40.5275,40.5275,18
2481,ok,31.6298,31.6298,18
24810,ok,44.1543,44.1543,19
24811,ok,35.3734,35.3734,18
24812,ok,42.9423,42.9423,30
24813,ok,25.5814,25.5814,37
24814,ok,36.7470,36.7470,21
24815,ok,40.2941,40.2941,45
24816,ok,45.4524,45.4524,30
24817,ok,45.6638,45.6638,21
24818,ok,40.3332,40.3332,41
24819,ok,35.1826,35.1826,46
2482,ok,35.1125,35.1125,18
24820,ok,46.4036,46.4036,22
24821,ok,34.1951,34.1951,34
24822,ok,24.1916,24.1916,27
24823,ok,35.4185,35.4185,22
24824,ok,41.9892,41.9892,20
24825,ok,47.2330,47.2330,16
24826,ok,20.3678,20.3678,39
24827,ok,45.0780,45.0610,32
24828,ok,46.3590,46.3590,30
24829,ok,22.8449,22.8449,23
2483,ok,22.9515,22.9515,14
24830,ok,40.2932,40.2932,38
24831,ok,45.0164,45.0164,17
24832,ok,48.1941,48.1941,23
24834,ok,48.8932,48.8932,24
24835,ok,30.2079,30.2079,21
24836,ok,43.9607,43.9607,11
24837,ok,48.4880,46.4177,30
24838,ok,49.3756,49.3756,13
24839,ok,37.9038,37.9038,34
2484,ok,48.8313,48.8313,41
24840,ok,40.6737,40.6737,14
24841,ok,33.4724,33.4724,17
24842,ok,29.8072,29.8072,19
24843,ok,40.9649,40.2322,30
24844,ok,21.0888,21.0888,17
24845,ok,39.4822,39.4822,27
24846,ok,47.0347,47.0346,26
24847,ok,47.1809,47.1809,27
24848,ok,38.0216,38.0216,9
24849,ok,30.5069,30.5069,17
2485,ok,39.0191,39.0191,28
24850,ok,47.9396,47.9396,38
24851,ok,24.6845,24.6845,17
24852,ok,48.1242,48.1242,24
24853,ok,42.2764,42.2764,19
24854,ok,40.4708,40.4708,15
24855,ok,50.0211,49.7050,23
24856,ok,49.9930,49.9930,23
24857,ok,46.3726,46.3726,9
24858,ok,47.7577,47.7577,23
24859,ok,47.8377,47.8377,22
2486,ok,48.2916,48.2916,29
24860,ok,23.3201,23.3201,19
24861,ok,45.6670,45.6670,19
24862,ok,47.2555,47.2555,19
24863,ok,48.1690,48.1690,15
24864,ok,31.3645,31.3645,14
24865,ok,36.1731,36.1731,16
24866,ok,45.2874,45.2874,19
24867,ok,40.7659,40.7659,36
24868,ok,46.5321,46.5321,20
24869,ok,33.7776,33.7776,24
2487,ok,42.7653,42.7653,24
24870,ok,22.7418,22.7418,35
24871,ok,45.8272,45.8272,12
24872,ok,31.1428,31.1428,21
24873,ok,44.6162,44.2652,28
24874,ok,47.9258,47.9258,27
24875,ok,33.4350,33.4350,22
24876,ok,35.2391,35.2391,26
24877,ok,49.7495,49.7495,21
24878,ok,47.2836,47.2836,19
24879,ok,42.1055,42.1033,25
2488,ok,43.4598,43.4598,19
24880,ok,43.7319,43.7319,29
24881,ok,49.9696,49.9696,10
24882,ok,20.3162,20.3162,18
24883,ok,49.6888,49.6888,18
24884,ok,47.0955,47.0955,25
24885,ok,35.1478,35.1478,26
24886,ok,49.8767,49.8767,40
24887,ok,47.5448,47.5448,21
24888,ok,44.7892,44.7892,10
24889,ok,32.1538,32.1538,17
2489,ok,49.5243,49.5243,24
24890,ok,37.9845,37.9845,30
24891,ok,41.2321,41.2321,25
24892,ok,44.4680,44.4680,13
24893,ok,36.2450,36.2450,25
24894,ok,42.9052,42.9052,45
24895,ok,36.5107,36.5107,21
24896,ok,46.2682,46.2682,22
24897,ok,21.2943,21.2943,16
24898,ok,39.5294,39.5294,18
24899,ok,48.4333,48.4333,23
249,ok,42.6750,42.4728,30
2490,ok,38.5852,38.5852,39
24900,ok,44.6722,44.6722,37
24901,ok,35.3944,35.3944,32
24902,ok,30.6210,30.6210,23
24903,ok,38.8277,38.8277,12
24904,ok,44.4831,44.4831,13
24905,ok,41.2856,41.2856,15
24906,ok,48.0067,48.0067,21
24907,ok,37.1079,37.1079,35
24908,ok,27.4314,27.4314,35
24909,ok,41.4514,41.4514,36
2491,ok,33.7416,33.7416,23
24910,ok,45.4658,45.4658,21
24911,ok,47.1578,47.1578,12
24912,ok,39.2401,39.2401,13
24913,ok,35.5083,35.5083,17
24914,ok,46.7684,46.7684,14
24915,ok,44.1860,44.1860,17
24917,ok,35.4853,35.4853,18
24918,ok,24.1004,24.1004,13
24919,ok,45.6962,45.6962,15
2492,ok,37.6590,37.6590,23
24920,ok,18.9595,18.9595,25
24921,ok,32.4029,32.4029,21
24922,ok,45.4678,45.4678,52
24923,ok,46.1553,46.1553,21
24924,ok,37.6121,37.6121,35
24925,ok,17.9302,17.9302,31
24926,ok,46.3096,46.3096,26
24927,ok,48.7187,48.7187,26
24928,ok,30.3914,30.3914,18
24929,ok,36.9821,36.9821,26
2493,ok,48.8657,48.8657,29
24930,ok,45.2832,45.2832,30
24931,ok,49.1109,49.1109,25
24932,ok,35.6430,35.6430,22
24933,ok,44.3882,44.3882,23
24934,ok,28.1350,28.1350,36
24935,ok,38.5679,38.5679,10
24936,ok,34.5487,34.5487,21
24937,ok,32.2308,32.2308,13
24939,ok,43.9900,43.9900,21
2494,ok,32.1731,32.1731,30
24940,ok,43.9289,43.9289,24
24941,ok,48.1888,48.1888,15
24942,ok,37.1906,37.1906,18
24943,ok,43.5009,43.5009,18
24944,ok,45.6761,45.6761,13
24945,ok,42.3657,42.3657,14
24946,ok,42.7427,42.7427,12
24947,ok,28.6190,28.6190,24
24948,ok,26.4758,26.4758,31
24949,ok,43.1517,43.1517,28
2495,ok,49.6252,49.6252,13
24950,ok,39.2709,39.2709,32
24951,ok,44.8164,44.1390,25
24952,ok,48.7341,48.7341,25
24953,ok,48.0444,48.0444,25
24954,ok,19.9799,19.9799,20
24955,ok,48.3970,48.3970,26
24956,ok,48.5721,48.5721,26
24957,ok,33.4922,33.4922,28
24958,ok,37.1229,37.1229,23
24959,ok,48.5865,48.5865,38
2496,ok,43.5986,43.5986,23
24960,ok,31.7889,31.7889,22
24961,ok,22.4054,21.7250,20
24962,ok,47.7003,47.7003,26
24963,ok,46.7486,46.7486,20
24964,ok,23.7816,23.7816,21
24965,ok,49.2857,49.2857,20
24966,ok,45.8537,45.8537,22
24967,ok,30.2337,30.2337,15
24968,ok,42.6172,42.6172,26
24969,ok,41.7328,41.7328,21
2497,ok,34.7566,34.7566,30
24970,ok,31.6406,31.6406,14
24971,ok,46.0452,46.0452,23
24972,ok,39.8816,39.7592,24
24973,ok,47.8787,47.8787,30
24974,ok,13.5990,13.3029,20
24975,ok,46.5627,46.5627,16
24976,ok,37.6000,37.6000,20
24977,ok,40.6925,40.6925,15
24979,ok,36.0982,36.0982,30
2498,ok,41.9911,41.9911,32
24980,ok,48.4836,47.2059,26
24981,ok,34.0194,34.0194,20
24982,ok,42.9980,42.9980,27
24983,ok,38.1111,38.1111,19
24984,ok,43.9839,43.9839,22
24985,ok,42.3026,42.3026,11
24986,ok,38.5380,38.5380,11
24987,ok,39.3899,39.3899,21
24988,ok,39.7295,39.7295,25
24989,ok,36.7505,36.7505,19
2499,ok,43.1718,43.1718,9
24990,ok,38.5431,38.5431,24
24991,ok,58.3014,47.3052,17
24992,ok,40.5272,40.5272,21
24993,ok,41.3434,41.3434,26
24994,ok,47.9570,47.9570,19
24995,ok,48.5950,48.5950,40
24996,ok,42.0044,42.0044,31
24997,ok,48.1431,48.1431,43
24998,ok,41.5182,41.5182,23
24999,ok,38.6374,38.6374,18
25,ok,35.4631,35.4631,13
250,ok,40.4786,40.4786,26
2500,ok,46.7411,46.7411,29
25000,ok,35.5425,35.5425,22
25001,ok,46.1668,46.1668,15
25002,ok,44.5441,44.5441,14
25003,ok,45.3318,45.3318,17
25004,ok,47.4416,47.4416,25
25005,ok,44.6264,44.6264,14
25006,ok,49.9018,44.4599,20
25007,ok,33.1229,33.1229,17
25008,ok,41.2116,41.2116,14
25009,ok,42.0203,42.0203,21
2501,ok,44.0898,44.0898,30
25010,ok,15.0861,15.0861,17
25011,ok,37.6017,37.6017,22
25012,ok,41.7874,41.7874,31
25013,ok,36.0565,36.0565,18
25015,ok,35.5628,35.5628,20
25016,ok,40.4976,40.4976,25
25017,ok,40.0050,40.0050,17
25018,ok,42.3817,42.3817,30
25019,ok,26.2549,26.2549,19
2502,ok,45.9062,45.9062,11
25020,ok,45.9169,45.9169,18
25021,ok,36.6955,36.6955,37
25022,ok,35.3425,35.3425,16
25023,ok,46.6969,46.6969,14
25024,ok,40.7547,40.7547,26
25025,ok,45.3883,45.3883,41
25026,ok,37.3223,36.9245,25
25027,ok,48.4488,48.4488,20
25028,ok,42.1886,42.1886,18
25029,ok,49.2428,49.2428,15
2503,ok,44.1362,44.1362,48
25030,ok,28.9271,28.9271,28
25031,ok,45.7787,45.7787,32
25032,ok,44.6377,44.6377,17
25033,ok,29.3728,29.3728,34
25034,ok,36.5520,36.5520,24
25036,ok,23.0766,23.0766,30
25037,ok,37.5652,37.5652,40
25038,ok,46.9434,46.9434,37
25039,ok,35.4312,35.4312,14
2504,ok,43.0772,43.0772,17
25040,ok,32.0249,32.0249,16
25041,ok,37.6288,37.6288,18
25042,ok,27.5614,27.5614,10
25043,ok,23.4089,23.4089,28
25044,ok,40.5345,40.5345,29
25045,ok,33.5472,33.5472,34
25046,ok,40.8574,36.4018,17
25047,ok,43.4604,43.4604,45
25048,ok,40.6487,40.6487,16
25049,ok,37.4895,37.4895,29
2505,ok,38.8651,38.8651,31
25051,ok,39.3897,39.3897,21
25052,ok,46.1455,46.1455,38
25053,ok,29.2265,29.2265,22
25054,ok,31.8017,31.8017,30
25055,ok,49.2411,49.2411,24
25056,ok,45.7401,45.7401,18
25057,ok,33.6548,33.6548,39
25058,ok,37.9332,37.9332,23
25059,ok,32.2327,32.2327,20
2506,ok,31.8311,31.8311,31
25060,ok,34.8141,34.8141,25
25061,ok,44.3036,44.3036,21
25062,ok,39.9153,39.9153,19
25063,ok,48.3423,48.3423,26
25064,ok,44.0420,44.0420,20
25065,ok,38.2191,38.2191,12
25066,ok,49.8464,49.8464,12
25067,ok,36.5184,36.5184,28
25068,ok,17.6473,17.6473,13
25069,ok,27.9983,27.9983,12
2507,ok,33.2406,33.2406,15
25070,ok,40.4855,40.4855,11
25071,ok,42.9684,42.9684,28
25072,ok,42.3157,42.3157,23
25073,ok,39.4700,35.1657,33
25074,ok,46.4100,46.4100,25
25075,ok,32.5997,32.5997,9
25076,ok,38.2971,38.2971,15
25077,ok,44.6664,44.6664,20
25078,ok,17.8299,17.8299,25
25079,ok,48.4321,48.4321,33
2508,ok,46.7931,46.7931,32
25080,ok,35.2435,35.2435,17
25081,ok,41.2909,41.2909,28
25082,ok,44.4450,44.4450,12
25083,ok,40.8646,40.8646,15
25084,ok,44.0396,44.0396,15
25085,ok,43.3797,43.3797,23
25086,ok,47.0645,47.0645,43
25087,ok,35.6070,35.6070,14
25088,ok,33.8608,33.8608,14
25089,ok,49.9727,49.9727,26
2509,ok,157.5366,48.0806,27
25090,ok,48.9141,48.9141,25
25091,ok,45.3916,45.3916,23
25092,ok,47.7539,47.7539,17
25093,ok,46.5303,46.5303,29
25094,ok,46.0548,46.0548,30
25095,ok,37.8166,37.8166,47
25096,ok,36.8499,36.8499,16
25097,ok,36.3706,36.3706,16
25098,ok,44.8464,44.8464,14
25099,ok,23.4520,23.4520,25
251,ok,37.5145,37.5145,16
2510,ok,49.6132,49.6132,23
25100,ok,41.3778,41.3778,22
25101,ok,38.8970,38.5097,26
25102,ok,34.2512,34.2512,21
25103,ok,43.7561,43.7561,32
25104,ok,30.1065,30.1065,32
25105,ok,47.1668,47.1668,22
25106,ok,43.1286,43.1286,12
25107,ok,42.3786,42.3786,21
25108,ok,32.4582,32.4582,40
25109,ok,30.2740,30.2740,28
2511,ok,31.2940,31.2940,16
25110,ok,50.4668,49.8323,26
25111,ok,36.3149,36.3149,18
25112,ok,49.3048,49.3048,32
25113,ok,27.3960,27.3960,29
25114,ok,32.8915,32.8915,26
25115,ok,53.4445,47.6162,15
25116,ok,26.1114,26.1114,28
25117,ok,48.8518,48.8518,20
25118,ok,28.1465,28.1465,41
25119,ok,39.2725,39.2725,19
2512,ok,49.9504,49.9504,20
25120,ok,47.2017,47.2017,31
25121,ok,28.0255,24.9693,23
25122,ok,32.7181,32.7181,12
25123,ok,49.4842,49.4842,32
25124,ok,33.1728,33.1728,26
25125,ok,45.4145,45.4145,25
25126,ok,33.0908,33.0908,31
25127,ok,49.5401,49.5401,17
25128,ok,26.6229,26.6229,20
25129,ok,48.7474,48.7474,20
2513,ok,39.7237,39.7237,18
25130,ok,41.7087,41.7087,15
25131,ok,28.9960,28.9960,12
25132,ok,40.1330,40.1330,16
25133,ok,34.4914,34.4914,31
25134,ok,41.5506,41.5506,22
25135,ok,42.1582,42.1582,25
25136,ok,33.8116,33.8116,12
25137,ok,47.5634,47.5634,29
25138,ok,20.4899,20.4899,18
25139,ok,45.5585,45.5585,26
2514,ok,46.2608,46.2608,36
25140,ok,21.9281,21.9281,21
25141,ok,53.7288,47.8696,18
25142,ok,21.5173,21.5173,49
25143,ok,31.9672,31.7476,25
25144,ok,42.9775,42.9775,28
25145,ok,47.7996,47.7996,16
25146,ok,40.0698,40.0698,25
25147,ok,45.5140,45.5140,17
25148,ok,35.0834,35.0834,17
25149,ok,40.2319,40.2319,22
2515,ok,41.6470,41.6470,23
25150,ok,28.7407,28.7407,17
25151,ok,46.0100,46.0100,19
25152,ok,44.1007,44.1007,19
25153,ok,44.9341,44.9341,26
25154,ok,33.3069,33.3069,17
25155,ok,44.0142,44.0142,25
25156,ok,49.4343,49.4343,19
25157,ok,46.0677,46.0677,23
25158,ok,44.7254,44.7254,24
25159,ok,30.5433,30.5433,17
2516,ok,38.3890,38.3890,22
25160,ok,28.4788,28.4788,32
25161,ok,49.9522,49.9496,26
25162,ok,39.9126,39.9126,24
25163,ok,44.5574,44.5574,24
25164,ok,34.6107,34.6107,31
25165,ok,44.0261,44.0261,25
25167,ok,32.1290,32.1290,16
25168,ok,19.1404,19.1404,23
25169,ok,32.6121,32.6121,22
2517,ok,32.6269,32.6269,33
25170,ok,46.0019,46.0019,36
25171,ok,25.1498,25.1498,13
25172,ok,38.7814,38.7814,31
25173,ok,47.4394,47.4394,24
25174,ok,17.8702,17.8702,25
25175,ok,45.1018,45.1018,19
25176,ok,41.0275,41.0275,18
25177,ok,22.2811,22.2811,23
25178,ok,36.3527,36.3527,33
25179,ok,44.3504,44.3504,15
2518,ok,45.5865,45.5865,19
25180,ok,44.1803,44.1803,15
25181,ok,43.3120,43.3120,29
25182,ok,46.4653,46.4653,33
25183,ok,48.8832,48.8832,41
25184,ok,21.7651,21.7651,17
25185,ok,27.9091,27.9091,20
25186,ok,28.8754,28.8754,23
25187,ok,47.6226,47.6226,16
25188,ok,44.1449,44.1449,12
25189,ok,37.8862,37.8862,16
2519,ok,42.8487,42.8487,31
25190,ok,49.9699,49.9699,27
25191,ok,37.2095,37.2095,27
25192,ok,35.3845,35.3845,13
25193,ok,48.0504,41.6731,24
25194,ok,37.9675,37.9675,40
25195,ok,46.5908,46.5908,25
25196,ok,36.1299,36.1299,30
25197,ok,48.7237,48.7237,21
25198,ok,16.7905,16.7905,19
25199,ok,44.9738,44.9738,32
252,ok,36.6255,36.6255,16
2520,ok,49.9645,49.9645,17
25200,ok,42.6364,42.6364,35
25201,ok,46.0226,46.0226,25
25202,ok,45.5144,45.5144,14
25203,ok,30.6010,30.6010,19
25204,ok,40.9727,40.9727,30
25205,ok,42.3691,42.3691,28
25206,ok,44.4532,44.4532,23
25207,ok,39.6219,39.6219,27
25208,ok,48.4293,48.4293,38
25209,ok,36.8671,36.8671,19
2521,ok,47.4395,47.4395,28
25211,ok,49.9434,49.9434,16
25212,ok,40.4001,40.4001,21
25213,ok,16.1640,16.1640,11
25214,ok,49.0259,49.0259,20
25215,ok,35.6298,35.6298,31
25216,ok,22.2458,22.2458,45
25217,ok,22.4095,22.4095,33
25218,ok,37.4706,37.4706,17
25219,ok,47.9689,47.9689,19
2522,ok,44.8591,44.8591,19
25220,ok,29.4533,29.4533,15
25221,ok,45.9142,45.9142,24
25222,ok,32.5881,32.5881,25
25223,ok,47.9710,47.9710,12
25224,ok,49.7263,49.7263,8
25225,ok,34.8048,34.8048,17
25226,ok,29.8299,29.8299,20
25227,ok,22.3030,22.3030,15
25228,ok,52.3147,48.7454,16
25229,ok,34.5596,34.5596,16
2523,ok,48.8624,48.8624,18
25230,ok,27.4497,27.4497,22
25231,ok,36.7964,36.7954,31
25232,ok,41.7627,41.7627,25
25233,ok,23.3655,23.3655,13
25234,ok,28.4664,28.4664,21
25235,ok,34.3162,34.3162,25
25236,ok,48.6333,48.6333,20
25237,ok,42.2432,42.2432,19
25238,ok,40.8125,40.8125,27
25239,ok,46.9662,46.7881,40
2524,ok,32.8532,32.8532,33
25240,ok,48.9907,48.9907,21
25241,ok,44.2684,44.2684,41
25242,ok,45.2918,45.2918,27
25243,ok,46.9152,46.9152,18
25244,ok,47.1974,47.1974,31
25245,ok,43.7265,43.7265,19
25246,ok,46.4991,44.7636,20
25247,ok,49.9847,49.9847,53
25248,ok,46.2303,46.2303,22
25249,ok,35.3787,35.3787,25
2525,ok,26.8438,26.8438,24
25250,ok,43.5080,43.4106,23
25251,ok,48.4275,48.4275,20
25252,ok,25.8262,25.8262,38
25253,ok,47.8594,47.8594,26
25254,ok,45.4139,45.4139,25
25255,ok,41.5722,41.5722,30
25256,ok,45.8820,45.8820,31
25258,ok,37.8996,37.8996,16
25259,ok,44.4506,44.4506,18
2526,ok,46.2130,46.2130,26
25260,ok,22.5302,22.5302,16
25261,ok,44.2542,44.2542,32
25262,ok,36.1378,36.1378,21
25263,ok,37.6540,37.6540,25
25264,ok,30.7168,30.7168,10
25265,ok,46.0760,46.0760,34
25266,ok,48.5508,48.5508,16
25267,ok,47.6696,47.6696,11
25269,ok,29.3763,29.3763,23
2527,ok,49.7079,49.7079,40
25270,ok,48.4752,48.4752,24
25271,ok,32.6124,29.0559,32
25272,ok,39.1728,39.1728,45
25273,ok,49.8264,48.1618,21
25274,ok,40.3379,40.3379,38
25275,ok,43.4110,43.4110,37
25276,ok,38.8963,38.8963,15
25277,ok,43.0261,43.0261,22
25278,ok,43.8435,43.8435,27
25279,ok,25.7229,25.7229,24
2528,ok,31.2821,31.2821,10
25280,ok,45.9801,45.9801,15
25281,ok,48.9249,48.9249,30
25282,ok,25.4309,25.4309,25
25283,ok,49.0150,49.0150,23
25284,ok,39.2149,39.2149,10
25285,ok,44.1789,44.1789,29
25286,ok,20.6878,20.6878,24
25287,ok,41.4344,41.4344,16
25288,ok,19.7590,19.7590,22
25289,ok,33.4402,33.4402,43
2529,ok,49.8618,49.8618,20
25290,ok,47.2695,47.2695,13
25291,ok,43.5132,43.5132,25
25292,ok,46.8055,46.8055,19
25293,ok,35.2498,35.2498,19
25294,ok,34.4866,34.4866,24
25295,ok,38.1429,38.1429,19
25296,ok,31.0415,31.0415,30
25297,ok,34.2459,30.5113,21
25298,ok,39.3974,38.9845,23
25299,ok,46.9006,46.9006,16
253,ok,41.1998,41.0513,42
2530,ok,36.6005,36.6005,19
25300,ok,43.2021,43.2021,24
25301,ok,42.4528,42.4528,28
25302,ok,17.4186,17.4186,22
25303,ok,44.7659,44.7659,30
25304,ok,34.3303,34.3303,36
25305,ok,43.0475,43.0475,12
25306,ok,43.2592,43.2592,33
25307,ok,47.7239,47.7239,29
25308,ok,48.9903,48.9903,14
25309,ok,44.3154,44.3154,11
25310,ok,40.6774,40.6774,40
25311,ok,45.2914,45.2914,26
25312,ok,42.5537,42.5537,16
25313,ok,43.7499,43.7499,43
25314,ok,33.9492,33.9492,31
25315,ok,39.3599,38.2415,35
25316,ok,39.5588,39.5588,31
25317,ok,32.0927,32.0927,21
25318,ok,15.0377,15.0377,10
25319,ok,41.3311,41.3311,42
2532,ok,38.3531,38.3531,30
25320,ok,48.2107,48.2107,41
25321,ok,27.0338,27.0338,21
25323,ok,32.3913,32.3913,29
25324,ok,41.2264,41.2264,31
25325,ok,30.8311,30.8311,29
25326,ok,35.6699,35.6699,17
25327,ok,27.9432,27.9432,26
25328,ok,38.4668,38.4668,39
25329,ok,45.5764,45.5764,26
2533,ok,48.0380,48.0380,19
25330,ok,49.6400,49.6400,21
25331,ok,30.8582,30.8582,9
25332,ok,37.8798,37.8798,28
25333,ok,31.0167,31.0167,22
25334,ok,49.9829,49.9829,17
25335,ok,48.4541,48.4541,13
25336,ok,21.2593,21.2593,28
25337,ok,47.1546,47.1546,32
25338,ok,22.7691,22.7691,22
25339,ok,36.4870,36.4870,13
2534,ok,42.0575,42.0575,13
25340,ok,40.7935,40.7935,27
25341,ok,43.6263,43.6263,33
25342,ok,23.4307,23.4307,22
25343,ok,45.2820,45.2820,19
25344,ok,40.7731,40.7731,18
25345,ok,44.3177,44.3177,19
25346,ok,46.9762,46.9762,20
25347,ok,47.8381,47.8381,31
25348,ok,32.1170,32.1170,18
25349,ok,44.8729,44.8729,15
2535,ok,34.5914,34.5914,25
25350,ok,31.0270,31.0270,31
25351,ok,29.6468,29.6468,19
25352,ok,43.7836,43.7836,22
25353,ok,46.1960,44.7067,21
25354,ok,46.1468,46.1468,14
25355,ok,22.5356,22.5356,35
25356,ok,42.7648,42.7648,27
25357,ok,49.1237,49.1237,46
25358,ok,49.1922,49.1922,14
25359,ok,45.0219,45.0219,25
2536,ok,45.5975,45.5975,22
25360,ok,46.1970,46.1970,23
25361,ok,21.3747,21.3747,19
25362,ok,30.4053,30.4053,25
25363,ok,39.8968,39.8968,34
25364,ok,39.3467,39.3467,16
25365,ok,45.5209,45.5209,25
25366,ok,38.7261,38.7261,31
25367,ok,49.5255,48.7374,20
25368,ok,48.0838,48.0838,17
25369,ok,37.5659,37.5659,13
2537,ok,48.3988,48.2366,19
25370,ok,36.1755,36.1755,23
25371,ok,27.8177,27.8177,15
25372,ok,49.3498,49.3498,39
25373,ok,35.6869,35.6869,22
25374,ok,33.4159,33.4159,37
25375,ok,27.8343,27.8343,27
25376,ok,40.6687,40.6687,27
25377,ok,40.7840,40.7840,29
25378,ok,33.1350,32.0766,17
25379,ok,38.2657,38.2657,35
2538,ok,29.9192,29.9192,11
25380,ok,32.8780,32.8780,27
25381,ok,44.4273,44.4273,17
25382,ok,48.7387,48.7387,38
25383,ok,39.6733,39.6733,23
25384,ok,47.2626,47.2626,19
25385,ok,23.6719,23.6719,13
25386,ok,41.5773,41.5773,15
25387,ok,37.2816,37.2816,22
25388,ok,37.2023,37.2023,15
25389,ok,36.7487,36.7487,27
2539,ok,48.4840,48.4840,28
25390,ok,49.7715,49.7715,19
25391,ok,49.1393,49.1393,19
25392,ok,47.1706,47.1706,17
25393,ok,41.9699,41.9699,33
25394,ok,41.0312,41.0312,34
25395,ok,46.9094,46.9094,16
25396,ok,44.5944,44.5944,18
25397,ok,31.4022,31.4022,32
25398,ok,39.2985,39.2985,24
25399,ok,43.8899,43.8899,21
254,ok,47.7104,47.7104,26
2540,ok,32.2053,32.2053,21
25400,ok,40.2869,40.2869,18
25401,ok,47.2135,47.2135,18
25402,ok,33.7937,33.7937,27
25403,ok,36.8445,36.8445,26
25404,ok,36.5725,36.5725,21
25405,ok,41.0197,41.0197,17
25406,ok,34.0454,34.0454,37
25407,ok,46.0505,46.0505,28
25408,ok,36.1160,36.1160,22
25409,ok,49.8358,49.8358,15
2541,ok,41.4196,41.4196,22
25410,ok,48.9960,48.9960,27
25411,ok,49.0454,49.0454,26
25412,ok,44.2745,44.2745,23
25413,ok,46.0953,46.0953,20
25414,ok,41.4818,41.4818,16
25415,ok,47.3462,47.3462,27
25416,ok,22.9771,22.9771,32
25417,ok,44.8666,42.4574,24
25418,ok,36.0181,36.0181,33
25419,ok,43.5128,43.5128,21
2542,ok,35.1963,35.1963,33
25420,ok,41.9674,41.9674,31
25421,ok,41.6414,41.6414,40
25422,ok,43.7833,43.7833,13
25423,ok,36.2481,36.2481,18
25424,ok,49.8971,49.8971,13
25425,ok,34.5642,34.5642,19
25426,ok,30.0245,30.0245,14
25427,ok,26.2048,26.2048,30
25428,ok,46.3010,46.3010,42
25429,ok,48.1606,48.1606,25
2543,ok,34.0254,34.0254,20
25430,ok,31.0198,31.0198,27
25431,ok,28.9271,28.9271,19
25432,ok,41.4884,41.4884,21
25433,ok,49.7630,48.7437,19
25434,ok,19.5416,19.5415,36
25435,ok,48.9329,48.9329,9
25436,ok,49.2138,49.2138,20
25437,ok,49.9873,49.9873,21
25438,ok,22.8933,22.8933,16
25439,ok,49.0399,49.0399,17
2544,ok,43.2791,43.2791,26
25441,ok,44.1743,44.1743,16
25442,ok,48.4265,48.4265,31
25443,ok,40.5493,40.5493,30
25444,ok,36.2038,36.2038,29
25445,ok,47.8503,47.8502,16
25446,ok,33.9466,33.9466,28
25447,ok,37.0478,37.0478,15
25448,ok,45.2014,45.2014,18
25449,ok,46.4487,46.4487,24
2545,ok,36.8562,36.8562,33
25450,ok,48.3183,48.3183,17
25451,ok,47.0410,47.0410,18
25452,ok,37.1694,37.1694,18
25453,ok,48.8490,48.8490,9
25454,ok,49.5161,49.5161,13
25455,ok,30.6381,29.6253,39
25456,ok,45.5767,45.5767,24
25457,ok,47.5537,47.5537,20
25458,ok,39.6205,39.6205,17
25459,ok,49.2108,49.2108,13
2546,ok,22.3494,22.3494,27
25460,ok,39.5817,39.5817,17
25462,ok,38.0115,38.0115,16
25463,ok,49.9936,49.9936,28
25464,ok,43.9672,43.9672,19
25465,ok,43.3306,43.3306,26
25466,ok,47.2407,47.2407,18
25467,ok,49.3975,48.4182,22
25468,ok,37.2877,37.2877,18
25469,ok,42.1531,42.1531,19
2547,ok,35.8541,35.8541,18
25470,ok,44.8414,44.8414,31
25471,ok,40.1754,40.1754,26
25472,ok,49.2415,49.2415,19
25473,ok,37.9239,37.9239,37
25474,ok,45.2735,45.2735,26
25475,ok,44.7160,44.7160,12
25476,ok,34.8399,34.8399,30
25477,ok,37.7841,37.7841,47
25478,ok,25.9180,25.9180,10
25479,ok,22.2270,22.2270,27
2548,ok,49.2268,49.2268,14
25480,ok,45.5002,45.5002,27
25481,ok,43.2416,43.2416,24
25482,ok,32.9772,32.9772,19
25483,ok,20.6064,20.6064,39
25484,ok,35.8392,35.8392,25
25485,ok,32.0628,32.0628,31
25486,ok,32.2081,29.6555,13
25487,ok,48.5697,48.5697,22
25488,ok,43.3727,43.3727,14
25489,ok,31.5783,31.5783,12
2549,ok,45.6356,45.6356,21
25490,ok,46.8757,46.8757,10
25491,ok,32.7977,32.7977,26
25492,ok,46.0386,46.0386,11
25493,ok,40.7637,40.7637,12
25494,ok,44.2955,44.2955,35
25495,ok,39.6019,39.6019,17
25496,ok,31.4751,31.4751,13
25497,ok,39.6675,39.6675,18
25498,ok,41.7491,41.7491,19
25499,ok,44.8288,44.8288,20
255,ok,30.7920,30.7920,10
2550,ok,21.3408,21.3408,35
25500,ok,47.9774,47.9774,18
25501,ok,47.0479,47.0479,33
25502,ok,47.4238,47.4238,29
25503,ok,44.2599,44.2599,21
25504,ok,48.2861,48.2861,20
25505,ok,27.6005,27.6005,21
25506,ok,37.7148,37.7148,23
25507,ok,37.3330,37.3330,36
25508,ok,46.3217,46.3217,13
25509,ok,44.6977,44.6977,23
2551,ok,23.0267,22.9043,25
25510,ok,46.7604,46.7604,34
25511,ok,46.1710,46.1710,25
25512,ok,48.3482,48.3482,11
25513,ok,24.4704,24.4704,38
25514,ok,44.9038,44.9038,43
25515,ok,41.0909,41.0909,28
25517,ok,44.2870,44.2870,10
25518,ok,32.6616,32.6616,26
25519,ok,49.7260,49.7260,23
2552,ok,49.2546,49.2546,33
25520,ok,44.0972,44.0972,20
25521,ok,46.6944,46.6944,17
25522,ok,43.8007,39.2820,37
25523,ok,45.9195,45.9195,22
25524,ok,49.8417,49.8417,16
25525,ok,44.7384,44.7384,27
25526,ok,35.9103,32.2381,22
25527,ok,45.1060,45.1060,12
25528,ok,39.2972,39.2972,27
25529,ok,33.3996,33.3996,34
2553,ok,49.1287,49.1287,22
25530,ok,49.2574,49.2574,14
25531,ok,42.1219,42.1219,31
25532,ok,49.7271,49.7271,17
25533,ok,45.1582,45.1582,9
25534,ok,40.4236,40.4236,18
25535,ok,45.7472,45.7472,14
25536,ok,31.6150,31.6150,55
25537,ok,42.7162,42.7162,19
25538,ok,47.3110,47.3110,24
25539,ok,39.7986,39.7986,28
2554,ok,46.5061,46.5061,14
25540,ok,46.7802,46.7802,13
25541,ok,32.4768,32.4768,40
25542,ok,42.9511,42.9511,37
25543,ok,37.3269,37.3269,24
25544,ok,46.5462,46.5462,32
25545,ok,37.8044,37.8044,19
25546,ok,39.8621,39.8621,19
25547,ok,45.8194,45.8194,42
25548,ok,39.7460,39.7460,43
25549,ok,24.9963,24.9963,41
2555,ok,44.1774,44.1774,27
25550,ok,36.7939,36.7939,17
25551,ok,44.7844,42.9866,27
25552,ok,27.0547,27.0547,38
25553,ok,39.7587,39.7587,13
25554,ok,31.9265,31.9265,22
25555,ok,48.0938,48.0938,27
25556,ok,40.4484,40.4484,14
25557,ok,48.4769,48.4769,26
25558,ok,38.8702,38.8702,21
25559,ok,47.4399,47.4399,41
2556,ok,37.0541,37.0541,13
25560,ok,36.1139,36.1138,12
25561,ok,49.0439,49.0439,33
25562,ok,34.3150,34.3150,42
25563,ok,45.5722,45.5722,15
25564,ok,31.0139,31.0139,16
25565,ok,40.7708,40.7708,18
25566,ok,47.5023,47.5023,31
25567,ok,45.0573,45.0573,13
25568,ok,34.4163,34.4163,25
25569,ok,44.3352,44.3352,23
2557,ok,46.6347,46.6347,21
25571,ok,34.4873,34.4873,20
25572,ok,47.2819,47.2819,24
25573,ok,48.7707,48.7707,14
25574,ok,49.4106,49.4106,10
25575,ok,26.6027,26.6027,16
25576,ok,45.9987,45.9987,14
25577,ok,35.7798,35.7798,37
25578,ok,30.7283,30.7283,28
25579,ok,27.5448,27.5448,17
2558,ok,34.0216,34.0216,13
25580,ok,45.3138,45.3138,24
25581,ok,37.3630,37.3630,34
25582,ok,45.6897,45.6897,23
25583,ok,43.8469,43.8469,14
25584,ok,47.3904,47.3904,32
25585,ok,22.6881,22.6881,37
25586,ok,35.3421,35.3421,26
25587,ok,48.7497,48.7497,27
25588,ok,33.3360,33.3360,25
25589,ok,43.5343,42.9447,28
2559,ok,23.3870,23.3870,18
25590,ok,37.8064,37.8064,23
25591,ok,47.3937,47.3937,34
25592,ok,37.2239,37.2239,34
25593,ok,43.7783,43.7783,14
25594,ok,26.5729,26.1207,24
25595,ok,34.5657,34.5657,25
25596,ok,47.3040,47.3040,25
25597,ok,43.7888,43.7888,17
25598,ok,35.8579,35.8579,32
25599,ok,33.0856,33.0856,29
256,ok,40.3737,35.9835,82
2560,ok,44.2255,44.2255,15
25600,ok,40.6952,40.6951,41
25601,ok,48.9045,48.9045,20
25602,ok,45.2235,45.2235,17
25603,ok,45.2507,45.2507,14
25604,ok,38.8869,38.8869,18
25605,ok,45.3337,45.3337,38
25606,ok,5606.3001,898.3075,19
25607,ok,49.0039,49.0039,28
25608,ok,12.2948,12.2948,23
25609,ok,43.0572,43.0572,29
2561,ok,43.9210,43.9210,27
25610,ok,48.4728,48.4728,33
25611,ok,20.8462,20.8462,49
25612,ok,49.9235,49.9235,39
25613,ok,40.4294,40.4294,44
25614,ok,46.0384,46.0384,14
25615,ok,42.2150,42.2150,27
25616,ok,22.6292,22.6292,17
25617,ok,44.6096,43.2069,21
25618,ok,37.1619,37.1619,24
25619,ok,30.5947,30.5947,16
25620,ok,39.5085,39.5085,28
25621,ok,34.3918,34.3918,25
25622,ok,48.2175,48.2175,12
25623,ok,42.5568,42.5568,12
25624,ok,43.4207,43.4207,35
25625,ok,42.9670,42.9670,20
25626,ok,46.7753,46.7753,18
25627,ok,49.3241,49.3241,31
25628,ok,39.8248,39.8248,20
25629,ok,19.9721,19.9721,25
2563,ok,17.6482,17.6482,26
25630,ok,42.8101,42.8101,31
25631,ok,18.3471,18.3471,31
25632,ok,23.0637,23.0637,38
25633,ok,49.8708,49.8708,29
25634,ok,43.8162,43.8162,20
25635,ok,49.8592,44.4220,25
25636,ok,29.6508,29.6508,23
25637,ok,26.9185,26.9185,33
25638,ok,37.2234,37.2234,26
25639,ok,40.9843,40.1980,30
2564,ok,41.1963,41.1963,31
25640,ok,29.5872,29.5872,13
25641,ok,20.4267,20.4267,28
25642,ok,37.2207,36.7434,13
25643,ok,48.6168,48.6168,33
25644,ok,40.3866,40.3866,16
25645,ok,27.8792,27.8792,25
25646,ok,48.8966,48.8966,54
25647,ok,49.3736,49.3736,34
25648,ok,40.3306,40.3306,24
25649,ok,37.3057,37.3057,23
2565,ok,35.5946,35.5946,15
25650,ok,32.5458,32.5458,13
25651,ok,48.5185,48.5185,19
25652,ok,22.5706,22.5706,18
25653,ok,47.8245,47.8245,21
25654,ok,32.5879,32.5879,24
25655,ok,34.9583,34.9583,11
25656,ok,49.4577,49.4577,10
25657,ok,45.0364,45.0364,19
25658,ok,27.1969,27.1969,27
25659,ok,41.1262,41.1262,15
2566,ok,45.7467,45.7467,34
25660,ok,29.1941,29.1941,31
25661,ok,42.2457,42.2457,20
25662,ok,45.9528,45.9528,39
25663,ok,35.5111,35.5111,25
25664,ok,36.5445,36.5445,24
25665,ok,45.8214,45.8214,18
25666,ok,44.1617,44.1617,23
25667,ok,35.2827,35.2827,29
25668,ok,47.5926,47.5926,26
25669,ok,48.9841,48.9841,36
2567,ok,22.9754,22.9754,27
25670,ok,42.5998,42.5998,27
25671,ok,47.2755,47.2755,16
25672,ok,32.2085,32.2085,17
25673,ok,43.7188,43.7188,31
25674,ok,25.5108,25.5108,15
25675,ok,47.8868,46.4395,39
25676,ok,42.8936,42.8936,10
25679,ok,45.4391,45.4391,22
2568,ok,43.0851,43.0851,31
25680,ok,41.2170,41.2170,34
25681,ok,46.5871,46.5871,27
25682,ok,38.1272,38.1272,28
25683,ok,37.1762,37.1762,29
25684,ok,33.8795,33.8795,42
25685,ok,47.8578,47.8578,27
25686,ok,41.9490,41.9490,15
25687,ok,23.5969,23.5969,31
25688,ok,32.0991,32.0991,21
25689,ok,48.8598,48.8598,19
2569,ok,45.4714,45.4714,26
25690,ok,46.2087,46.2087,20
25691,ok,45.9791,45.9791,16
25692,ok,13.4243,13.4243,19
25693,ok,47.4225,47.4225,18
25694,ok,19.5835,19.5835,28
25695,ok,22.8661,22.8661,51
25696,ok,45.1506,45.1506,17
25697,ok,40.3907,40.3907,22
25698,ok,44.1512,44.1512,13
25699,ok,23.4370,23.4370,22
257,ok,38.1452,38.1452,28
2570,ok,48.3274,48.3274,22
25700,ok,32.9760,32.9760,33
25701,ok,40.7135,40.7135,30
25702,ok,46.5856,41.5053,16
25703,ok,49.5629,49.5629,32
25704,ok,45.5705,45.5705,16
25705,ok,48.2488,48.2488,23
25706,ok,28.1609,28.1609,18
25707,ok,44.4576,44.4576,30
25708,ok,40.1432,40.1432,16
2571,ok,36.9800,36.9800,31
25710,ok,44.9316,44.9316,25
25711,ok,48.8205,48.8205,28
25712,ok,48.7934,48.7934,22
25713,ok,46.3558,41.3006,16
25714,ok,45.8613,45.8613,42
25715,ok,26.1297,26.1297,23
25716,ok,48.2844,48.2844,18
25717,ok,49.1569,49.1569,30
25718,ok,49.2478,49.2478,21
25719,ok,34.2707,34.2707,33
2572,ok,32.6960,32.6960,25
25720,ok,38.8032,38.8032,24
25721,ok,31.6450,31.6450,33
25722,ok,37.3033,37.3033,29
25723,ok,37.8141,37.8141,11
25724,ok,47.4734,42.2963,28
25725,ok,46.4557,46.4557,16
25726,ok,48.1249,48.1249,9
25727,ok,49.1914,49.1914,19
25728,ok,41.1861,41.1861,13
25729,ok,48.8492,48.8492,46
2573,ok,46.2374,46.2374,36
25730,ok,43.8032,43.8032,15
25731,ok,49.2992,49.2992,31
25732,ok,40.7807,40.7807,29
25733,ok,44.1552,44.1552,10
25734,ok,44.3247,44.3247,14
25735,ok,36.4741,36.4741,38
25736,ok,41.4809,41.4809,37
25737,ok,32.0516,31.0378,30
25738,ok,50.5187,50.5187,25
25739,ok,45.8055,45.8055,13
2574,ok,42.3621,42.3621,15
25740,ok,47.8783,47.8783,29
25741,ok,27.5402,27.5402,18
25742,ok,49.2269,49.2269,31
25743,ok,42.1279,42.1279,14
25744,ok,27.9416,27.9416,26
25745,ok,46.8598,46.8598,29
25746,ok,44.5409,44.5409,19
25747,ok,38.8675,38.8675,28
25748,ok,43.9195,43.9195,10
25749,ok,42.9762,42.9762,20
2575,ok,36.4321,36.4321,61
25750,ok,44.8112,44.8112,23
25751,ok,21.4664,21.4664,21
25752,ok,48.5169,48.5169,34
25753,ok,40.1334,40.1334,39
25754,ok,35.6302,35.6302,37
25755,ok,43.7732,43.7732,38
25756,ok,42.6485,42.6485,33
25757,ok,48.0217,48.0217,27
25758,ok,39.7564,39.7564,21
25759,ok,47.4888,47.4888,22
2576,ok,38.3356,38.3356,29
25760,ok,31.2387,31.2387,15
25761,ok,39.7237,39.7237,9
25762,ok,40.6197,40.6197,22
25763,ok,42.1220,42.1220,36
25764,ok,39.3971,39.0028,17
25765,ok,45.1858,45.1858,19
25766,ok,40.5862,40.5862,24
25767,ok,30.2166,28.4300,33
25768,ok,41.0042,41.0042,18
25769,ok,39.9587,39.9587,33
2577,ok,30.9978,30.9978,21
25770,ok,38.3857,38.3857,19
25771,ok,29.3246,29.3246,21
25772,ok,47.7579,47.7579,19
25773,ok,39.4339,39.4339,23
25774,ok,16.0586,16.0586,37
25775,ok,20.6685,20.6685,26
25776,ok,35.9156,35.9156,25
25777,ok,47.5061,47.5061,19
25778,ok,49.4780,49.4780,33
25779,ok,43.8353,43.8353,12
2578,ok,34.8806,34.8806,13
25780,ok,24.4322,24.4322,26
25781,ok,37.8776,37.8776,16
25782,ok,47.9243,47.9243,11
25783,ok,33.0470,33.0470,16
25784,ok,48.6580,48.6580,15
25785,ok,44.0006,44.0006,24
25786,ok,46.1050,46.1050,31
25787,ok,27.8154,27.8154,15
25788,ok,41.9608,41.9608,17
25789,ok,29.8173,29.8173,40
2579,ok,36.3446,36.3446,15
25790,ok,49.9321,49.9321,34
25791,ok,46.2797,46.2797,31
25792,ok,49.3464,49.3464,35
25793,ok,37.6887,37.6887,22
25794,ok,48.1916,48.1916,11
25795,ok,54.4059,49.8931,14
25796,ok,48.9324,48.9324,18
25797,ok,45.1361,45.1361,26
25798,ok,30.2611,30.2611,12
25799,ok,21.4390,21.4390,34
258,ok,35.2568,35.2568,26
2580,ok,44.7039,44.7039,12
25800,ok,30.8167,30.8167,20
25801,ok,38.1422,38.1422,12
25802,ok,55.8127,49.7262,46
25803,ok,44.5143,44.5143,32
25804,ok,42.7936,42.7936,38
25805,ok,44.9468,44.9468,28
25806,ok,31.0196,31.0196,28
25807,ok,48.5973,48.5973,18
25808,ok,42.2442,42.2442,22
25809,ok,44.6999,44.6999,23
2581,ok,35.5263,35.5263,15
25811,ok,27.4653,27.4653,24
25812,ok,44.8967,44.8967,32
25813,ok,44.0017,44.0017,35
25814,ok,28.9320,28.9320,39
25815,ok,35.7808,35.7808,28
25816,ok,42.8678,42.8678,15
25817,ok,38.8457,38.6117,30
25818,ok,29.4602,29.4602,17
25819,ok,37.9695,37.9695,17
2582,ok,48.9071,48.9071,41
25820,ok,38.4585,38.4585,36
25821,ok,41.7781,41.7781,23
25822,ok,36.7215,36.7215,14
25823,ok,41.3277,41.3277,21
25824,ok,31.6307,31.6307,21
25825,ok,23.3940,23.3940,32
25826,ok,37.0001,37.0001,20
25827,ok,39.3953,39.3953,12
25828,ok,48.4623,48.4623,16
25829,ok,47.8208,47.8208,27
2583,ok,44.5884,41.6665,25
25830,ok,49.0509,49.0509,20
25831,ok,49.7237,49.7237,10
25832,ok,40.9150,40.9150,10
25833,ok,30.4297,30.4297,31
25834,ok,39.9553,39.9553,27
25835,ok,45.8253,45.8253,11
25836,ok,41.7765,41.7765,14
25837,ok,27.4808,26.9746,20
25838,ok,28.1612,28.1612,40
25839,ok,45.1490,45.1490,41
2584,ok,41.5231,41.5231,17
25840,ok,42.6583,42.6583,29
25841,ok,38.9290,38.9290,29
25842,ok,42.8907,42.8907,25
25843,ok,45.1423,45.1423,22
25844,ok,44.9435,44.9435,15
25845,ok,43.4797,43.4797,23
25846,ok,36.4999,36.4999,10
25847,ok,39.9327,39.9327,25
25848,ok,49.9617,49.9616,20
25849,ok,39.0119,39.0119,17
2585,ok,39.4570,39.4570,32
25850,ok,47.9619,47.9619,28
25851,ok,45.1442,45.1442,30
25852,ok,28.7422,28.7422,26
25853,ok,44.7972,44.7972,19
25854,ok,47.4851,47.4851,37
25855,ok,39.5195,39.5195,25
25856,ok,44.8639,44.8639,25
25857,ok,37.0800,37.0800,15
25858,ok,37.4844,37.4844,36
25859,ok,41.4403,41.4403,22
2586,ok,47.8491,47.8491,39
25860,ok,37.9647,37.9647,16
25861,ok,49.9275,49.9275,32
25862,ok,36.2024,36.2024,21
25863,ok,48.7930,48.7930,30
25864,ok,49.2569,49.2569,17
25865,ok,46.5169,46.5169,29
25866,ok,43.7857,43.7857,9
25867,ok,48.8662,48.8662,17
25868,ok,23.2685,23.2685,24
25869,ok,48.8098,48.8098,15
2587,ok,39.7477,39.7477,24
25870,ok,19.5418,19.5418,23
25871,ok,47.4673,47.4673,16
25872,ok,42.7398,42.7398,26
25873,ok,48.3829,48.3829,26
25874,ok,47.4870,47.4870,37
25875,ok,46.4733,46.4733,25
25876,ok,38.0000,38.0000,40
25877,ok,25.2215,25.2215,16
25878,ok,28.9219,28.9219,19
25879,ok,48.0426,48.0426,31
2588,ok,42.0004,42.0004,15
25880,ok,38.4476,38.4476,29
25881,ok,43.4156,43.4156,18
25882,ok,47.4755,47.4755,18
25883,ok,48.8017,48.8017,13
25884,ok,46.3444,46.3444,20
25885,ok,49.6654,49.6654,26
25886,ok,42.7116,42.7116,19
25888,ok,30.1844,30.1844,23
25889,ok,37.5560,37.5560,11
2589,ok,37.6239,37.6239,19
25890,ok,48.4591,48.4591,24
25891,ok,41.1314,41.1314,22
25892,ok,46.7766,46.7766,36
25893,ok,45.0856,43.8986,20
25894,ok,42.4943,42.4943,24
25895,ok,39.3951,35.0990,18
25896,ok,42.1473,42.1473,32
25897,ok,31.6825,31.6825,31
25898,ok,39.0584,39.0584,19
25899,ok,29.8622,29.8622,25
259,ok,43.6613,43.6613,25
2590,ok,44.8179,44.8179,28
25900,ok,37.0698,37.0698,38
25901,ok,48.7886,48.7886,27
25902,ok,16.1581,15.3026,10
25903,ok,40.8279,40.8279,45
25904,ok,45.0528,45.0528,25
25905,ok,31.8297,31.8297,22
25906,ok,42.6289,42.6289,19
25907,ok,28.9920,28.9920,16
25908,ok,32.7070,32.7070,37
25909,ok,48.8193,48.8193,19
2591,ok,47.8517,47.8517,19
25910,ok,28.8811,28.8811,40
25911,ok,44.4418,44.4418,25
25912,ok,30.8287,30.8287,39
25913,ok,49.6152,49.6152,34
25914,ok,19.8669,19.8669,22
25915,ok,41.3195,40.9438,23
25916,ok,40.9253,40.9253,25
25917,ok,32.0067,32.0067,34
25918,ok,49.6206,49.6206,20
25919,ok,46.4676,46.4676,11
2592,ok,44.7029,44.7029,34
25920,ok,39.4071,39.4071,15
25921,ok,48.6393,48.6393,33
25922,ok,43.0026,43.0026,19
25923,ok,37.3733,37.3733,19
25924,ok,37.2966,37.2966,30
25925,ok,47.2342,47.2342,20
25926,ok,29.4280,29.4280,34
25927,ok,26.4921,26.4921,32
25928,ok,32.8816,32.8816,28
25929,ok,39.0695,39.0695,21
2593,ok,44.0071,44.0071,23
25930,ok,49.2663,49.2663,23
25931,ok,47.7344,47.7344,12
25932,ok,44.6724,44.6724,25
25933,ok,25.6948,25.6948,34
25934,ok,45.9437,45.9437,21
25935,ok,49.6953,49.6953,11
25936,ok,35.5903,35.2641,23
25937,ok,36.4551,36.4551,29
25938,ok,48.5524,48.5524,26
25939,ok,19.5211,19.5211,40
2594,ok,42.7116,42.7116,17
25940,ok,39.1177,39.1177,20
25941,ok,44.1775,44.1775,28
25942,ok,45.0623,45.0623,24
25943,ok,30.5898,30.5898,10
25944,ok,34.5891,34.5891,22
25945,ok,38.3898,38.3898,36
25946,ok,49.1272,49.1272,14
25947,ok,47.0083,47.0083,19
25948,ok,46.7609,46.7609,20
25949,ok,46.6536,41.5659,19
2595,ok,49.9633,49.9633,21
25950,ok,48.6247,48.6247,10
25951,ok,44.7844,44.7844,18
25952,ok,29.8017,29.8017,21
25953,ok,43.6161,43.6161,20
25954,ok,49.5482,49.5482,33
25955,ok,44.5342,44.5342,29
25956,ok,32.4485,32.4485,27
25957,ok,49.3094,43.7522,21
25958,ok,35.6263,34.9763,19
25959,ok,24.1294,24.1294,18
2596,ok,46.4222,46.4222,42
25960,ok,48.5346,47.8561,18
25961,ok,47.0753,47.0753,16
25962,ok,40.9973,40.9973,33
25963,ok,41.0573,41.0573,28
25964,ok,45.1045,45.1045,15
25965,ok,36.1192,36.1192,38
25966,ok,32.5360,32.5360,30
25967,ok,40.6416,40.6416,36
25968,ok,35.3199,31.4682,10
25969,ok,44.0070,44.0070,17
2597,ok,44.0448,44.0448,26
25970,ok,47.1102,44.0660,20
25971,ok,45.8307,45.8307,22
25972,ok,41.1007,41.1007,21
25973,ok,33.1192,33.1192,17
25974,ok,41.0577,41.0577,36
25975,ok,18.8184,18.8184,18
25976,ok,45.7701,45.7701,16
25977,ok,36.2404,36.2404,17
25978,ok,22.0157,22.0157,12
25979,ok,45.5320,45.5320,21
2598,ok,45.3942,45.3942,24
25980,ok,31.0970,31.0970,17
25981,ok,46.4874,46.4874,16
25982,ok,43.3697,43.3697,19
25983,ok,40.2909,40.2909,21
25984,ok,27.3993,27.3993,23
25985,ok,25.5796,25.5796,16
25986,ok,42.0137,42.0137,24
25987,ok,37.5345,36.8871,21
25988,ok,48.3014,48.3014,30
25989,ok,46.5155,46.5155,36
2599,ok,29.1617,29.1617,42
25990,ok,39.4200,39.4200,18
25991,ok,40.5353,40.5353,19
25992,ok,47.0421,47.0421,15
25993,ok,48.3605,48.3605,14
25994,ok,37.2336,36.9932,31
25995,ok,46.5659,46.2168,36
25996,ok,48.5075,48.5075,15
25997,ok,42.6361,42.6361,10
25998,ok,46.3975,46.3975,21
25999,ok,32.6485,32.6485,18
26,ok,27.0653,27.0653,24
260,ok,34.9462,34.9462,26
2600,ok,42.0190,42.0190,28
26000,ok,31.1994,31.1994,24
26001,ok,40.6996,40.6996,38
26002,ok,30.3867,30.3867,29
26003,ok,37.6402,37.6402,34
26004,ok,23.5102,23.5102,14
26005,ok,39.3446,39.3446,38
26006,ok,36.6718,32.6726,19
26007,ok,28.1691,28.1691,28
26008,ok,1250.8867,38.9428,21
26009,ok,41.9305,40.1603,19
2601,ok,29.5011,29.5011,20
26010,ok,17.5977,17.5977,13
26012,ok,34.5130,34.5130,15
26013,ok,32.5523,32.5523,27
26014,ok,39.8266,39.8266,23
26015,ok,46.1568,46.1568,13
26016,ok,42.5332,42.5332,31
26017,ok,33.1511,33.1511,26
26018,ok,32.3846,32.3846,17
26019,ok,45.3755,45.3755,23
2602,ok,42.1389,42.1389,14
26020,ok,37.0087,37.0087,17
26021,ok,44.3849,44.3849,20
26022,ok,47.9039,47.9039,25
26023,ok,38.7917,38.7917,44
26024,ok,27.9091,27.9091,19
26025,ok,35.1684,35.1012,13
26026,ok,48.8305,48.8305,23
26027,ok,38.2314,38.2314,23
26028,ok,38.3816,38.3816,18
26029,ok,49.3315,49.3315,16
2603,ok,28.2585,28.2585,31
26030,ok,48.2678,48.2678,14
26031,ok,35.6065,35.6065,37
26032,ok,41.6309,41.6309,47
26033,ok,27.6244,27.6244,33
26034,ok,46.3296,46.3296,18
26035,ok,41.0573,41.0573,17
26036,ok,39.9911,39.9911,18
26037,ok,45.8011,45.8011,27
26038,ok,41.8935,41.8935,28
26039,ok,34.1046,34.1046,17
2604,ok,37.7483,37.7483,20
26040,ok,39.1942,39.1942,24
26041,ok,48.0065,48.0065,17
26042,ok,49.3280,49.3280,18
26043,ok,50.7136,48.2891,17
26044,ok,40.0267,40.0267,23
26045,ok,39.1017,39.1017,24
26046,ok,47.5836,47.5836,26
26047,ok,33.4468,33.4468,29
26048,ok,40.7852,40.7638,33
26049,ok,49.6591,49.6591,39
2605,ok,45.4793,45.4793,17
26050,ok,46.3310,46.3310,33
26051,ok,29.0656,29.0656,41
26052,ok,49.4752,49.4752,20
26053,ok,23.8664,23.8664,11
26055,ok,35.0999,35.0999,23
26056,ok,35.6505,35.6505,12
26057,ok,34.7088,34.7088,32
26058,ok,49.3292,49.3292,20
26059,ok,31.0046,31.0046,21
2606,ok,42.6684,42.6684,19
26060,ok,31.2035,31.2035,25
26061,ok,48.2096,48.2096,25
26062,ok,25.4524,25.4524,13
26063,ok,45.8681,45.8681,32
26064,ok,45.8771,45.8771,12
26065,ok,41.2522,41.2522,18
26066,ok,40.0635,40.0635,34
26067,ok,29.1945,29.1945,29
26068,ok,42.7311,42.7311,18
26069,ok,37.6927,37.6927,13
2607,ok,47.0711,47.0711,18
26070,ok,45.7775,45.7775,22
26071,ok,32.5123,32.5123,12
26072,ok,49.1549,49.1549,28
26073,ok,46.0870,46.0870,35
26074,ok,47.3293,47.3293,30
26075,ok,48.3892,48.3892,22
26076,ok,33.6068,33.6068,46
26077,ok,44.6792,44.6792,22
26078,ok,44.8789,44.8789,17
26079,ok,40.8749,40.8749,34
2608,ok,42.4058,41.6966,35
26080,ok,48.2671,48.2670,23
26081,ok,31.2075,31.2075,22
26082,ok,48.1670,48.1670,24
26083,ok,42.4824,42.4824,17
26084,ok,34.1722,34.1722,22
26085,ok,21.2346,21.2346,13
26086,ok,49.9846,49.9846,33
26087,ok,35.7005,35.7005,18
26088,ok,37.8193,37.8193,16
26089,ok,38.3094,38.3094,12
2609,ok,46.3667,46.3667,24
26090,ok,36.3461,36.3461,43
26091,ok,49.1432,49.1432,19
26092,ok,28.4091,28.4091,30
26093,ok,30.5830,27.2478,43
26094,ok,39.7932,39.7932,19
26095,ok,42.4554,41.9672,23
26096,ok,42.5840,42.5840,37
26097,ok,40.6233,40.6233,16
26098,ok,45.3465,45.3465,21
26099,ok,32.5050,32.5050,21
261,ok,30.9926,30.9926,20
2610,ok,37.3433,37.3433,18
26100,ok,42.0690,42.0690,28
26101,ok,44.4416,44.4416,15
26102,ok,48.5137,48.5137,26
26103,ok,40.3131,40.3131,12
26104,ok,39.3026,39.3026,24
26105,ok,35.4809,35.4809,20
26106,ok,29.8927,29.8927,33
26107,ok,53.5035,47.6688,30
26108,ok,39.3517,39.3517,19
26109,ok,44.4514,44.4514,25
2611,ok,35.6931,35.6931,17
26110,ok,47.3458,46.5180,27
26111,ok,49.6037,49.6037,34
26112,ok,19.5514,19.5514,17
26113,ok,44.4349,44.4349,26
26114,ok,24.5132,24.5132,40
26115,ok,42.4225,42.4225,28
26116,ok,329.5782,42.4111,36
26117,ok,35.7569,35.7569,21
26118,ok,21.4782,21.4782,37
26119,ok,48.3754,48.3754,13
2612,ok,45.5712,45.5712,18
26120,ok,43.1135,43.1135,26
26121,ok,35.0560,35.0560,22
26122,ok,48.8606,48.8606,21
26123,ok,48.0117,48.0116,20
26124,ok,49.4684,49.4684,19
26125,ok,48.1756,48.1756,21
26126,ok,47.1870,47.1870,20
26127,ok,46.8890,46.8890,28
26128,ok,36.0931,36.0931,39
26129,ok,39.0157,34.7610,23
2613,ok,46.4347,46.4347,21
26130,ok,22.8303,22.8303,21
26131,ok,18.7762,18.7762,21
26132,ok,30.7397,30.7397,29
26133,ok,49.8665,49.8665,18
26134,ok,31.1234,31.1234,25
26135,ok,27.7001,27.7001,21
26136,ok,41.0431,41.0431,43
26137,ok,49.7876,49.7876,28
26138,ok,33.2171,33.2171,30
26139,ok,48.9508,48.9508,12
2614,ok,49.6567,49.6567,24
26140,ok,48.2423,48.2423,29
26141,ok,30.7766,30.7766,40
26142,ok,38.8723,38.8723,41
26143,ok,46.9435,46.9435,42
26144,ok,36.0437,36.0437,16
26145,ok,48.8039,48.8039,15
26146,ok,38.0187,38.0187,34
26147,ok,49.2980,49.2980,25
26148,ok,47.0717,47.0717,23
26149,ok,49.9161,49.9161,22
2615,ok,43.4770,43.4770,21
26150,ok,39.5020,39.5020,26
26151,ok,34.0851,34.0851,32
26152,ok,32.9401,32.9401,20
26153,ok,41.0577,41.0577,34
26154,ok,43.2794,43.2794,12
26155,ok,47.7183,47.7183,31
26156,ok,37.9923,37.9923,25
26157,ok,53.3769,47.5560,18
26158,ok,47.6646,47.6646,27
26159,ok,48.9013,48.9013,18
2616,ok,39.0152,38.0392,27
26160,ok,40.1660,40.1660,28
26161,ok,38.7929,38.7929,13
26162,ok,41.5593,41.5593,15
26163,ok,30.7977,30.7977,13
26164,ok,27.5984,27.5984,24
26165,ok,37.4430,37.4430,16
26166,ok,44.0888,44.0888,32
26167,ok,31.8272,31.8272,41
26168,ok,38.2526,38.2526,16
26169,ok,45.5676,45.5676,22
2617,ok,44.6824,44.6824,15
26170,ok,56.8786,48.9703,20
26171,ok,49.0904,49.0904,38
26172,ok,45.4533,45.4533,29
26173,ok,47.3007,47.3007,21
26174,ok,32.6945,32.6945,27
26175,ok,38.7212,38.7212,17
26176,ok,35.3394,35.3394,22
26177,ok,47.3487,47.3487,18
26178,ok,34.1071,34.1071,27
26179,ok,51.5198,45.9015,30
2618,ok,40.5829,40.5829,26
26180,ok,49.7014,49.7014,26
26181,ok,35.5873,35.5873,12
26182,ok,28.3678,28.3678,25
26183,ok,28.2895,28.2895,34
26184,ok,43.9441,43.9440,22
26185,ok,45.8650,45.8650,16
26186,ok,37.1768,37.1768,26
26187,ok,48.9031,48.9031,21
26188,ok,35.1894,35.1894,28
26189,ok,39.3337,39.3337,39
2619,ok,36.8996,35.4751,21
26190,ok,48.2782,48.2782,21
26191,ok,48.4989,48.4989,24
26192,ok,42.7260,42.7260,22
26193,ok,40.2076,40.2076,26
26194,ok,44.3846,44.3846,27
26195,ok,43.9521,43.9521,24
26196,ok,53.2875,47.4764,23
26197,ok,42.1919,42.1919,17
26198,ok,35.1859,34.4813,23
26199,ok,45.3268,45.3268,24
262,ok,45.5092,45.5091,36
2620,ok,39.8855,39.8855,16
26200,ok,36.8103,36.8103,15
26201,ok,49.9454,49.9454,27
26202,ok,49.7240,49.7240,21
26203,ok,37.4694,37.4694,14
26204,ok,45.7510,45.7510,22
26205,ok,47.2259,47.2259,14
26206,ok,29.5442,29.5442,25
26207,ok,49.8786,49.8786,37
26208,ok,29.2359,29.2359,34
26209,ok,53.6286,49.1727,12
2621,ok,45.5927,45.5927,14
26210,ok,47.5215,47.5215,29
26211,ok,48.8954,48.8954,27
26212,ok,35.8296,35.8296,15
26213,ok,46.9142,46.9142,11
26214,ok,49.7901,49.7900,19
26215,ok,47.0418,47.0418,22
26216,ok,43.5207,43.5207,27
26217,ok,49.0618,49.0618,23
26218,ok,37.9542,37.9542,21
26219,ok,35.1596,34.3560,24
2622,ok,28.5949,28.5949,29
26220,ok,34.0126,34.0126,32
26221,ok,42.9971,42.9971,30
26222,ok,46.7129,46.7129,10
26223,ok,47.2427,47.2427,25
26224,ok,44.7265,44.7265,22
26225,ok,21.8124,21.8124,39
26226,ok,49.3763,49.3763,32
26227,ok,48.9794,48.7972,25
26229,ok,46.7783,46.7783,17
2623,ok,37.8553,37.8553,22
26230,ok,47.1363,47.1363,32
26231,ok,44.4162,44.4162,26
26232,ok,20.6722,20.6722,14
26233,ok,27.0681,27.0681,14
26234,ok,40.0495,40.0495,20
26235,ok,33.5606,33.5606,15
26236,ok,37.0637,37.0637,11
26237,ok,39.6970,39.6970,26
26238,ok,36.0972,36.0972,37
26239,ok,43.7063,43.7063,22
2624,ok,33.8820,33.8820,24
26240,ok,41.3424,41.3424,15
26241,ok,45.8394,45.8394,33
26242,ok,24.4054,24.4054,21
26243,ok,47.4326,47.4326,13
26244,ok,26.9141,26.9141,31
26245,ok,26.0582,26.0582,23
26246,ok,40.2429,40.2429,36
26247,ok,46.9929,41.8682,20
26248,ok,44.0101,44.0101,24
26249,ok,49.9984,49.9984,26
2625,ok,18.3603,18.3603,28
26250,ok,45.7999,45.7999,26
26251,ok,47.7090,47.7090,35
26252,ok,48.4140,48.4140,25
26253,ok,44.2292,44.2292,32
26254,ok,41.1461,41.1461,11
26255,ok,45.3603,44.9179,17
26256,ok,49.7191,49.7191,24
26257,ok,37.7173,36.8855,10
26258,ok,51.1196,48.9601,13
26259,ok,29.7079,29.7079,40
2626,ok,50.3012,44.8157,15
26260,ok,47.3147,47.3147,26
26261,ok,35.3027,35.3027,21
26262,ok,46.5033,46.5033,18
26263,ok,32.3931,32.3931,19
26264,ok,35.1763,31.3403,17
26265,ok,49.0890,49.0890,27
26266,ok,44.6808,44.6808,25
26267,ok,45.0581,45.0581,26
26268,ok,37.8860,37.8860,21
26269,ok,37.9557,37.9557,21
2627,ok,24.6866,24.6866,29
26270,ok,46.8919,46.8919,25
26271,ok,45.3914,45.3914,37
26272,ok,49.7544,49.7544,10
26273,ok,34.3153,34.3153,22
26274,ok,47.8138,47.8138,25
26275,ok,46.4622,46.4622,12
26276,ok,36.6147,36.6147,14
26277,ok,47.9370,47.9370,23
26279,ok,48.1764,48.1764,13
2628,ok,35.2171,31.8447,17
26280,ok,47.8970,47.8970,16
26281,ok,31.6584,31.6584,18
26282,ok,44.6155,44.6155,16
26283,ok,41.0507,41.0507,32
26284,ok,43.0983,43.0983,28
26285,ok,46.9553,46.9553,23
26286,ok,39.4308,39.4308,21
26287,ok,40.0263,40.0263,19
26288,ok,24.6866,24.6866,29
26289,ok,33.3008,33.3008,23
2629,ok,49.5278,49.5278,45
26291,ok,47.4505,47.4505,23
26292,ok,46.1197,46.1197,25
26293,ok,49.6085,49.6085,33
26294,ok,39.1722,39.1722,28
26295,ok,19.9693,19.9693,30
26296,ok,31.6318,31.6318,37
26297,ok,27.5647,27.5647,12
26298,ok,49.6568,48.4971,17
26299,ok,29.3385,29.3385,22
263,ok,48.6057,43.3051,28
2630,ok,48.6692,48.6692,17
26300,ok,28.9046,28.9046,25
26301,ok,47.9280,47.9280,20
26302,ok,23.9188,23.9188,31
26303,ok,48.5379,48.5379,28
26304,ok,49.7844,47.2644,34
26305,ok,42.5514,42.5514,27
26306,ok,32.7655,32.7655,24
26307,ok,49.8943,49.8943,19
26308,ok,41.6384,39.1331,21
26309,ok,41.9538,41.9538,36
2631,ok,48.2028,48.2028,29
26310,ok,39.8768,39.8768,30
26312,ok,39.3569,39.3569,15
26313,ok,43.8607,43.8607,17
26314,ok,45.5049,45.5049,31
26315,ok,56.8447,56.8447,21
26316,ok,31.7420,31.7420,14
26317,ok,23.4911,23.4911,29
26318,ok,15.4247,15.4247,20
26319,ok,49.5923,49.5923,17
2632,ok,39.0459,39.0459,24
26320,ok,47.2201,47.2201,26
26321,ok,41.0374,41.0374,23
26322,ok,48.0501,48.0501,16
26323,ok,42.1422,42.1422,15
26324,ok,39.6114,39.6114,30
26325,ok,41.6029,41.6029,18
26326,ok,30.4961,30.4961,22
26327,ok,47.5814,47.5814,19
26328,ok,32.7066,32.7066,28
26329,ok,49.7255,49.7255,20
2633,ok,28.6744,28.6744,13
26330,ok,46.9498,46.9498,41
26331,ok,47.6175,47.6175,36
26332,ok,39.4966,39.4966,26
26333,ok,206.7766,23.0109,26
26334,ok,33.2190,33.2190,15
26335,ok,25.8768,25.8768,30
26336,ok,46.8657,46.8657,17
26337,ok,47.7187,47.7187,37
26338,ok,41.5836,41.5836,35
26339,ok,37.7687,36.0209,23
2634,ok,35.5195,35.5195,16
26340,ok,47.6361,47.6361,24
26341,ok,48.1894,48.1894,17
26342,ok,30.1099,30.1099,24
26343,ok,42.9454,42.9454,26
26344,ok,49.1990,49.1990,23
26345,ok,44.5153,40.3917,23
26346,ok,44.5095,44.5095,26
26347,ok,46.5689,46.5689,15
26348,ok,49.6497,49.6497,16
26349,ok,35.8610,35.8610,31
2635,ok,47.4208,47.4208,17
26350,ok,47.5903,47.5903,29
26351,ok,39.7154,39.7154,26
26352,ok,39.2731,39.2731,38
26353,ok,36.4342,36.4342,15
26354,ok,47.0967,47.0967,27
26355,ok,37.9859,37.9859,29
26356,ok,45.9633,45.9633,15
26357,ok,49.2632,49.2632,23
26359,ok,34.5235,34.4296,21
2636,ok,31.2567,31.2567,24
26360,ok,48.1999,48.1999,19
26361,ok,21.1550,21.1550,23
26362,ok,39.1325,39.1325,21
26363,ok,46.1094,46.1094,28
26364,ok,33.5422,33.5422,24
26365,ok,33.2638,33.2638,18
26366,ok,39.6716,39.6716,38
26367,ok,38.7670,38.7670,10
26368,ok,42.3507,42.3507,25
26369,ok,47.7863,47.7863,25
2637,ok,45.9888,45.9888,27
26370,ok,44.8973,44.8973,14
26371,ok,44.0120,44.0120,17
26372,ok,39.5457,39.5457,40
26373,ok,48.5128,48.5128,32
26374,ok,42.4389,42.4389,17
26375,ok,47.1364,47.1364,18
26376,ok,28.6818,28.6818,36
26377,ok,37.1682,37.1682,28
26378,ok,48.4761,48.4761,13
26379,ok,47.0731,47.0731,31
2638,ok,46.1856,46.1856,36
26380,ok,34.3192,34.3192,18
26381,ok,48.6983,48.6983,14
26383,ok,44.2996,43.9823,26
26384,ok,49.5654,49.5654,16
26385,ok,30.8768,30.8768,18
26386,ok,40.5058,40.5058,23
26388,ok,28.6990,28.6990,36
26389,ok,21.1425,21.1425,29
2639,ok,39.9706,39.9706,16
26390,ok,47.6874,47.6874,13
26391,ok,29.2888,29.2888,15
26392,ok,44.6268,44.6268,28
26393,ok,47.8392,47.8392,16
26394,ok,48.9360,48.9360,24
26395,ok,35.3403,35.3403,13
26396,ok,31.1439,31.1439,26
26397,ok,46.3982,46.3982,17
26398,ok,41.2110,41.2110,20
26399,ok,42.6530,42.6530,46
264,ok,38.6392,38.6392,22
2640,ok,43.0333,43.0333,22
26400,ok,46.3920,46.3920,37
26402,ok,39.2948,39.2948,18
26403,ok,46.5302,46.5302,13
26404,ok,28.1397,28.1397,15
26405,ok,34.7487,34.7487,26
26406,ok,31.4322,31.4322,29
26407,ok,31.8812,31.8812,37
26408,ok,23.8069,23.8069,32
26409,ok,49.2294,49.2294,26
2641,ok,44.7553,44.7553,27
26410,ok,43.4542,43.4542,28
26411,ok,29.1545,29.1545,20
26412,ok,28.0617,28.0617,19
26413,ok,49.4702,49.4702,20
26414,ok,49.5739,49.5739,20
26415,ok,46.8220,46.8220,25
26416,ok,19.0917,19.0917,23
26417,ok,40.3073,40.3073,33
26418,ok,43.1113,43.1113,23
26419,ok,38.0214,38.0214,16
2642,ok,34.2358,34.2358,23
26420,ok,46.4820,46.4820,21
26421,ok,34.0941,34.0941,19
26422,ok,43.3332,43.3332,24
26423,ok,37.4222,37.4222,25
26424,ok,33.4712,33.4712,22
26425,ok,34.7349,34.7349,19
26426,ok,40.4256,40.4256,13
26427,ok,41.1423,40.5578,28
26428,ok,44.5233,44.5233,15
26429,ok,44.0658,44.0658,18
2643,ok,45.0586,45.0586,35
26430,ok,21.7349,21.7349,39
26431,ok,42.5592,42.5592,17
26432,ok,52.5508,48.8246,39
26433,ok,32.4956,32.4956,25
26434,ok,36.6859,36.0843,27
26435,ok,34.3432,33.9860,30
26436,ok,47.3765,42.2100,11
26438,ok,34.1094,34.1094,35
26439,ok,48.2379,47.7008,22
2644,ok,36.4306,36.4306,36
26440,ok,37.2710,37.2710,19
26441,ok,28.5789,28.5789,26
26442,ok,33.3705,33.3705,20
26443,ok,49.9803,49.9803,53
26444,ok,35.4647,35.4647,26
26445,ok,24.2667,24.2667,18
26446,ok,49.0645,48.2078,29
26447,ok,30.1272,30.1272,26
26448,ok,31.8156,31.8156,32
26449,ok,46.5792,46.5792,18
2645,ok,48.5792,48.5792,24
26450,ok,47.2612,47.2612,29
26451,ok,43.8756,43.8756,20
26452,ok,32.9570,32.9570,27
26453,ok,31.3485,31.3485,25
26454,ok,20.2619,20.2619,19
26455,ok,26.2935,26.2935,20
26456,ok,44.5362,44.5362,18
26457,ok,36.5514,36.5514,19
26458,ok,40.2407,39.6521,29
26459,ok,34.8027,34.8027,11
2646,ok,30.5100,30.5100,25
26460,ok,44.8934,44.8934,45
26461,ok,46.1270,46.1270,20
26462,ok,29.4572,29.4572,24
26463,ok,48.9270,48.9270,24
26464,ok,50.8672,49.9046,33
26465,ok,34.5625,34.5625,17
26466,ok,28.3334,28.3334,12
26467,ok,49.7998,49.7998,17
26468,ok,34.7051,34.7051,36
26469,ok,35.7295,35.7295,25
2647,ok,38.6615,37.4404,31
26470,ok,46.6671,46.6671,32
26471,ok,42.2339,42.2339,11
26472,ok,21.8586,21.4133,21
26473,ok,42.6068,42.6068,34
26474,ok,27.5488,27.5488,25
26475,ok,42.8927,42.8927,21
26476,ok,48.8448,48.8448,26
26477,ok,41.3479,41.3479,16
26478,ok,32.1171,32.1171,25
26479,ok,25.7421,25.7421,13
2648,ok,43.6277,43.6277,27
26480,ok,46.2552,46.2552,18
26481,ok,47.3255,47.3255,26
26482,ok,39.6319,39.6319,26
26483,ok,44.2442,44.2442,20
26484,ok,48.9396,48.9396,25
26485,ok,47.6817,47.6817,27
26486,ok,49.4314,49.4314,30
26487,ok,44.4763,44.4763,16
26488,ok,40.2609,40.2609,15
26489,ok,42.2804,42.2804,24
2649,ok,41.7954,41.7954,20
26490,ok,44.0695,44.0695,39
26491,ok,24.8563,24.8563,26
26492,ok,41.7526,41.7526,29
26493,ok,48.8491,48.8491,12
26494,ok,31.1126,31.1126,20
26495,ok,46.0650,46.0650,18
26496,ok,39.4188,39.4188,24
26497,ok,45.2471,45.2471,16
26498,ok,45.7787,45.7787,24
26499,ok,49.8613,49.8613,20
265,ok,43.6562,43.6562,26
2650,ok,27.9899,25.6406,41
26500,ok,37.8752,37.8752,31
26501,ok,39.0851,39.0851,20
26502,ok,37.3155,37.3155,22
26503,ok,33.3592,33.3592,15
26504,ok,39.5370,39.5370,24
26505,ok,36.5472,36.5472,31
26506,ok,46.5365,46.5365,17
26507,ok,48.4822,48.4822,18
26508,ok,31.1196,31.1196,30
26509,ok,36.1769,36.1769,32
2651,ok,28.3365,28.3365,16
26510,ok,44.6023,44.6023,23
26511,ok,40.6775,40.6775,30
26512,ok,30.6433,30.6433,36
26513,ok,44.6399,44.6399,19
26514,ok,37.4094,37.4094,11
26515,ok,42.5204,42.5204,23
26516,ok,47.6885,47.6885,20
26517,ok,40.9088,40.9088,18
26518,ok,35.6209,34.0652,20
26519,ok,47.5778,47.5778,28
2652,ok,46.8190,41.7132,22
26520,ok,48.2883,48.2883,26
26521,ok,47.9184,47.9184,14
26522,ok,44.5265,44.0337,17
26523,ok,49.7960,49.7960,23
26524,ok,22.3639,22.3639,12
26525,ok,35.5412,35.5412,18
26526,ok,36.7812,36.7812,30
26527,ok,44.1852,44.1852,30
26528,ok,30.2550,30.2550,12
26529,ok,33.6409,33.6409,15
2653,ok,46.7370,46.7370,27
26530,ok,23.2666,23.2666,20
26531,ok,46.7225,46.7225,19
26532,ok,46.3482,46.3482,22
26533,ok,43.4784,43.4784,32
26534,ok,33.5588,33.0227,38
26535,ok,40.2460,38.4945,27
26536,ok,45.7357,45.7357,12
26537,ok,46.0343,45.5431,13
26538,ok,47.6584,47.6584,21
26539,ok,36.5578,36.5578,28
2654,ok,36.4026,36.4026,12
26540,ok,48.5497,48.5497,12
26542,ok,42.6064,42.6064,23
26543,ok,40.1227,40.1227,16
26544,ok,46.4795,46.4795,27
26545,ok,34.0434,34.0434,40
26546,ok,45.1685,45.1685,33
26547,ok,33.9988,33.9988,22
26548,ok,29.4713,29.4713,22
26549,ok,26.3811,26.3811,22
2655,ok,33.8192,33.8192,28
26550,ok,46.8736,46.8736,32
26551,ok,43.0261,43.0261,24
26552,ok,49.4952,49.4952,21
26553,ok,43.9210,43.9210,39
26554,ok,47.0480,47.0480,15
26555,ok,47.9353,47.9353,41
26556,ok,18.2627,18.2627,20
26557,ok,34.8400,34.8400,26
26558,ok,51.1898,48.4973,29
26559,ok,31.9754,31.9754,16
2656,ok,43.6696,43.6696,15
26560,ok,44.2679,44.2679,18
26561,ok,49.1913,49.1913,27
26562,ok,44.6994,44.6994,26
26563,ok,47.9947,47.9947,20
26564,ok,47.2809,47.2809,23
26565,ok,36.2912,36.2912,23
26566,ok,29.4374,29.4374,11
26567,ok,24.7288,24.7288,12
26568,ok,31.3459,31.3459,41
26569,ok,43.7434,43.7434,20
2657,ok,45.6062,45.6062,17
26570,ok,36.4299,36.4299,30
26571,ok,48.5867,48.5867,15
26572,ok,41.2568,41.2568,15
26573,ok,35.7764,35.7764,31
26574,ok,49.8117,49.8117,27
26575,ok,46.1741,46.1741,26
26576,ok,46.6023,46.6023,27
26577,ok,43.0635,43.0635,28
26578,ok,46.7184,46.7184,16
26579,ok,47.5522,47.5522,12
2658,ok,46.0418,45.5656,25
26580,ok,42.3335,42.3335,25
26581,ok,42.0073,42.0073,18
26582,ok,29.4531,29.4531,25
26583,ok,29.8633,29.8633,10
26584,ok,48.2070,48.2070,24
26585,ok,49.2919,49.2919,37
26586,ok,40.5415,40.5415,16
26587,ok,48.2353,48.2353,18
26588,ok,38.9297,38.9297,25
26589,ok,36.8646,36.8646,24
2659,ok,48.6947,48.6947,29
26590,ok,42.0362,42.0362,24
26591,ok,41.0816,41.0816,22
26592,ok,45.0043,45.0043,20
26593,ok,29.5436,29.5436,25
26594,ok,44.5522,44.5522,20
26595,ok,45.6410,45.6410,29
26596,ok,32.7457,32.7457,24
26597,ok,42.0863,42.0863,29
26598,ok,46.5079,46.5079,23
26599,ok,38.1160,38.1160,28
266,ok,29.0461,29.0461,33
2660,ok,41.7344,41.7344,20
26600,ok,41.6963,41.6963,16
26601,ok,45.0419,45.0419,36
26602,ok,35.8869,35.8869,41
26603,ok,47.0993,47.0993,22
26604,ok,49.1518,49.1518,25
26605,ok,39.4872,37.5404,32
26606,ok,36.0470,36.0470,19
26607,ok,48.9709,48.9709,26
26608,ok,42.3719,42.3719,44
26609,ok,44.2339,44.2339,23
2661,ok,25.9049,25.9049,14
26610,ok,27.6095,27.6095,29
26611,ok,30.3394,30.3394,13
26612,ok,46.2410,46.2410,15
26613,ok,48.8572,48.8572,21
26614,ok,48.6580,48.6580,38
26615,ok,37.8110,37.8110,32
26616,ok,37.4106,37.4106,18
26617,ok,33.4277,33.4277,22
26618,ok,33.4912,33.4912,16
26619,ok,49.1414,49.1414,27
2662,ok,46.9270,46.9270,17
26620,ok,31.2990,31.2990,40
26621,ok,31.8102,31.8102,27
26622,ok,46.6538,46.6538,17
26623,ok,42.9719,42.9719,32
26624,ok,38.4459,38.4459,23
26625,ok,37.5703,37.5703,30
26626,ok,47.0989,47.0989,26
26627,ok,43.6548,43.6548,30
26628,ok,22.8296,21.4983,33
26629,ok,36.5886,36.5886,9
2663,ok,40.0002,40.0002,40
26630,ok,25.3650,25.3650,44
26631,ok,29.1422,29.1422,36
26632,ok,49.9753,49.9753,27
26633,ok,46.1259,46.1259,21
26634,ok,44.0390,44.0390,27
26635,ok,47.6274,47.6274,23
26636,ok,33.3931,33.3931,20
26637,ok,43.8240,43.8240,28
26638,ok,29.2145,29.2145,31
26639,ok,48.9468,48.9468,34
2664,ok,40.7496,40.7496,32
26640,ok,48.6204,48.6204,30
26641,ok,40.0073,40.0073,23
26642,ok,26.6085,26.6085,11
26643,ok,44.0319,44.0319,26
26644,ok,48.2194,48.2194,25
26645,ok,35.4688,35.4688,29
26646,ok,39.2069,37.1725,13
26647,ok,48.8317,48.8317,13
26648,ok,45.5791,45.5791,16
26649,ok,25.9496,25.9496,19
2665,ok,36.8176,32.8025,28
26650,ok,48.9159,48.9159,35
26651,ok,41.7146,41.2659,21
26652,ok,43.9440,43.9440,16
26653,ok,39.5257,39.5257,22
26654,ok,33.9528,33.9528,17
26655,ok,28.2679,28.2679,15
26656,ok,29.0759,29.0759,17
26657,ok,6191.5903,3075.1593,30
26658,ok,48.8459,48.8459,27
26659,ok,43.4415,43.4415,13
2666,ok,31.6319,31.6319,13
26660,ok,31.8049,31.8049,18
26661,ok,273.8272,49.5776,38
26663,ok,37.1624,37.1624,22
26664,ok,46.1240,46.1240,17
26665,ok,37.0257,37.0257,23
26666,ok,34.6624,34.6624,25
26667,ok,47.8389,47.8389,38
26668,ok,42.6925,42.6925,20
26669,ok,48.0140,48.0140,25
2667,ok,22.0493,22.0493,27
26670,ok,23.1750,23.1750,22
26671,ok,22.5725,22.5725,23
26672,ok,44.2871,44.2871,26
26673,ok,256.7549,38.0874,15
26674,ok,43.6733,43.6733,11
26675,ok,30.9570,30.9570,27
26676,ok,48.3902,48.3902,25
26677,ok,42.6052,42.6052,16
26678,ok,48.0072,48.0072,11
26679,ok,45.4338,45.4338,29
2668,ok,34.0282,34.0282,25
26680,ok,47.5792,47.5792,23
26681,ok,42.7276,42.7276,22
26682,ok,45.7472,45.7472,22
26683,ok,46.6022,46.6022,19
26684,ok,30.2145,30.2145,24
26685,ok,24.0052,24.0052,25
26686,ok,44.4138,44.4138,18
26687,ok,28.4833,28.4833,26
26688,ok,46.2857,46.2857,25
26689,ok,36.8910,36.8910,22
2669,ok,44.2424,44.2424,18
26690,ok,47.0821,47.0821,12
26691,ok,48.1586,48.1586,30
26692,ok,36.8295,36.8295,15
26693,ok,48.4660,48.4660,14
26694,ok,44.0410,44.0410,12
26696,ok,39.4401,39.4401,24
26697,ok,30.5456,30.5456,14
26698,ok,51.9324,46.2691,24
26699,ok,44.4499,44.4499,29
267,ok,49.7333,49.7333,14
2670,ok,40.5440,40.5440,21
26700,ok,48.0175,48.0175,27
26701,ok,49.6605,49.6605,19
26702,ok,49.7495,49.7495,35
26703,ok,48.0090,48.0090,15
26704,ok,41.9340,41.9340,35
26705,ok,47.6249,47.6249,31
26706,ok,49.8555,49.8555,21
26707,ok,47.8073,47.8073,36
26708,ok,29.8478,26.5929,36
26709,ok,41.6210,41.6209,21
2671,ok,17.6436,17.6436,25
26710,ok,39.9348,39.9348,26
26711,ok,35.0551,35.0551,25
26712,ok,49.7435,49.7435,19
26713,ok,33.8357,33.8356,14
26714,ok,33.5205,33.5205,24
26715,ok,49.6566,49.6566,17
26716,ok,30.0205,30.0205,22
26717,ok,39.3428,39.3428,23
26718,ok,39.7037,39.7037,20
26719,ok,49.6579,49.6579,31
2672,ok,48.7834,48.7834,23
26720,ok,23.9670,23.9670,13
26721,ok,33.0614,33.0614,18
26722,ok,49.2234,49.2234,36
26723,ok,44.9206,44.9206,22
26724,ok,42.0891,42.0891,20
26725,ok,36.3010,36.3010,15
26726,ok,45.4299,45.4299,45
26727,ok,42.4459,42.4459,15
26728,ok,36.4036,36.4036,24
26729,ok,35.2374,35.2374,15
2673,ok,43.9455,43.5789,25
26730,ok,43.6955,43.6955,15
26731,ok,45.5216,45.5216,21
26732,ok,41.6607,41.6607,20
26733,ok,35.5161,35.5161,31
26734,ok,34.1581,34.1581,20
26735,ok,46.5693,45.1075,20
26736,ok,31.8568,31.8568,26
26737,ok,48.7695,48.7695,21
26738,ok,43.2117,43.2117,22
26739,ok,39.7117,39.7117,23
2674,ok,48.9278,48.9278,17
26740,ok,46.7410,46.7410,21
26741,ok,38.5983,38.5983,25
26742,ok,48.9972,48.9972,28
26743,ok,49.7781,49.7781,28
26744,ok,47.5221,47.5221,19
26745,ok,36.9785,36.0253,16
26746,ok,48.9871,48.9871,19
26747,ok,35.6195,35.6195,21
26748,ok,47.6799,47.6799,14
26749,ok,43.3582,43.3582,18
2675,ok,37.7119,37.7119,39
26750,ok,42.7396,42.7396,22
26751,ok,39.9038,39.9038,21
26752,ok,44.4291,44.4291,26
26753,ok,23.6950,23.6950,22
26754,ok,44.3173,44.3173,33
26755,ok,43.4710,43.4710,28
26756,ok,44.6241,44.6241,25
26757,ok,38.9492,38.9492,22
26758,ok,40.4552,40.4552,22
26759,ok,46.1694,46.1694,26
2676,ok,44.2602,44.2602,47
26760,ok,49.9078,49.9078,40
26761,ok,27.7602,27.7602,20
26762,ok,25.5871,25.5871,30
26763,ok,45.3229,45.3229,22
26764,ok,32.6677,32.6677,25
26765,ok,44.9460,44.9460,21
26766,ok,39.0941,39.0941,17
26767,ok,24.0897,24.0897,12
26768,ok,45.8182,45.8182,24
26769,ok,42.0859,42.0859,19
2677,ok,23.5730,23.5730,14
26770,ok,34.5246,34.5246,34
26771,ok,24.2845,24.2845,21
26772,ok,47.8535,47.8535,22
26773,ok,37.7875,37.7875,25
26774,ok,35.2328,35.2328,18
26775,ok,46.4659,46.4659,19
26776,ok,47.1574,47.1574,19
26777,ok,47.2999,47.2999,20
26778,ok,47.5840,47.5840,33
26779,ok,20.4748,20.4748,13
2678,ok,42.1958,42.1958,17
26780,ok,46.6220,46.6220,29
26781,ok,22.8240,22.8240,18
26782,ok,95.4173,32.5005,21
26783,ok,51.9895,49.7293,35
26784,ok,40.9553,40.9553,20
26785,ok,47.7398,47.7398,23
26786,ok,26.1072,26.1072,30
26787,ok,46.8198,46.8197,21
26788,ok,28.2778,28.2778,16
26789,ok,44.0154,44.0154,23
2679,ok,32.2480,32.2480,42
26790,ok,35.7267,34.9584,22
26791,ok,39.9400,39.9400,20
26792,ok,39.6073,39.6073,22
26793,ok,48.5831,48.5831,34
26794,ok,45.8306,45.8306,33
26795,ok,39.1214,39.1214,15
26796,ok,44.8382,44.8382,21
26797,ok,47.5688,47.5688,17
26798,ok,44.5791,44.4109,25
26799,ok,48.5723,48.5723,16
268,ok,48.7588,48.7588,36
2680,ok,38.9285,38.9285,15
26800,ok,48.8723,48.8723,36
26802,ok,44.8383,44.8383,24
26803,ok,48.4903,48.4903,9
26804,ok,46.4846,46.4846,14
26805,ok,40.3912,40.3912,31
26806,ok,33.0182,33.0182,36
26807,ok,41.8995,41.8995,19
26808,ok,48.6711,48.6711,24
26809,ok,39.2210,39.2210,19
2681,ok,21.3568,21.3568,17
26810,ok,30.4729,30.4729,15
26811,ok,47.2075,47.2075,11
26812,ok,40.1950,40.1950,25
26813,ok,24.6249,24.6249,37
26814,ok,42.0352,42.0352,33
26815,ok,49.6740,49.6740,14
26816,ok,45.8752,45.8752,19
26817,ok,46.9046,46.9046,33
26818,ok,41.1869,41.1869,28
26819,ok,43.6693,43.6693,21
2682,ok,41.1716,41.1716,29
26820,ok,31.5302,31.5302,30
26821,ok,49.2269,49.2269,35
26822,ok,25.4829,25.4829,26
26823,ok,19.9437,19.9437,27
26824,ok,39.7180,39.7180,22
26825,ok,47.0518,47.0518,19
26826,ok,47.2973,47.2973,29
26827,ok,29.9401,29.9401,32
26828,ok,46.6758,46.6758,20
26829,ok,41.0445,41.0445,13
2683,ok,48.0404,48.0404,11
26830,ok,40.6915,40.6915,19
26831,ok,26.1020,26.1020,33
26832,ok,30.0093,30.0093,23
26833,ok,43.5450,43.5450,25
26834,ok,33.0519,33.0519,35
26835,ok,36.9180,36.9180,21
26836,ok,42.2529,42.0118,33
26837,ok,21.4960,21.4960,18
26838,ok,35.4076,35.4076,10
26839,ok,32.1238,32.1238,19
2684,ok,49.1124,49.1124,22
26840,ok,49.3112,49.3112,35
26841,ok,44.2557,44.2557,23
26842,ok,44.5443,44.5443,28
26843,ok,23.5170,23.5170,35
26844,ok,46.2642,46.2642,47
26845,ok,50.4828,48.5956,12
26846,ok,47.2909,47.2909,28
26847,ok,46.8367,46.8367,41
26848,ok,42.6148,42.6148,15
26849,ok,33.5117,33.5117,33
2685,ok,36.2073,36.2073,13
26850,ok,18.7508,18.7508,28
26852,ok,49.0690,49.0690,26
26853,ok,46.1228,46.1228,23
26854,ok,45.7941,45.7941,25
26855,ok,43.2209,43.2209,21
26856,ok,46.6410,46.6410,58
26857,ok,38.6201,38.6201,27
26859,ok,32.9967,32.9967,24
2686,ok,49.1135,49.1135,22
26860,ok,49.0108,49.0108,23
26861,ok,35.7973,35.7973,35
26862,ok,38.8520,37.1700,17
26863,ok,45.3535,45.3535,9
26864,ok,30.6799,30.6799,24
26865,ok,32.4444,30.8434,32
26866,ok,35.2558,35.2558,24
26867,ok,47.8033,47.8033,26
26868,ok,48.8640,48.8640,15
26869,ok,33.4488,32.5997,24
2687,ok,45.5303,45.5303,17
26870,ok,47.6840,47.6840,21
26871,ok,43.4191,43.4191,24
26872,ok,42.7053,42.7053,15
26873,ok,45.3203,45.3203,31
26874,ok,39.3102,39.3102,18
26875,ok,37.2393,37.2393,28
26876,ok,36.5580,36.5580,17
26877,ok,46.2770,46.2770,20
26878,ok,46.1366,46.1366,48
26879,ok,35.0733,35.0733,26
2688,ok,52.8867,47.1193,38
26880,ok,37.4933,37.4933,22
26881,ok,25.5610,25.5610,41
26882,ok,50.6524,48.8700,31
26884,ok,43.4284,42.8989,31
26885,ok,35.5842,34.7105,14
26886,ok,33.0987,33.0987,19
26887,ok,42.3165,42.3165,28
26888,ok,44.7408,44.7408,27
26889,ok,46.2600,46.2600,17
2689,ok,47.2835,47.2834,17
26890,ok,33.6951,33.6951,20
26891,ok,39.9674,39.9674,26
26892,ok,40.8784,40.8784,27
26893,ok,23.5006,23.5006,24
26894,ok,40.6320,40.6320,21
26895,ok,29.4804,29.4804,20
26896,ok,38.3570,37.2757,32
26897,ok,34.1035,34.1035,36
26898,ok,31.5701,31.5701,25
26899,ok,49.7504,49.7504,14
269,ok,44.5597,44.5597,10
2690,ok,44.6025,44.6025,28
26900,ok,42.1171,42.1171,18
26901,ok,46.0304,46.0304,15
26902,ok,45.2698,45.2698,15
26903,ok,38.5241,38.5241,17
26904,ok,39.0992,39.0992,13
26905,ok,47.6416,47.6416,19
26906,ok,35.2099,35.2099,13
26907,ok,39.7430,39.7430,19
26908,ok,49.9980,49.9980,17
26909,ok,43.3793,43.3793,14
2691,ok,36.7031,36.7031,24
26910,ok,41.4112,41.4112,20
26911,ok,45.0856,45.0856,20
26912,ok,41.8287,41.8287,19
26913,ok,28.9900,28.9900,26
26914,ok,45.6215,45.6215,21
26915,ok,25.5736,25.5736,22
26916,ok,37.4837,37.4837,14
26917,ok,28.5672,28.5672,18
26918,ok,40.6389,40.1969,15
26919,ok,46.7678,46.7678,29
2692,ok,46.5074,46.5074,26
26920,ok,25.7281,25.7281,15
26921,ok,33.7182,33.7182,22
26922,ok,48.4375,48.4375,31
26923,ok,48.7766,48.7766,32
26924,ok,48.0559,48.0559,23
26925,ok,42.3049,42.3049,21
26926,ok,33.6511,33.6511,26
26927,ok,29.8440,28.4710,27
26928,ok,15.5622,15.5622,15
26929,ok,31.6599,31.6599,23
2693,ok,29.7675,29.7675,14
26930,ok,48.2496,48.2496,21
26931,ok,43.4091,43.4091,33
26932,ok,45.1498,45.1498,22
26933,ok,40.4074,40.4074,12
26934,ok,27.8346,27.8346,21
26935,ok,36.7375,36.7375,28
26936,ok,41.4127,41.4127,33
26937,ok,50.6001,45.0820,23
26938,ok,38.5291,38.5291,25
26939,ok,46.9747,46.9747,16
2694,ok,41.2214,41.2214,23
26940,ok,48.6646,48.6646,8
26941,ok,49.2890,49.2890,23
26942,ok,44.0534,44.0534,20
26943,ok,42.1800,42.1800,35
26944,ok,35.4249,35.4249,17
26945,ok,40.3106,40.3106,20
26946,ok,44.4595,44.4595,21
26947,ok,22.3619,22.3619,32
26948,ok,48.2064,48.2064,21
26949,ok,40.8235,40.8235,30
2695,ok,20.2588,20.2588,19
26950,ok,34.3256,34.3256,18
26951,ok,44.8266,44.8266,29
26952,ok,30.2722,30.2722,23
26953,ok,41.2772,41.2772,24
26954,ok,47.1916,47.1916,22
26955,ok,48.5511,48.5511,22
26956,ok,47.2923,47.2923,31
26957,ok,30.6508,30.6508,25
26958,ok,49.2117,49.2117,27
26959,ok,25.1577,25.1577,26
2696,ok,29.6694,28.1571,32
26960,ok,29.9928,29.9928,31
26961,ok,42.7323,42.7323,21
26962,ok,45.6822,45.6822,16
26963,ok,31.4443,31.4443,32
26964,ok,37.4820,37.4820,29
26965,ok,49.5802,49.5802,19
26966,ok,42.6836,42.6836,21
26967,ok,38.1782,38.1782,32
26968,ok,41.9508,41.9508,27
26969,ok,47.8254,47.8254,28
2697,ok,46.8744,46.8744,30
26970,ok,34.4268,34.4268,22
26971,ok,38.8164,36.5778,13
26972,ok,44.1709,44.1709,29
26973,ok,23.5174,23.5174,28
26974,ok,38.8471,38.8471,19
26975,ok,48.5644,48.5644,34
26976,ok,44.6418,44.6418,29
26977,ok,49.6045,49.6045,24
26978,ok,41.6724,41.6724,20
26979,ok,30.3300,27.0224,21
2698,ok,35.5583,35.5583,33
26980,ok,32.2469,32.2469,28
26981,ok,29.6129,29.6129,15
26982,ok,43.9216,43.9216,25
26983,ok,43.2750,43.2750,27
26984,ok,48.5885,48.5885,14
26985,ok,42.4324,42.4324,20
26986,ok,48.3368,48.3368,28
26987,ok,44.3366,44.3366,18
26988,ok,28.2580,28.2580,11
26989,ok,36.0150,36.0150,29
2699,ok,44.8690,44.8690,25
26990,ok,47.5661,47.5661,32
26991,ok,32.1573,32.1573,28
26992,ok,29.6198,29.6198,18
26993,ok,39.0437,39.0437,40
26994,ok,40.2785,40.2785,22
26995,ok,47.6420,47.6420,29
26996,ok,32.7287,32.7287,25
26997,ok,38.6395,38.6395,33
26998,ok,33.3309,33.3309,27
26999,ok,38.9127,38.9127,36
27,ok,37.5555,37.5555,21
270,ok,30.7225,30.4855,15
2700,ok,26.4221,26.4221,35
27001,ok,47.8960,47.8960,14
27002,ok,32.5247,32.5247,29
27003,ok,33.9278,33.9278,29
27004,ok,46.2918,46.2918,21
27005,ok,35.6446,35.6446,15
27006,ok,46.0724,46.0724,15
27007,ok,34.8480,34.8480,21
27008,ok,32.1126,32.1126,20
27009,ok,46.6710,46.6710,24
2701,ok,42.1110,42.1110,11
27010,ok,41.8607,41.8607,36
27011,ok,49.9131,49.9131,30
27012,ok,44.8225,44.8225,22
27013,ok,28.9826,28.9826,26
27014,ok,45.3106,45.3106,25
27015,ok,46.3859,46.3859,31
27016,ok,38.7541,38.7541,27
27017,ok,43.4763,43.4763,36
27018,ok,51.3799,49.6632,24
27019,ok,49.3619,49.3619,25
2702,ok,26.2482,26.2482,21
27020,ok,43.1801,43.1801,23
27021,ok,49.0500,49.0500,26
27022,ok,37.7097,37.7097,55
27023,ok,26.3092,26.3092,31
27024,ok,47.2397,47.2397,19
27025,ok,35.3098,35.3098,29
27026,ok,49.1939,49.1939,27
27027,ok,39.8575,39.8575,25
27028,ok,33.6861,33.6861,22
27029,ok,47.5855,47.5855,20
2703,ok,46.2897,44.5159,24
27030,ok,30.8675,30.8675,27
27031,ok,48.0197,48.0197,14
27032,ok,29.5255,29.5255,9
27033,ok,43.5956,43.5956,32
27034,ok,47.9651,47.9651,19
27035,ok,15.1705,15.1705,20
27036,ok,19.5075,19.5075,18
27037,ok,49.4942,49.4942,27
27038,ok,30.4674,30.4674,17
27039,ok,38.5779,38.5779,25
2704,ok,29.3721,29.3721,26
27040,ok,42.2129,42.2129,15
27041,ok,46.4511,46.4511,25
27042,ok,47.9427,47.9427,25
27043,ok,44.6696,44.6696,22
27044,ok,48.7518,48.7518,25
27045,ok,45.1986,45.1986,18
27046,ok,32.9802,32.9802,16
27047,ok,46.8138,46.8138,17
27048,ok,47.2235,47.2235,13
27049,ok,49.7070,49.7070,19
2705,ok,44.5321,44.5321,12
27050,ok,51.4458,45.8355,22
27051,ok,35.1190,35.1190,28
27052,ok,33.0987,33.0987,29
27053,ok,46.8802,41.7678,17
27054,ok,41.8108,41.8108,20
27055,ok,46.8726,46.8726,18
27056,ok,45.9987,45.9987,32
27057,ok,49.6280,49.6280,22
27058,ok,49.8583,49.8583,28
27059,ok,41.5587,41.5587,32
2706,ok,42.2904,42.2904,14
27060,ok,49.3456,49.3456,10
27061,ok,36.7486,36.7486,18
27062,ok,37.1044,37.1044,31
27063,ok,33.6690,33.6690,22
27064,ok,41.5676,41.5676,27
27065,ok,28.7612,28.7612,18
27066,ok,41.8489,41.8489,18
27067,ok,48.1812,48.1812,22
27068,ok,37.1099,37.1099,22
27069,ok,47.7959,47.7959,28
2707,ok,33.3527,33.3527,33
27070,ok,32.9189,32.9189,32
27071,ok,46.1015,46.1015,13
27072,ok,41.7306,41.7306,37
27073,ok,33.1961,33.1961,27
27074,ok,37.4164,37.4164,20
27075,ok,24.7792,24.7792,25
27076,ok,49.9273,49.9273,21
27077,ok,42.8871,42.8871,26
27078,ok,38.6860,38.6860,17
27079,ok,25.3456,25.3456,17
2708,ok,40.8981,40.8981,29
27080,ok,44.7028,44.7028,24
27081,ok,42.1319,42.1319,31
27082,ok,47.6097,47.6097,21
27083,ok,36.8961,36.8961,13
27084,ok,30.8629,30.8629,34
27085,ok,35.3847,35.3847,33
27086,ok,48.3892,48.3892,17
27087,ok,44.5480,44.5480,39
27088,ok,27.6631,27.6631,27
27089,ok,45.4893,45.4893,34
2709,ok,49.5498,49.5498,24
27090,ok,44.9876,44.9876,23
27091,ok,45.5324,45.5324,29
27092,ok,43.7707,43.7707,35
27093,ok,41.2600,41.2600,28
27094,ok,44.2429,44.2429,21
27095,ok,46.5319,46.5319,21
27096,ok,30.7730,30.7730,16
27097,ok,48.6414,48.6414,13
27098,ok,29.1059,29.1059,28
27099,ok,15.9491,15.4246,14
271,ok,31.3296,31.3296,21
2710,ok,47.3571,47.3571,28
27100,ok,27.1355,27.1355,28
27101,ok,21.7579,21.7579,20
27102,ok,21.5598,21.5598,20
27103,ok,45.9120,45.9120,12
27104,ok,37.6847,37.6847,46
27105,ok,46.2351,46.2351,24
27106,ok,45.2894,45.2894,22
27107,ok,47.6989,47.6989,13
27108,ok,48.6225,48.6225,27
27109,ok,44.5257,44.5257,17
2711,ok,41.8983,41.8983,38
27111,ok,45.7453,45.7453,15
27112,ok,34.5928,34.5928,19
27113,ok,29.9620,29.9620,22
27114,ok,38.9589,38.9589,19
27115,ok,25.8187,25.8187,19
27116,ok,26.4586,26.4586,17
27117,ok,36.5842,36.5842,29
27118,ok,44.1270,44.1270,32
27119,ok,41.4916,41.4916,13
2712,ok,35.7776,35.7776,41
27120,ok,36.1081,36.1081,21
27121,ok,44.5568,43.7485,22
27122,ok,28.4435,28.4435,22
27123,ok,45.8558,45.8558,23
27124,ok,36.0955,36.0955,17
27125,ok,40.3982,40.3982,31
27126,ok,37.8173,37.8173,32
27127,ok,49.9271,49.9271,43
27128,ok,35.4558,35.4558,26
27129,ok,49.6181,49.6181,29
2713,ok,43.6782,43.6782,23
27130,ok,45.7146,45.7146,32
27131,ok,35.4136,35.4136,31
27132,ok,37.4667,37.4179,31
27133,ok,43.0558,42.3447,11
27134,ok,41.3075,41.3075,24
27135,ok,43.5652,43.5652,34
27136,ok,47.2227,47.2227,24
27137,ok,31.9425,31.9425,30
27138,ok,47.2059,47.2059,15
27139,ok,22.4929,22.4929,32
2714,ok,39.7314,39.7314,24
27140,ok,46.2786,46.2786,8
27141,ok,45.4208,45.4208,25
27142,ok,42.9012,42.9012,18
27143,ok,36.9982,36.9982,20
27144,ok,39.9026,39.9026,15
27145,ok,49.6086,49.6086,9
27146,ok,44.9723,44.9723,12
27147,ok,33.0748,33.0748,29
27148,ok,30.5035,30.5035,22
27149,ok,44.0401,44.0401,15
2715,ok,43.7910,43.6213,21
27150,ok,24.9024,24.9024,10
27151,ok,31.9163,31.9163,15
27152,ok,35.9570,35.9570,16
27153,ok,32.9349,32.9349,34
27154,ok,29.0933,29.0933,25
27155,ok,53.1006,47.3099,20
27157,ok,22.6736,22.6736,15
27158,ok,47.0614,47.0614,28
27159,ok,46.9837,46.9837,24
2716,ok,44.7073,44.7073,25
27160,ok,43.2216,43.2216,20
27161,ok,29.9966,29.9966,10
27162,ok,46.0137,46.0137,30
27163,ok,28.8808,28.8808,15
27164,ok,31.7870,31.7870,31
27165,ok,35.3052,35.3052,13
27166,ok,36.2714,36.2714,27
27167,ok,47.3430,47.3430,25
27168,ok,34.2389,34.2389,25
27169,ok,44.7127,44.7127,29
2717,ok,32.2653,32.2653,23
27170,ok,53.5382,48.9134,22
27171,ok,29.3426,29.3426,23
27172,ok,28.0139,26.3966,14
27173,ok,35.9086,35.9086,22
27174,ok,41.1565,41.1565,10
27175,ok,47.3184,47.3184,33
27176,ok,47.9295,47.9295,31
27177,ok,34.2058,34.2058,14
27178,ok,52.6426,49.6067,20
27179,ok,36.4497,36.4497,16
2718,ok,24.0856,24.0856,25
27180,ok,37.7563,37.7563,14
27181,ok,35.7186,35.7186,27
27182,ok,38.7533,38.7533,12
27183,ok,41.6651,41.6651,22
27184,ok,25.5542,25.5542,24
27185,ok,47.8263,47.8263,39
27186,ok,23.7050,23.7050,20
27187,ok,27.2615,27.2615,18
27188,ok,26.7411,26.7411,33
27189,ok,30.1682,30.1682,30
2719,ok,35.3533,35.3533,39
27191,ok,33.1250,33.1250,18
27192,ok,41.2804,41.2804,36
27193,ok,29.8428,29.8428,20
27194,ok,36.4853,36.4853,22
27195,ok,44.2514,44.2514,17
27196,ok,46.6471,46.6471,30
27197,ok,38.8440,38.8440,24
27198,ok,49.1805,49.1805,13
27199,ok,36.2434,36.2434,23
272,ok,45.0327,45.0327,31
2720,ok,48.5642,48.5642,23
27200,ok,29.0166,29.0166,13
27201,ok,38.9580,38.2948,15
27202,ok,33.3707,33.3707,24
27203,ok,33.6316,33.6316,33
27204,ok,47.6463,47.6463,20
27205,ok,47.1929,47.1929,25
27206,ok,36.3821,36.3821,19
27207,ok,44.0059,44.0059,20
27208,ok,47.7869,47.7869,21
27209,ok,39.0351,39.0351,40
2721,ok,48.2807,48.2807,22
27210,ok,45.5645,45.5645,36
27211,ok,43.5093,43.5093,32
27212,ok,27.1562,26.8640,37
27213,ok,46.6794,46.6794,26
27214,ok,24.0430,24.0430,17
27215,ok,51.5900,48.3658,22
27216,ok,44.4581,44.4581,33
27217,ok,47.6307,44.4365,21
27218,ok,22.2322,22.2322,25
27219,ok,31.0114,31.0114,41
2722,ok,43.4852,43.4852,28
27220,ok,47.2987,47.2987,12
27221,ok,49.3250,49.3250,10
27222,ok,44.8177,44.8177,30
27223,ok,47.2755,47.2755,13
27224,ok,17.1236,17.1236,28
27225,ok,49.9460,49.9460,23
27226,ok,32.9723,32.9723,26
27227,ok,46.7817,46.7817,29
27228,ok,32.2293,32.2293,23
27229,ok,47.7437,47.7437,32
2723,ok,38.5547,38.5547,18
27230,ok,45.5937,45.5937,30
27231,ok,42.0652,42.0652,11
27232,ok,47.0537,47.0537,18
27233,ok,44.8235,44.8235,16
27234,ok,37.2746,37.2746,25
27235,ok,45.8514,45.8514,41
27236,ok,45.6238,45.6238,25
27237,ok,43.5524,43.5524,18
27238,ok,38.1434,38.1434,36
27239,ok,43.2546,43.2546,19
2724,ok,49.9267,49.9267,43
27240,ok,38.5809,38.5809,23
27241,ok,49.5078,49.5078,19
27242,ok,41.6151,41.6151,30
27243,ok,28.2248,28.2248,45
27244,ok,47.0442,47.0442,14
27245,ok,48.2336,48.2336,11
27246,ok,42.0843,42.0843,28
27247,ok,37.7336,37.7336,18
27248,ok,39.8235,39.8235,17
27249,ok,48.6260,48.6260,34
2725,ok,41.3282,41.3282,12
27250,ok,46.6171,46.6171,21
27251,ok,15.3833,15.3833,25
27252,ok,39.5356,39.5356,20
27253,ok,32.8953,32.8953,31
27254,ok,41.2357,41.2357,22
27255,ok,49.1684,48.8949,31
27256,ok,49.2004,49.2004,21
27257,ok,33.6645,33.6645,29
27258,ok,26.6807,26.6807,35
27259,ok,32.5483,32.5483,30
2726,ok,43.7981,43.7981,15
27260,ok,48.7670,48.7670,25
27261,ok,42.7158,42.7158,33
27262,ok,34.0878,34.0878,48
27263,ok,27.6572,27.6572,30
27264,ok,46.1800,46.1800,20
27265,ok,27.6528,27.6528,21
27266,ok,47.4801,47.4801,16
27267,ok,48.5422,48.5422,22
27268,ok,34.3231,34.3231,26
27269,ok,38.6452,38.6452,30
2727,ok,42.0959,42.0959,26
27270,ok,41.2802,41.2802,16
27271,ok,29.8259,29.8259,10
27272,ok,39.5795,39.5795,34
27273,ok,32.7892,32.7613,22
27274,ok,34.5982,34.5982,28
27275,ok,38.5075,38.5075,23
27276,ok,45.6908,45.6908,12
27277,ok,44.9188,44.9188,18
27278,ok,39.6287,39.6287,15
27279,ok,47.2036,47.2036,28
2728,ok,42.7460,42.7460,29
27280,ok,225.7345,43.4912,23
27281,ok,42.1133,42.1133,30
27282,ok,33.0012,33.0012,28
27283,ok,48.6841,48.6841,31
27284,ok,12.3654,12.3654,27
27285,ok,44.1966,44.1966,20
27286,ok,48.4532,48.4532,28
27287,ok,44.8510,44.8510,14
27288,ok,29.3129,29.3129,34
27289,ok,34.4184,34.4184,24
2729,ok,49.9630,49.9630,23
27290,ok,32.3266,30.9727,28
27291,ok,40.6963,40.6963,15
27292,ok,44.4888,44.4888,34
27293,ok,44.0914,44.0914,27
27294,ok,32.2315,32.2315,20
27295,ok,41.3723,41.3723,24
27296,ok,38.3943,38.3943,18
27297,ok,47.9133,47.9133,34
27298,ok,45.2293,45.2293,14
27299,ok,45.3533,45.3533,18
273,ok,38.6529,38.6529,29
2730,ok,41.0343,41.0343,20
27300,ok,40.2065,40.2065,12
27301,ok,27.1217,27.1217,17
27302,ok,36.0918,36.0918,21
27303,ok,30.0648,30.0648,16
27305,ok,41.0734,41.0734,34
27306,ok,30.8575,30.8575,18
27307,ok,48.1639,48.1639,17
27308,ok,28.2513,28.2513,25
27309,ok,45.3026,45.3026,28
2731,ok,46.1293,46.1293,17
27310,ok,40.1020,40.1020,11
27311,ok,46.2283,46.2283,19
27312,ok,23.9609,23.9609,14
27313,ok,40.8779,40.8779,16
27314,ok,41.0327,41.0327,38
27315,ok,28.9679,28.9679,21
27316,ok,43.6381,43.6381,24
27317,ok,39.9198,39.9198,25
27318,ok,37.8335,37.8335,32
27319,ok,30.3644,30.3644,35
2732,ok,43.7328,43.7328,11
27320,ok,36.4080,36.4080,38
27321,ok,45.8263,45.8263,15
27322,ok,49.8199,49.8199,20
27323,ok,49.6027,49.6027,28
27324,ok,49.4625,49.4625,18
27325,ok,30.5643,30.5643,24
27326,ok,46.4556,46.4556,14
27327,ok,39.8203,39.8203,21
27328,ok,43.6654,43.6654,19
27329,ok,37.8393,37.8393,13
2733,ok,41.9500,41.9500,26
27330,ok,41.0221,41.0221,13
27331,ok,46.8399,46.8399,33
27333,ok,49.1001,49.1001,35
27334,ok,40.1372,40.1372,15
27335,ok,49.9937,49.9937,17
27336,ok,48.7621,48.7621,20
27337,ok,29.5026,29.3095,12
27338,ok,37.5705,37.5705,23
27339,ok,40.9312,40.9312,26
2734,ok,34.4374,34.4374,20
27340,ok,32.6275,32.6275,31
27341,ok,32.8660,32.8660,35
27342,ok,32.3653,32.3653,33
27343,ok,29.3622,29.3622,38
27344,ok,36.1722,36.1722,29
27345,ok,34.9941,34.9941,31
27346,ok,42.4053,42.4053,14
27347,ok,24.7642,24.7642,32
27348,ok,48.7528,48.7528,20
27349,ok,35.1844,35.1844,22
2735,ok,76.5414,34.9312,19
27350,ok,37.9139,37.9139,20
27351,ok,33.7946,33.7946,26
27352,ok,38.3650,38.3650,27
27353,ok,41.7948,41.7948,21
27354,ok,38.0619,38.0619,17
27355,ok,38.5075,38.5075,19
27356,ok,36.6949,36.6949,26
27357,ok,46.1799,46.1799,30
27358,ok,38.6806,38.6806,18
27359,ok,49.9135,49.9135,18
2736,ok,43.4718,43.4718,14
27360,ok,24.3021,24.3021,18
27361,ok,47.6012,47.6012,31
27362,ok,44.2139,44.2139,21
27363,ok,40.7657,40.7657,23
27364,ok,41.8381,41.8381,10
27365,ok,49.8233,49.8233,13
27366,ok,47.7143,47.7143,14
27367,ok,46.8468,46.8468,25
27368,ok,29.0912,29.0912,19
27369,ok,22.8100,22.8100,22
2737,ok,33.2953,33.2953,20
27370,ok,46.3354,46.3354,31
27371,ok,49.4213,49.4213,20
27372,ok,51.1054,48.6837,34
27373,ok,25.6996,25.6996,37
27374,ok,43.8355,43.8355,25
27375,ok,17.3621,17.3621,50
27376,ok,48.0289,48.0289,17
27377,ok,47.9932,47.9932,38
27378,ok,29.5389,29.5389,27
27379,ok,40.4396,40.4396,15
2738,ok,45.4809,45.4809,22
27380,ok,43.9324,43.9324,24
27381,ok,44.0693,44.0693,15
27382,ok,36.0887,36.0887,32
27383,ok,37.0253,37.0253,40
27384,ok,46.5901,46.5901,28
27385,ok,37.5581,37.5581,18
27386,ok,49.0486,49.0486,35
27387,ok,39.5911,38.3099,29
27388,ok,46.6693,46.6693,23
27389,ok,40.6693,40.6693,35
2739,ok,38.7667,38.7667,28
27390,ok,48.9514,48.9514,36
27391,ok,44.9750,44.9750,26
27392,ok,36.7210,36.7182,31
27393,ok,46.9118,46.9118,32
27394,ok,46.7655,46.7655,30
27395,ok,42.7067,42.7067,17
27396,ok,42.4282,42.4282,52
27397,ok,42.2040,42.2040,16
27398,ok,43.2264,43.2264,40
27399,ok,42.9431,42.9431,21
274,ok,32.3877,32.3877,21
2740,ok,47.2703,47.2703,14
27400,ok,30.2259,30.2259,18
27401,ok,47.1669,47.1669,39
27402,ok,42.4365,42.4365,22
27403,ok,36.1468,36.1468,25
27404,ok,46.0568,46.0568,17
27405,ok,50.9289,49.0793,25
27406,ok,28.7774,28.7774,18
27407,ok,23.8019,23.8019,29
27408,ok,50.0157,48.3045,28
27409,ok,35.0179,35.0179,39
2741,ok,36.5474,36.5474,15
27410,ok,20.6205,20.6205,22
27411,ok,35.3864,35.3864,43
27412,ok,29.9003,29.9003,30
27413,ok,37.0726,37.0726,18
27414,ok,42.6124,42.6124,12
27416,ok,48.0497,48.0497,29
27417,ok,36.5812,36.5812,18
27418,ok,45.8442,45.8442,14
27419,ok,45.1954,45.1954,15
2742,ok,38.9372,38.9372,26
27420,ok,45.8974,45.8974,36
27421,ok,38.4351,38.4351,27
27422,ok,46.5027,46.5027,18
27423,ok,45.7569,45.7569,25
27424,ok,41.9651,41.9651,26
27425,ok,38.9205,38.9205,32
27426,ok,45.7882,45.7882,18
27428,ok,43.3487,43.3487,23
27429,ok,48.0320,48.0320,13
2743,ok,31.8354,31.8354,21
27430,ok,41.1749,41.1749,14
27431,ok,40.1165,40.1165,13
27432,ok,37.2600,37.2600,10
27433,ok,40.6934,40.6934,10
27434,ok,34.3147,34.3147,32
27435,ok,44.0302,44.0302,12
27436,ok,41.4032,37.4004,19
27437,ok,38.4786,38.4786,25
27439,ok,47.5355,47.5355,27
2744,ok,46.3556,46.3556,33
27440,ok,42.0152,41.6763,17
27441,ok,47.2471,47.2471,24
27442,ok,40.1740,40.1740,14
27443,ok,34.5800,34.5800,43
27444,ok,45.0280,45.0280,27
27445,ok,32.6366,32.6317,15
27446,ok,35.3506,35.3506,35
27447,ok,39.2809,39.2809,20
27448,ok,46.1559,46.1559,32
27449,ok,40.5291,40.5291,22
2745,ok,47.7354,47.7354,29
27450,ok,37.9684,37.9684,18
27451,ok,34.6014,34.6014,15
27452,ok,316.9156,252.1143,26
27453,ok,43.1406,43.1406,39
27454,ok,31.2390,31.2390,20
27455,ok,43.4440,43.4440,14
27456,ok,46.1612,46.1612,25
27457,ok,43.9458,43.9458,10
27458,ok,21.2687,21.2687,26
27459,ok,36.5644,36.5644,12
2746,ok,43.3773,41.4929,25
27460,ok,34.5907,34.5907,11
27461,ok,44.3528,44.3528,25
27462,ok,49.0212,49.0212,12
27463,ok,47.6165,47.6165,30
27464,ok,38.0327,38.0327,27
27465,ok,30.4395,30.4395,24
27466,ok,30.7326,30.7326,30
27467,ok,37.9117,37.9117,20
27468,ok,39.5249,39.5249,19
27469,ok,40.9186,40.9186,30
2747,ok,40.4610,40.4610,19
27470,ok,36.9126,36.9126,42
27471,ok,34.5734,34.5734,30
27472,ok,41.5283,41.5283,34
27473,ok,43.1070,43.1070,13
27474,ok,46.0507,46.0507,30
27475,ok,39.2137,39.2137,22
27476,ok,40.5047,40.5047,19
27477,ok,45.0918,45.0918,13
27478,ok,44.5725,44.5725,45
27479,ok,42.1504,42.1504,20
2748,ok,46.3470,46.3470,26
27480,ok,29.3781,29.3781,27
27481,ok,31.7873,31.7873,40
27482,ok,37.5472,37.5472,20
27483,ok,26.8412,26.8412,16
27484,ok,46.2503,46.2503,29
27485,ok,41.5036,41.5036,16
27486,ok,43.1687,43.1687,17
27487,ok,46.8002,46.8002,17
27488,ok,23.4200,23.4200,20
27489,ok,42.5174,42.5174,30
2749,ok,40.1452,40.1452,36
27490,ok,35.9876,35.9876,35
27491,ok,32.2325,32.2325,11
27492,ok,30.9688,30.9688,10
27493,ok,36.5135,35.5784,15
27494,ok,36.9645,36.8042,17
27495,ok,38.7145,38.7145,19
27496,ok,47.7800,44.7100,23
27497,ok,32.8215,32.8215,17
27498,ok,41.9902,41.9902,13
27499,ok,45.6795,45.6795,10
275,ok,48.8739,48.8739,28
2750,ok,27.7762,27.7762,31
27500,ok,32.4672,32.4672,46
27502,ok,48.1590,48.1590,25
27503,ok,40.0713,40.0713,36
27504,ok,40.8293,40.8293,27
27505,ok,25.1643,25.1643,32
27506,ok,46.7320,46.7320,17
27507,ok,36.9431,36.9431,19
27508,ok,49.2337,49.2337,26
27509,ok,46.1295,46.1295,20
2751,ok,46.7263,46.7263,24
27510,ok,36.1164,36.1164,15
27511,ok,48.6779,48.6779,17
27512,ok,41.5824,40.5230,13
27513,ok,48.5718,48.5718,25
27514,ok,41.2469,41.2469,24
27515,ok,45.6547,45.6547,16
27516,ok,46.5248,44.6887,22
27517,ok,47.0512,47.0512,12
27518,ok,39.4200,39.4200,21
27519,ok,41.3801,41.3801,20
2752,ok,47.4476,47.4476,34
27520,ok,36.4916,36.4916,19
27521,ok,47.7151,47.7151,12
27522,ok,46.7484,46.7484,17
27523,ok,40.9214,40.9214,26
27524,ok,48.5605,48.5605,16
27525,ok,32.4003,32.4003,15
27526,ok,44.4768,44.4768,25
27527,ok,38.6199,38.6199,33
27528,ok,42.4454,42.4454,35
27529,ok,31.6679,31.6679,27
2753,ok,29.5905,29.5905,15
27530,ok,40.9384,40.9384,21
27531,ok,43.4178,43.4178,14
27532,ok,38.6060,38.6060,17
27533,ok,34.3093,34.3093,19
27534,ok,34.5707,34.5707,39
27535,ok,31.6551,29.8110,40
27536,ok,39.8850,39.8850,32
27537,ok,34.3450,34.3450,10
27538,ok,49.8905,49.8905,17
27539,ok,49.3539,49.3539,43
2754,ok,32.7826,32.7826,41
27540,ok,44.0455,44.0455,35
27541,ok,47.5848,47.5848,15
27542,ok,48.9613,48.9613,23
27543,ok,42.2199,42.2199,19
27544,ok,38.2294,38.2294,33
27545,ok,48.3703,48.3703,14
27546,ok,48.7286,48.7286,38
27547,ok,33.2489,33.2489,29
27548,ok,47.4776,47.4776,28
27549,ok,41.6711,41.6711,23
2755,ok,46.0293,46.0293,26
27550,ok,32.1056,28.6044,12
27551,ok,30.6614,30.6614,24
27552,ok,21.1002,21.1002,14
27553,ok,42.7789,42.7789,15
27554,ok,25.2038,25.2038,23
27555,ok,38.3059,38.3059,15
27556,ok,39.9096,39.0916,22
27557,ok,45.8124,45.8124,14
27558,ok,44.2119,44.2119,23
27559,ok,29.2830,29.2830,22
2756,ok,33.7692,33.7692,27
27560,ok,39.6752,39.6752,22
27561,ok,43.2712,43.2712,38
27562,ok,28.6326,28.6326,17
27563,ok,45.1840,45.1840,28
27564,ok,42.3433,42.3433,17
27565,ok,49.3868,49.3868,16
27566,ok,37.7132,37.7132,33
27567,ok,37.0597,37.0597,21
27568,ok,54.9049,48.9174,27
27569,ok,40.3360,40.3360,10
2757,ok,42.7728,42.7728,35
27570,ok,46.3498,46.3498,31
27571,ok,30.0244,30.0244,30
27572,ok,42.7259,42.7259,24
27573,ok,43.4376,42.0205,36
27574,ok,49.4072,49.4072,10
27575,ok,24.8593,24.8593,21
27576,ok,47.4967,47.4967,28
27577,ok,47.8237,47.8237,15
27578,ok,35.1945,35.1945,28
27579,ok,29.9137,29.0228,25
2758,ok,39.0780,39.0780,22
27580,ok,27.0828,27.0828,19
27581,ok,42.6524,42.4210,19
27582,ok,43.8778,43.8778,34
27583,ok,47.5619,47.5619,18
27584,ok,35.8788,35.8788,27
27585,ok,44.4880,44.4880,29
27586,ok,49.8692,49.8692,22
27587,ok,48.0508,48.0508,19
27588,ok,39.4289,39.4289,30
27589,ok,41.5706,41.5706,35
2759,ok,27.7303,27.7303,18
27590,ok,39.9897,39.9897,33
27591,ok,28.7311,28.7311,30
27592,ok,47.9495,47.9495,21
27594,ok,26.1192,26.1192,29
27595,ok,47.2707,47.2707,25
27596,ok,41.2916,41.2916,29
27597,ok,39.1723,39.1723,24
27598,ok,47.4278,47.4278,38
27599,ok,46.3964,46.3964,11
276,ok,38.7987,38.7987,39
2760,ok,34.4370,34.4370,15
27600,ok,38.7597,38.7597,17
27601,ok,20.7644,20.7644,14
27602,ok,43.5282,43.5282,27
27603,ok,48.6079,48.6079,13
27604,ok,48.0911,48.0911,26
27605,ok,48.5761,48.5761,40
27606,ok,34.5985,34.5985,14
27607,ok,44.6327,44.6327,13
27608,ok,47.1464,47.1464,23
27609,ok,34.8912,34.8912,21
2761,ok,44.7129,44.7129,42
27610,ok,48.3989,48.3989,31
27611,ok,49.2945,49.2945,32
27612,ok,37.1529,37.1529,30
27613,ok,37.9283,36.3044,25
27614,ok,33.8066,33.8066,28
27615,ok,42.1648,42.1648,20
27616,ok,48.5143,48.5143,17
27617,ok,31.0271,31.0271,20
27618,ok,49.2615,49.2615,19
27619,ok,48.8199,48.8199,20
2762,ok,45.9803,45.9803,25
27620,ok,26.3685,26.3685,20
27621,ok,47.5938,47.5938,21
27622,ok,39.2716,39.2716,15
27623,ok,45.1732,45.1732,17
27624,ok,46.7299,46.7299,41
27625,ok,40.2870,40.2870,22
27626,ok,30.5358,30.5358,20
27627,ok,33.2550,33.2550,20
27628,ok,40.5288,40.5288,17
27629,ok,48.2264,48.2264,21
2763,ok,43.6315,43.4905,30
27630,ok,31.6839,31.6839,24
27631,ok,41.4052,40.9805,23
27632,ok,48.0201,48.0201,27
27633,ok,47.3607,47.3607,19
27634,ok,50.5171,49.2933,41
27635,ok,41.5887,41.5887,26
27636,ok,30.3130,30.3130,29
27638,ok,47.1297,47.1297,31
27639,ok,28.8374,28.8374,13
2764,ok,45.3251,45.3251,16
27640,ok,36.5882,36.5882,24
27641,ok,17.3088,17.3088,24
27642,ok,48.7401,48.7401,26
27643,ok,33.9352,33.9352,13
27644,ok,49.6061,49.6061,22
27645,ok,41.8268,41.8268,37
27646,ok,46.5926,46.5926,34
27647,ok,30.0275,30.0275,30
27648,ok,48.3638,48.3638,15
27649,ok,54.8007,48.8245,18
27651,ok,24.4278,24.4278,15
27652,ok,47.7325,42.5272,23
27653,ok,28.6543,28.6543,28
27654,ok,41.8351,41.8351,16
27655,ok,30.6594,30.6594,19
27656,ok,48.8662,48.8662,20
27657,ok,41.8541,41.8540,18
27658,ok,45.7100,45.7100,18
27659,ok,47.3969,47.3969,25
2766,ok,41.0724,41.0724,20
27660,ok,44.9514,44.9514,16
27661,ok,38.6281,38.6281,15
27662,ok,49.8140,49.8140,20
27663,ok,36.8889,36.8889,24
27664,ok,32.9507,32.9507,27
27665,ok,30.4908,30.4908,25
27666,ok,39.9041,39.9041,38
27667,ok,43.2899,43.2899,26
27668,ok,30.4316,30.4316,23
27669,ok,47.5003,47.5003,19
2767,ok,44.4452,44.4452,20
27670,ok,43.5216,43.5216,31
27671,ok,25.4693,25.4693,19
27672,ok,39.9302,39.9302,15
27673,ok,43.8982,43.8982,23
27674,ok,48.4083,48.4083,61
27675,ok,49.8775,49.8775,16
27676,ok,42.4634,42.4634,23
27677,ok,39.7218,39.7218,22
27678,ok,35.5099,35.5099,25
27679,ok,49.4974,49.4974,39
2768,ok,34.5814,34.5814,15
27680,ok,23.5948,23.5948,20
27681,ok,45.5885,45.5885,21
27682,ok,24.9346,24.9346,23
27684,ok,46.2710,46.2710,22
27685,ok,27.9186,27.9186,20
27686,ok,40.8325,40.8325,15
27687,ok,47.3496,47.3496,26
27688,ok,24.1447,24.1447,36
27689,ok,35.5634,35.5634,31
2769,ok,35.1945,35.1945,30
27690,ok,37.1480,36.9536,37
27691,ok,30.9722,30.9722,19
27692,ok,48.3183,46.9572,21
27693,ok,30.7472,30.7472,22
27694,ok,32.7266,32.7266,33
27695,ok,27.6992,27.6992,24
27696,ok,28.7937,28.4695,28
27697,ok,28.6250,28.6250,38
27698,ok,49.3053,49.3053,30
27699,ok,20.0904,20.0904,24
277,ok,49.8205,49.8205,26
2770,ok,36.8359,36.8359,14
27700,ok,26.1792,26.1792,32
27701,ok,24.8319,24.8319,16
27702,ok,49.5232,49.5232,33
27703,ok,42.4679,42.4679,15
27704,ok,44.5488,44.5488,26
27705,ok,47.6375,47.6375,29
27706,ok,29.9042,29.9042,27
27707,ok,36.9886,36.9886,26
27708,ok,44.6779,43.5507,24
27709,ok,45.5634,45.5634,18
2771,ok,45.8252,45.8252,27
27710,ok,21.2931,21.2931,24
27711,ok,48.9137,48.9137,24
27712,ok,48.2647,48.2647,18
27713,ok,34.6827,34.6827,21
27714,ok,33.6022,33.6022,29
27715,ok,35.9281,35.9281,31
27716,ok,46.6342,46.6342,25
27717,ok,39.0946,39.0946,40
27718,ok,47.0062,47.0062,25
27719,ok,47.5502,47.5502,14
2772,ok,37.4209,37.4209,29
27720,ok,25.1142,25.1142,14
27721,ok,37.8562,37.8562,27
27722,ok,36.9396,36.9396,16
27723,ok,48.5321,48.5321,20
27724,ok,33.5449,33.5449,40
27725,ok,49.3126,49.3126,15
27726,ok,49.5259,49.5259,17
27727,ok,38.3678,38.3678,21
27728,ok,33.8821,33.8821,18
27729,ok,43.0890,43.0890,28
2773,ok,41.0424,41.0424,23
27730,ok,34.5250,34.5250,25
27731,ok,42.6399,42.6399,15
27732,ok,47.5122,47.5122,13
27733,ok,48.6606,48.6606,18
27734,ok,22.4266,22.4266,34
27735,ok,34.8267,34.8267,16
27736,ok,43.1613,43.1613,21
27737,ok,38.3534,38.3534,22
27738,ok,43.2628,43.2628,16
27739,ok,48.0331,48.0331,27
2774,ok,31.2106,31.2106,27
27740,ok,42.6136,42.6136,18
27741,ok,28.2530,28.2530,17
27742,ok,39.4967,39.4967,17
27743,ok,47.1163,47.1163,27
27744,ok,23.1193,23.0308,24
27745,ok,42.8881,42.8881,37
27746,ok,47.8755,47.8755,33
27747,ok,45.4430,45.4430,30
27748,ok,42.8500,42.8500,34
27749,ok,43.7295,43.7295,20
2775,ok,43.2169,43.2169,35
27750,ok,42.0147,42.0147,30
27752,ok,40.9849,40.9849,34
27753,ok,45.6753,45.6753,33
27754,ok,41.0138,41.0138,27
27755,ok,41.5307,41.5307,41
27756,ok,31.6049,31.6049,35
27757,ok,24.2492,24.2492,20
27758,ok,34.5940,34.5940,23
27759,ok,41.1848,41.1848,28
2776,ok,45.9625,45.9625,27
27760,ok,44.6087,44.6087,13
27761,ok,33.8879,33.8879,35
27762,ok,44.1288,44.1288,27
27763,ok,43.4488,43.4488,23
27764,ok,49.2384,49.2384,32
27765,ok,47.0623,47.0623,40
27766,ok,37.5894,37.5894,23
27767,ok,42.8582,42.8582,24
27768,ok,39.0544,39.0544,24
27769,ok,29.7623,29.7623,38
2777,ok,43.7190,43.7190,27
27770,ok,41.9005,41.9005,13
27771,ok,41.7080,41.7080,10
27772,ok,36.0416,36.0416,12
27773,ok,37.6613,37.6613,25
27774,ok,35.5058,35.5058,15
27775,ok,46.2638,46.2638,14
27776,ok,49.4094,49.4094,26
27777,ok,36.3676,36.3676,12
27778,ok,35.2004,35.2004,16
27779,ok,45.3907,45.3907,11
2778,ok,41.8697,39.9307,20
27780,ok,38.5832,38.5832,28
27781,ok,48.3293,48.3293,42
27782,ok,39.6812,39.6812,20
27783,ok,41.8441,41.8441,41
27784,ok,40.3658,40.3658,28
27785,ok,43.6258,42.0193,30
27786,ok,49.1692,49.1692,20
27787,ok,35.7423,35.7423,24
27788,ok,42.7676,42.7676,16
27789,ok,43.0502,43.0502,31
2779,ok,36.5502,36.5502,33
27790,ok,29.6034,29.6034,18
27791,ok,32.8779,32.8779,15
27792,ok,48.8866,48.8866,23
27793,ok,44.9858,44.9858,27
27794,ok,28.8327,28.8327,25
27795,ok,37.7362,37.7362,16
27796,ok,46.4787,46.4787,16
27797,ok,31.0282,31.0282,20
27798,ok,35.8497,35.8497,34
27799,ok,49.0013,43.6576,13
278,ok,47.9844,47.9844,21
2780,ok,38.8871,38.8871,17
27800,ok,49.9051,49.9051,18
27801,ok,17.8082,17.8082,17
27802,ok,24.4083,24.4083,21
27803,ok,39.0103,39.0103,16
27804,ok,47.2153,47.2153,24
27805,ok,42.9956,42.9956,36
27806,ok,35.1149,34.2582,33
27807,ok,36.3704,36.3704,27
27808,ok,44.0915,44.0915,18
27809,ok,40.8100,38.7872,19
2781,ok,21.2620,21.2620,24
27810,ok,48.4345,48.4345,24
27811,ok,39.9516,39.9516,33
27812,ok,15.2835,15.2835,19
27813,ok,43.5234,43.5234,29
27814,ok,45.9110,45.9110,11
27815,ok,48.9090,48.9090,19
27816,ok,38.4850,38.4850,15
27817,ok,44.4486,44.4486,13
27818,ok,29.2006,29.2006,27
27819,ok,26.6791,26.6791,16
2782,ok,40.7026,40.7026,27
27820,ok,42.2619,42.2619,18
27821,ok,43.0662,43.0662,30
27822,ok,47.4228,47.4228,16
27823,ok,39.8516,39.8516,31
27824,ok,40.3169,40.3169,33
27825,ok,37.5945,37.5945,27
27826,ok,29.5846,29.5846,25
27827,ok,46.3600,46.3600,12
27828,ok,47.4306,47.4306,26
27829,ok,38.7384,38.7384,28
2783,ok,45.9867,45.9867,36
27830,ok,48.8244,48.8244,18
27831,ok,47.5875,47.5875,27
27832,ok,45.2044,45.2044,21
27833,ok,31.3630,31.3630,34
27834,ok,42.8311,42.8311,26
27835,ok,46.5217,46.5217,24
27836,ok,48.4477,48.4477,32
27837,ok,30.6952,30.6952,11
27838,ok,49.1825,49.1825,11
27839,ok,43.0104,43.0104,28
2784,ok,43.9849,43.9849,15
27840,ok,31.4086,31.4086,42
27841,ok,44.3993,44.3993,45
27842,ok,45.8687,45.8687,30
27843,ok,39.1283,39.1283,25
27844,ok,41.8353,41.8353,30
27845,ok,24.8418,24.3656,28
27846,ok,41.9087,41.9087,14
27847,ok,34.2706,34.2706,29
27848,ok,32.6583,32.6583,19
27849,ok,45.8125,45.8125,34
2785,ok,49.7437,49.7437,19
27850,ok,45.7339,45.7339,27
27851,ok,47.7536,47.7536,26
27852,ok,47.3629,47.3629,23
27853,ok,26.0188,26.0188,41
27854,ok,44.2557,44.2557,11
27855,ok,41.4390,41.4390,24
27856,ok,49.6298,49.6298,32
27857,ok,44.5310,44.5310,35
27858,ok,48.2733,48.2733,18
27859,ok,40.4638,40.4638,15
2786,ok,42.6376,41.8999,26
27860,ok,18.9869,18.9869,28
27861,ok,44.8441,44.8441,16
27862,ok,34.6650,34.6650,27
27863,ok,46.5011,46.5011,17
27864,ok,49.6444,49.6444,36
27865,ok,45.3241,45.3241,26
27866,ok,38.0933,38.0933,42
27867,ok,35.8259,35.8259,28
27868,ok,25.7778,25.7778,16
27869,ok,46.1565,46.1565,35
2787,ok,46.5325,46.5325,14
27871,ok,39.0839,39.0839,25
27872,ok,31.7551,31.7550,21
27873,ok,36.8163,36.8163,22
27874,ok,36.4833,36.4833,31
27875,ok,32.7996,32.7996,15
27876,ok,22.9083,22.9083,10
27877,ok,37.8504,37.8504,22
27878,ok,45.7665,45.7665,35
27879,ok,36.2799,36.2799,13
2788,ok,48.2593,48.2593,20
27880,ok,45.1996,45.1996,37
27881,ok,25.9269,25.9269,30
27882,ok,53.7988,47.9319,13
27883,ok,21.4647,21.4647,30
27884,ok,44.1346,44.1346,20
27885,ok,43.4438,43.4438,33
27886,ok,44.2794,44.2794,18
27887,ok,39.2476,39.2475,35
27888,ok,37.1204,37.1204,53
27889,ok,46.4784,46.4784,38
2789,ok,39.8138,39.8138,17
27890,ok,31.1172,31.1172,17
27891,ok,556.2359,57.7999,20
27892,ok,49.1894,49.1894,30
27893,ok,46.6373,46.6373,22
27894,ok,42.6593,42.6593,10
27895,ok,44.2581,44.2581,26
27896,ok,39.2689,39.2689,17
27897,ok,43.1406,43.1406,22
27898,ok,30.0768,30.0768,25
27899,ok,27.8446,27.8446,31
279,ok,42.5549,42.5549,18
2790,ok,64.9502,39.4765,21
27900,ok,22.8915,22.8915,13
27901,ok,38.2909,38.2909,19
27902,ok,36.9233,36.9233,46
27903,ok,43.1460,43.1460,25
27904,ok,40.8481,40.8481,24
27905,ok,38.6810,38.6810,38
27906,ok,31.9497,31.9497,45
27907,ok,36.0511,36.0511,24
27908,ok,26.4538,26.4538,31
27909,ok,39.3913,39.3913,20
2791,ok,37.4183,37.4183,11
27910,ok,36.8629,36.8629,32
27911,ok,37.6223,37.6223,15
27912,ok,40.3452,40.3452,36
27913,ok,49.5424,49.5424,33
27914,ok,35.5815,35.5815,30
27915,ok,28.1602,28.1602,15
27916,ok,43.9513,43.9513,18
27917,ok,49.8330,49.8330,8
27918,ok,37.3005,37.3005,28
27919,ok,44.9249,44.9249,17
2792,ok,49.7441,49.7441,18
27920,ok,47.6498,47.6498,19
27921,ok,39.1209,39.1209,15
27922,ok,40.6811,40.6811,36
27923,ok,40.9209,40.9209,19
27924,ok,49.4594,49.4594,43
27925,ok,35.7005,35.7005,22
27926,ok,42.9540,42.9540,37
27927,ok,44.8046,44.8046,44
27928,ok,43.9715,43.9715,15
27929,ok,30.0395,30.0395,21
2793,ok,49.6025,49.6025,17
27930,ok,46.3607,46.3607,15
27931,ok,48.3010,48.3010,22
27932,ok,36.2156,36.2156,20
27933,ok,34.1399,34.1399,24
27934,ok,29.4953,29.4953,18
27935,ok,23.7285,23.7285,18
27936,ok,50.3959,49.8734,22
27937,ok,48.3159,48.3159,33
27939,ok,41.5023,41.5023,28
2794,ok,41.0745,41.0745,25
27940,ok,33.3562,33.3562,23
27941,ok,38.4423,37.8575,26
27942,ok,46.4806,46.4806,18
27943,ok,33.9381,33.9381,16
27944,ok,39.7695,39.7695,27
27945,ok,42.8605,42.8605,13
27946,ok,43.8645,43.8645,26
27947,ok,35.2886,35.2886,19
27948,ok,44.3410,44.3410,15
27949,ok,44.5951,44.5951,34
2795,ok,42.7822,42.7822,32
27950,ok,40.9245,40.9245,23
27951,ok,17.3173,17.3173,15
27952,ok,35.5212,35.5212,40
27953,ok,50.9119,45.3599,29
27954,ok,22.8727,22.8727,17
27955,ok,46.5486,46.5486,15
27956,ok,43.2493,43.2493,17
27957,ok,49.6594,49.6594,25
27958,ok,48.2674,48.2674,14
27959,ok,37.6584,37.6584,17
2796,ok,27.4886,25.6909,21
27960,ok,37.3308,37.3308,30
27961,ok,49.7662,49.7662,21
27962,ok,42.7755,42.7755,28
27963,ok,47.5669,47.5669,23
27964,ok,44.7130,44.7130,24
27965,ok,32.2712,32.2712,35
27966,ok,45.8813,45.8813,16
27967,ok,28.5683,28.5683,51
27968,ok,26.6360,26.6360,25
27969,ok,47.0195,47.0195,15
2797,ok,23.1006,23.1006,21
27970,ok,37.7341,37.7341,14
27971,ok,44.9028,44.9028,11
27972,ok,46.5360,46.5360,13
27973,ok,49.8466,49.8466,30
27974,ok,41.4321,41.4321,15
27975,ok,39.4461,39.4461,33
27976,ok,49.7183,49.7183,30
27977,ok,29.5103,29.5103,44
27978,ok,41.2536,41.2536,25
27979,ok,41.7789,40.8737,23
2798,ok,44.0482,44.0482,47
27980,ok,47.8780,47.8780,13
27981,ok,37.1772,37.1772,28
27982,ok,48.9479,48.9479,22
27983,ok,27.4110,27.4110,26
27984,ok,38.3698,38.3698,32
27985,ok,43.5319,43.5319,12
27986,ok,55.3232,49.2901,14
27987,ok,45.6392,45.6392,30
27988,ok,31.3918,31.3918,16
27989,ok,30.3058,30.3058,12
2799,ok,37.9276,37.9276,20
27990,ok,36.5191,36.5191,11
27991,ok,46.7163,46.7163,20
27992,ok,42.8326,42.8326,29
27993,ok,25.5419,25.5419,20
27994,ok,31.2610,31.2610,24
27995,ok,46.7304,45.3047,25
27996,ok,37.6620,37.6620,31
27997,ok,47.3989,47.3989,19
27998,ok,27.7996,27.7996,13
27999,ok,48.5012,48.5012,38
28,ok,34.2446,34.2446,24
280,ok,43.9715,43.9715,18
2800,ok,24.9634,24.9634,20
28000,ok,48.7568,48.7568,18
28001,ok,40.0193,40.0193,18
28002,ok,37.8580,37.8580,57
28003,ok,47.2918,47.2918,20
28004,ok,35.4258,35.4258,23
28005,ok,39.5495,39.5495,21
28006,ok,31.2224,31.2224,31
28007,ok,48.9357,48.9357,23
28008,ok,49.6277,49.6277,39
28009,ok,41.6547,41.6547,27
2801,ok,41.2786,41.2786,30
28010,ok,37.9453,37.9453,10
28011,ok,49.3928,49.3928,29
28012,ok,38.7116,38.7116,12
28013,ok,31.7660,31.7660,30
28014,ok,40.7972,40.7972,25
28015,ok,38.2486,38.2486,22
28016,ok,39.1799,39.1799,29
28017,ok,35.1747,35.1747,20
28018,ok,44.4487,44.4487,10
2802,ok,41.9881,41.9881,28
28020,ok,47.8559,47.8559,20
28021,ok,44.2650,44.2650,28
28022,ok,49.1846,49.1522,20
28023,ok,40.6092,40.6092,23
28024,ok,49.8413,49.8413,30
28025,ok,35.9814,35.9814,16
28026,ok,34.3373,34.3373,24
28027,ok,43.7403,38.9703,21
28028,ok,32.6593,32.6593,11
28029,ok,47.2683,47.2683,19
2803,ok,36.4488,36.4488,36
28030,ok,40.7154,40.4999,29
28031,ok,38.3541,38.3541,11
28032,ok,34.3766,34.3766,17
28033,ok,47.6071,47.6071,27
28034,ok,46.5400,46.5400,17
28035,ok,28.1258,28.1258,14
28036,ok,53.3001,47.4876,24
28037,ok,17.4113,17.4113,17
28038,ok,45.1404,45.1404,31
28039,ok,24.9061,24.9061,10
28040,ok,49.0223,49.0223,24
28041,ok,43.0600,43.0600,25
28042,ok,48.5576,48.5576,24
28043,ok,42.3627,42.3627,22
28044,ok,45.9609,45.9609,52
28045,ok,45.3049,45.3049,30
28046,ok,41.9543,41.9543,26
28047,ok,34.5408,34.5408,15
28048,ok,17.2301,17.2301,33
28049,ok,40.5260,40.5260,25
2805,ok,41.7980,41.7980,22
28050,ok,40.9058,40.9058,33
28051,ok,23.4807,23.4807,33
28052,ok,48.2946,48.2946,15
28053,ok,40.1599,40.1599,12
28054,ok,47.3399,47.3399,25
28055,ok,41.7697,41.7697,24
28057,ok,41.0000,41.0000,19
28058,ok,27.0985,27.0985,18
28059,ok,47.8632,47.8448,33
2806,ok,48.2885,48.0782,29
28060,ok,47.1110,47.1110,17
28061,ok,37.4223,37.4223,22
28062,ok,27.7577,27.7577,24
28063,ok,47.1139,47.1139,29
28064,ok,44.8289,44.8289,33
28065,ok,43.3848,43.3848,34
28066,ok,25.4980,25.4980,19
28067,ok,44.5418,43.6862,18
28068,ok,34.7167,34.7167,24
28069,ok,30.3554,27.0451,22
2807,ok,44.8531,44.8531,41
28070,ok,47.4373,47.4373,15
28071,ok,40.1777,40.1777,18
28072,ok,40.8025,40.8025,25
28073,ok,42.2764,42.2764,34
28074,ok,44.0314,44.0314,29
28075,ok,43.6268,43.6268,39
28076,ok,37.5578,37.5578,21
28077,ok,24.6726,21.9820,20
28078,ok,43.5972,43.5972,33
28079,ok,45.8183,45.8183,14
2808,ok,28.3002,28.3002,39
28080,ok,47.1210,47.1210,15
28081,ok,47.0105,47.0105,25
28082,ok,41.9633,41.9633,14
28083,ok,46.2088,46.2088,24
28084,ok,48.8134,48.8134,19
28085,ok,26.2868,26.2868,38
28086,ok,30.7966,30.1626,36
28087,ok,40.4537,40.4537,29
28088,ok,47.2442,47.2442,23
28089,ok,40.3533,40.3533,46
2809,ok,45.0436,45.0436,26
28090,ok,49.7661,49.7661,36
28091,ok,45.5313,45.5313,21
28092,ok,46.2805,46.2805,20
28093,ok,35.8926,35.8926,11
28094,ok,48.5043,48.5043,29
28095,ok,17.5313,17.5313,42
28096,ok,35.0661,35.0661,25
28097,ok,40.6106,40.6106,16
28098,ok,40.4878,40.4878,16
28099,ok,45.1146,45.1146,33
281,ok,47.0130,47.0130,14
2810,ok,49.7039,49.7039,18
28100,ok,35.9965,35.9965,37
28101,ok,48.5407,46.5028,28
28102,ok,45.1424,45.1424,10
28103,ok,46.1717,46.1717,16
28104,ok,31.4431,31.4431,42
28105,ok,43.0786,43.0786,33
28106,ok,43.6545,43.6545,17
28107,ok,32.8850,32.8850,32
28108,ok,44.2370,44.2370,27
28109,ok,48.4005,48.4005,26
2811,ok,30.7427,30.2018,28
28110,ok,47.1480,47.1480,16
28111,ok,45.0368,45.0368,29
28112,ok,24.7724,24.7724,15
28113,ok,32.6001,32.6001,50
28114,ok,43.5798,43.5798,19
28115,ok,33.6484,33.6484,25
28117,ok,43.6203,43.6203,27
28118,ok,30.3581,30.3581,18
28119,ok,33.2096,32.6306,32
2812,ok,21.2166,19.0546,21
28120,ok,48.1932,48.1932,13
28121,ok,1836.4603,42.3534,15
28122,ok,35.8542,35.8542,24
28123,ok,41.3593,41.3593,20
28124,ok,41.9960,41.9960,28
28125,ok,41.0739,41.0739,20
28126,ok,33.3105,33.3105,10
28127,ok,43.7718,43.7718,18
28128,ok,47.9692,47.9692,18
28129,ok,45.9848,45.9848,29
2813,ok,33.5863,33.5863,15
28130,ok,48.3078,48.3078,23
28131,ok,44.0571,44.0571,22
28132,ok,53.3520,47.5338,31
28133,ok,48.1963,48.1963,23
28134,ok,32.1887,32.0067,30
28135,ok,36.8299,35.8888,26
28136,ok,50.2369,49.9710,30
28137,ok,41.8212,41.8212,31
28138,ok,32.4916,32.4916,15
28139,ok,39.4334,38.7994,35
2814,ok,46.4606,46.4606,13
28140,ok,27.8120,27.8120,23
28141,ok,44.2108,44.2108,44
28142,ok,42.2549,42.2549,21
28143,ok,35.1174,35.1174,38
28144,ok,37.2896,37.2896,23
28145,ok,38.8554,38.8554,12
28146,ok,44.4734,44.4734,25
28147,ok,40.0869,40.0869,16
28148,ok,39.2533,39.2533,17
28149,ok,35.9938,35.9938,36
2815,ok,42.2062,42.2062,31
28150,ok,12.9689,12.9689,14
28151,ok,49.9119,49.9119,21
28152,ok,44.8614,44.8614,41
28153,ok,46.5341,46.5341,13
28154,ok,34.1778,34.1778,29
28155,ok,37.9760,37.9760,36
28156,ok,39.0349,39.0349,38
28157,ok,35.3952,35.3952,15
28158,ok,41.4661,41.4661,39
28159,ok,25.3938,25.3938,39
2816,ok,41.8563,41.8563,19
28160,ok,49.4954,49.4954,29
28161,ok,48.1405,48.1405,19
28162,ok,36.9109,36.9109,19
28163,ok,46.3942,46.3942,16
28164,ok,48.2022,48.2022,31
28165,ok,49.5702,49.5702,27
28166,ok,47.5112,47.5112,16
28167,ok,49.6240,49.6240,16
28168,ok,35.9165,35.9165,28
28169,ok,41.7116,41.7116,17
2817,ok,48.2323,48.2323,28
28170,ok,49.0335,49.0335,20
28171,ok,44.9840,44.9840,17
28172,ok,25.0904,25.0904,45
28173,ok,37.3337,37.3337,18
28174,ok,37.5201,37.5201,30
28175,ok,23.3774,23.3774,23
28176,ok,42.9117,42.9117,16
28177,ok,49.7191,49.7191,31
28178,ok,45.8607,45.8607,26
28179,ok,47.0882,47.0882,32
2818,ok,48.1421,48.1421,12
28180,ok,47.3261,47.3261,30
28181,ok,18.3320,18.1217,32
28182,ok,44.9542,44.9542,15
28183,ok,34.2855,34.2855,20
28184,ok,38.8026,38.8026,21
28185,ok,43.2408,43.2408,18
28186,ok,43.7816,43.7816,17
28187,ok,46.5322,46.5322,13
28188,ok,45.9032,45.9032,23
28189,ok,40.6953,40.6953,29
2819,ok,35.1268,35.1268,9
28190,ok,21.8546,21.8546,21
28191,ok,32.6016,32.6016,17
28192,ok,47.5305,47.5305,35
28193,ok,38.9213,38.9213,21
28194,ok,49.0922,49.0922,26
28195,ok,33.5870,33.5870,19
28196,ok,24.8179,24.6448,11
28197,ok,48.3369,48.3369,16
28198,ok,26.3232,26.3232,28
28199,ok,43.5137,43.5137,29
282,ok,44.0150,44.0150,20
2820,ok,45.0577,45.0577,26
28200,ok,42.3191,42.3191,20
28201,ok,48.4362,48.4362,19
28202,ok,48.2752,48.2752,23
28203,ok,43.1015,43.1015,14
28204,ok,20.0443,20.0443,19
28205,ok,46.5412,46.5412,23
28206,ok,48.1903,48.1903,29
28207,ok,39.7705,39.7705,23
28208,ok,27.4317,27.4317,29
28209,ok,37.6297,37.6297,13
2821,ok,48.5923,48.5923,30
28210,ok,47.2414,47.2414,14
28211,ok,48.5286,48.5286,26
28212,ok,47.6542,42.4574,9
28213,ok,48.6993,48.6993,24
28214,ok,46.6975,46.6975,26
28215,ok,48.5484,48.5484,27
28217,ok,48.2641,48.2641,14
28218,ok,34.1249,34.1249,29
28219,ok,46.1031,46.1031,21
2822,ok,42.2877,42.2877,13
28220,ok,49.8845,49.8845,32
28221,ok,32.6077,32.6077,9
28222,ok,39.7760,39.7760,22
28223,ok,37.3922,37.3922,28
28224,ok,39.2407,39.2407,33
28225,ok,43.7456,43.7456,20
28226,ok,23.3955,23.3955,26
28227,ok,37.4659,37.4659,20
28228,ok,49.9364,49.9364,27
28229,ok,34.4968,34.4968,14
2823,ok,20.8187,20.8187,27
28230,ok,27.9335,27.9335,15
28231,ok,34.4924,34.4924,26
28232,ok,48.7756,48.7756,30
28233,ok,45.6984,45.6984,17
28234,ok,33.2223,33.2223,22
28235,ok,48.8731,48.8731,24
28236,ok,35.1477,35.1477,15
28237,ok,46.8690,46.8690,15
28238,ok,44.4428,44.4428,25
28239,ok,29.6604,29.6604,16
2824,ok,23.9506,23.9506,28
28240,ok,45.8578,45.8578,32
28241,ok,45.2917,45.2917,31
28242,ok,46.3757,46.3757,12
28243,ok,45.1855,45.1855,27
28244,ok,46.2488,46.2488,13
28245,ok,38.8334,38.8334,28
28246,ok,43.5307,43.5307,26
28247,ok,41.0880,41.0880,18
28248,ok,48.4215,48.4215,33
28249,ok,47.4310,47.4310,24
2825,ok,35.6391,35.6391,18
28250,ok,40.6517,40.6517,30
28251,ok,26.3329,26.3329,18
28252,ok,41.8433,37.2802,24
28253,ok,43.5239,43.5239,13
28254,ok,21.4211,21.4211,27
28255,ok,41.4292,41.4292,23
28256,ok,49.7804,49.5996,10
28257,ok,20.8891,20.8891,26
28258,ok,47.3675,47.3675,26
28259,ok,30.3797,30.3797,23
2826,ok,28.1993,28.1993,16
28260,ok,41.9688,41.9688,22
28261,ok,47.1367,47.1367,15
28262,ok,48.8930,48.8930,31
28263,ok,25.7270,25.7270,11
28264,ok,47.4171,47.4171,26
28265,ok,35.2698,35.2698,12
28266,ok,26.1071,26.1071,41
28267,ok,48.3311,48.3311,35
28268,ok,38.7838,38.7838,23
28269,ok,31.6939,31.6939,12
2827,ok,37.8690,37.8690,37
28270,ok,44.6028,44.6028,31
28271,ok,49.6603,49.6603,20
28272,ok,45.2582,45.2582,17
28273,ok,31.0941,31.0941,26
28274,ok,47.3326,47.3326,22
28275,ok,26.9832,26.9832,29
28276,ok,49.5769,49.5769,24
28277,ok,45.6720,45.6720,39
28278,ok,42.1408,42.1408,25
28279,ok,47.3123,47.3123,16
2828,ok,28.8729,28.8729,21
28280,ok,44.7482,44.7482,43
28281,ok,43.6923,43.6923,18
28282,ok,41.9574,41.9574,16
28283,ok,49.5516,49.5516,14
28285,ok,49.4831,44.0868,25
28286,ok,45.5119,45.5119,36
28287,ok,38.8134,38.8134,20
28288,ok,36.8874,36.8874,22
28289,ok,36.8408,36.2400,25
2829,ok,44.1453,44.1453,19
28290,ok,35.7452,35.7452,22
28291,ok,34.8142,34.8142,18
28292,ok,47.6813,47.6813,24
28293,ok,44.5669,44.5669,12
28294,ok,37.6852,37.6852,29
28295,ok,35.0543,35.0543,12
28296,ok,41.2682,41.2682,25
28297,ok,41.5393,41.5393,23
28298,ok,32.6985,32.6985,21
28299,ok,44.2904,44.2904,26
283,ok,42.9884,42.9884,34
2830,ok,23.4422,23.4422,25
28300,ok,39.6431,39.6431,16
28301,ok,39.3767,39.3767,18
28302,ok,40.5713,40.5713,21
28303,ok,46.0669,46.0669,14
28304,ok,32.3477,32.3477,19
28305,ok,36.7765,36.7765,30
28306,ok,46.0464,46.0464,14
28307,ok,35.8863,35.8863,16
28308,ok,22.0156,22.0156,18
28309,ok,38.3195,38.3195,24
2831,ok,48.1444,48.1444,28
28310,ok,40.7700,40.7700,18
28311,ok,25.7436,25.7436,14
28312,ok,45.0948,45.0948,35
28313,ok,37.3562,37.3562,23
28314,ok,46.7198,46.7198,13
28315,ok,49.3076,49.3067,32
28316,ok,42.2027,42.2027,32
28317,ok,49.1983,49.1983,19
28318,ok,34.8936,34.8936,25
28319,ok,36.9439,36.9439,20
2832,ok,39.0533,39.0533,20
28320,ok,32.6708,32.6708,20
28321,ok,39.6320,39.6320,28
28322,ok,49.0562,49.0562,13
28323,ok,46.6690,46.6690,30
28325,ok,49.1573,49.1573,13
28326,ok,36.0072,36.0072,29
28327,ok,34.4387,34.4387,25
28328,ok,49.0806,49.0806,23
28329,ok,41.1766,36.6862,13
2833,ok,48.1899,48.1899,13
28330,ok,37.7546,37.7546,16
28331,ok,38.6824,38.6824,15
28332,ok,41.8056,41.8056,23
28333,ok,23.5617,23.5617,34
28334,ok,40.0064,40.0064,15
28335,ok,44.9775,44.9775,18
28336,ok,30.8194,30.8194,17
28337,ok,49.1126,49.1126,19
28338,ok,39.2953,39.2953,22
28339,ok,27.7502,27.7502,19
2834,ok,47.9081,47.9081,28
28340,ok,46.9088,46.9088,19
28341,ok,42.1227,37.5292,15
28342,ok,45.2922,45.2922,11
28344,ok,48.3341,48.3341,27
28345,ok,34.2063,34.2063,26
28346,ok,40.3504,40.3504,16
28347,ok,43.3629,43.3629,29
28348,ok,30.7773,30.7773,16
28349,ok,34.2562,34.2562,13
2835,ok,49.8388,49.8388,15
28350,ok,48.7019,48.7019,19
28351,ok,45.6067,45.6067,23
28352,ok,49.6939,44.2746,22
28353,ok,54.4741,48.5336,26
28354,ok,47.6761,47.6761,15
28355,ok,47.8031,47.8031,30
28356,ok,47.6089,47.6089,24
28357,ok,32.6300,32.6300,17
28358,ok,49.2283,49.1731,22
28359,ok,33.2373,33.2373,29
2836,ok,45.2911,45.2911,35
28360,ok,42.8473,42.8473,26
28361,ok,46.2831,46.2831,22
28362,ok,20.6044,20.6044,11
28363,ok,39.2335,39.2335,32
28364,ok,23.9930,23.9930,12
28365,ok,44.1340,44.1340,19
28366,ok,47.1549,47.1549,15
28367,ok,44.9930,44.9930,27
28368,ok,44.7754,44.7754,37
28369,ok,31.3177,31.3177,14
2837,ok,49.7601,49.7601,22
28370,ok,48.4212,47.1546,37
28371,ok,37.6531,37.6531,39
28372,ok,49.0117,49.0117,16
28373,ok,48.7545,48.7545,10
28374,ok,42.4732,42.4732,16
28375,ok,39.8598,39.8598,19
28376,ok,49.6073,49.6073,25
28377,ok,44.6436,44.6436,30
28378,ok,39.8637,39.8637,24
28379,ok,34.4704,34.4704,16
2838,ok,36.5585,36.5585,23
28380,ok,34.5808,34.5808,15
28381,ok,40.8266,40.8266,14
28382,ok,49.1248,49.1248,16
28383,ok,45.7648,45.7648,40
28384,ok,33.1173,33.1173,13
28385,ok,46.2540,44.6751,24
28386,ok,47.3481,47.3481,24
28388,ok,24.7781,24.7780,18
28389,ok,40.0414,40.0414,28
2839,ok,54.0782,48.1809,14
28390,ok,45.5640,45.5640,16
28391,ok,37.8271,37.8271,19
28392,ok,47.8006,47.8006,20
28393,ok,45.7549,45.7549,37
28394,ok,46.6142,46.6142,25
28395,ok,38.0951,38.0951,22
28396,ok,32.8363,32.8363,26
28397,ok,20.5466,20.5466,14
28398,ok,42.8652,42.8652,18
28399,ok,44.6257,44.6257,20
284,ok,38.4820,38.4820,19
2840,ok,47.8625,47.8625,30
28400,ok,42.6110,42.6110,14
28401,ok,40.6902,40.6902,40
28402,ok,29.8096,29.8096,22
28403,ok,42.1688,42.1688,21
28404,ok,3852.5880,36.0450,26
28405,ok,38.4300,34.2390,29
28406,ok,38.3515,38.3515,29
28407,ok,35.3057,35.3057,30
28408,ok,44.4543,44.4543,30
28409,ok,32.1805,32.1805,11
2841,ok,40.2820,40.2820,18
28410,ok,38.9224,37.5701,16
28411,ok,35.5676,35.5676,25
28412,ok,48.9724,48.9724,17
28413,ok,41.2849,41.2849,31
28414,ok,35.5169,35.5169,31
28415,ok,30.2023,30.2023,38
28416,ok,38.6106,38.6106,31
28417,ok,46.4705,46.4705,30
28418,ok,36.5440,36.5440,34
28419,ok,27.8186,27.8186,11
2842,ok,47.3331,46.7819,29
28420,ok,45.3926,45.3926,27
28421,ok,43.1936,43.1936,22
28422,ok,48.7146,48.7146,10
28424,ok,44.6365,44.6365,19
28425,ok,40.0250,40.0250,14
28427,ok,47.4346,47.4346,24
28428,ok,28.3581,28.3581,34
28429,ok,45.1861,45.1861,16
2843,ok,47.1124,47.1124,24
28430,ok,33.2200,33.2200,22
28431,ok,47.4861,47.4861,25
28432,ok,48.4016,48.4016,31
28433,ok,33.3971,33.3971,16
28434,ok,23.9457,23.8457,23
28435,ok,45.6413,45.6413,15
28436,ok,45.3900,45.3900,19
28437,ok,41.8470,41.8470,27
28438,ok,30.0720,30.0720,18
28439,ok,49.5002,49.5002,24
2844,ok,20.1551,20.1551,19
28440,ok,45.1526,45.1526,29
28441,ok,33.8002,33.8002,20
28442,ok,47.3145,47.3145,25
28443,ok,43.8020,43.8020,34
28444,ok,29.3577,26.1561,20
28445,ok,34.7488,34.7488,17
28446,ok,48.0534,48.0534,37
28447,ok,31.5387,31.5387,23
28448,ok,37.4071,37.4071,40
28449,ok,48.8345,48.8345,24
2845,ok,39.2858,39.2858,24
28450,ok,40.7538,40.7538,25
28451,ok,35.8069,35.8069,24
28452,ok,48.2175,48.2175,22
28453,ok,39.5008,39.5008,15
28454,ok,37.6777,37.6777,13
28455,ok,46.3944,46.3944,27
28456,ok,56.0836,49.9676,26
28457,ok,42.6783,42.6783,26
28458,ok,33.8486,33.8486,24
28459,ok,47.5577,47.5577,16
2846,ok,24.9896,24.9896,18
28460,ok,37.1513,37.1513,12
28461,ok,46.2041,46.2041,31
28462,ok,38.2658,38.2658,28
28463,ok,40.0858,40.0858,32
28464,ok,47.6836,47.6836,24
28465,ok,37.2733,37.2733,14
28466,ok,48.3640,48.3640,29
28467,ok,38.5626,38.5626,27
28468,ok,35.9424,35.6060,17
2847,ok,46.9907,46.9907,16
28471,ok,40.2256,39.5850,21
28472,ok,21.2922,21.2922,25
28473,ok,38.5294,38.5294,26
28474,ok,46.5282,46.5282,27
28475,ok,25.1356,25.1356,18
28476,ok,34.8069,34.8069,24
28477,ok,47.5171,47.5171,16
28478,ok,38.2888,37.0380,31
28479,ok,31.3305,31.3305,41
2848,ok,39.1278,39.1278,26
28480,ok,49.3555,49.3555,20
28481,ok,37.8338,37.8338,22
28482,ok,48.6450,48.6450,12
28483,ok,42.2644,42.2644,17
28484,ok,40.9893,40.9893,35
28485,ok,30.5330,30.5330,30
28486,ok,45.7997,45.7997,13
28488,ok,46.4759,46.4759,21
28489,ok,27.6671,27.6671,29
2849,ok,42.7484,42.7484,22
28490,ok,49.9356,49.9356,22
28491,ok,35.2786,35.2786,16
28492,ok,40.3958,40.3958,33
28493,ok,34.9004,34.9004,47
28494,ok,36.7491,36.7491,13
28495,ok,30.0568,30.0568,14
28496,ok,42.9791,42.9791,22
28497,ok,38.6877,38.6877,17
28498,ok,49.8373,49.8372,21
28499,ok,47.6883,47.6883,16
285,ok,41.6780,41.6780,21
2850,ok,43.8249,43.8249,33
28500,ok,43.2088,43.2088,28
28501,ok,49.1680,49.1680,29
28502,ok,40.1358,40.1358,22
28503,ok,38.6368,38.6368,17
28504,ok,41.9744,41.9744,16
28505,ok,32.3712,32.3712,26
28506,ok,45.4966,45.2185,33
28507,ok,47.4947,47.4947,21
28508,ok,42.3339,42.3339,24
28509,ok,41.3890,41.3890,30
2851,ok,51.7336,49.2747,39
28510,ok,35.8988,35.8988,38
28511,ok,34.4052,34.4052,16
28512,ok,42.5102,42.5102,20
28513,ok,34.2904,34.2904,31
28514,ok,42.4242,42.4242,20
28515,ok,42.3079,42.3079,19
28516,ok,29.4021,29.4021,16
28517,ok,47.8041,47.8041,29
28518,ok,38.2971,38.2971,33
28519,ok,48.3058,48.3058,14
2852,ok,42.7176,42.7176,34
28520,ok,45.3896,45.3896,16
28521,ok,46.0800,41.0549,28
28522,ok,21.6863,21.6863,23
28523,ok,47.8000,47.8000,29
28524,ok,48.6706,48.6706,12
28525,ok,44.4370,44.4370,24
28526,ok,39.1106,39.1106,17
28527,ok,48.8620,48.8620,34
28529,ok,36.5995,36.5995,27
2853,ok,45.1590,45.1590,28
28530,ok,37.4362,37.4362,27
28531,ok,42.9316,42.9316,19
28532,ok,38.2930,38.2930,26
28533,ok,50.9121,49.0871,21
28534,ok,40.1057,40.1057,20
28535,ok,35.0632,35.0632,28
28536,ok,34.6518,34.6518,50
28537,ok,34.9864,34.9864,25
28538,ok,44.1607,44.1607,20
28539,ok,28.8862,28.8862,27
2854,ok,48.9385,48.9385,34
28540,ok,34.3220,34.3220,29
28541,ok,23.5668,23.5668,23
28542,ok,43.8569,40.3354,12
28543,ok,36.1084,36.1084,18
28544,ok,42.8950,38.2172,25
28545,ok,40.9740,40.9740,12
28546,ok,45.9440,45.9440,27
28547,ok,32.3225,32.3225,29
28548,ok,20.3663,20.3663,32
28549,ok,47.4926,47.4926,19
2855,ok,41.8368,41.8368,28
28550,ok,42.8725,42.8725,48
28551,ok,27.6941,27.6941,11
28552,ok,37.1725,37.1725,16
28553,ok,45.8994,45.8994,25
28554,ok,43.0561,42.6386,37
28555,ok,29.4031,29.4031,21
28556,ok,35.6723,35.6723,13
28557,ok,37.0561,37.0561,23
28558,ok,44.5251,44.5251,31
28559,ok,44.5873,44.5873,21
2856,ok,48.8499,48.8499,27
28560,ok,44.3372,44.3372,35
28561,ok,47.9561,47.9561,26
28562,ok,39.2973,39.2973,18
28563,ok,31.1453,31.1453,34
28564,ok,45.0711,45.0710,18
28565,ok,21.2938,21.2938,17
28566,ok,36.4287,36.4287,18
28567,ok,48.7618,48.7618,13
28568,ok,39.1921,39.1921,16
28569,ok,32.5977,32.5977,17
2857,ok,37.1522,37.1522,28
28570,ok,26.1839,26.1839,16
28571,ok,33.6998,33.6998,30
28572,ok,48.2591,48.2591,20
28573,ok,49.1959,49.1959,39
28574,ok,40.4633,38.9506,23
28575,ok,26.6844,26.6844,19
28576,ok,46.1859,46.1859,39
28577,ok,21.3890,21.2007,16
28578,ok,46.9513,46.9513,30
28579,ok,16.3225,16.3225,19
2858,ok,43.8705,43.8705,37
28580,ok,39.2117,39.2117,23
28581,ok,42.2306,42.2306,23
28582,ok,33.3759,33.3759,27
28583,ok,35.9239,35.9239,29
28584,ok,39.8453,39.8453,27
28585,ok,47.3572,47.3572,17
28586,ok,18.2331,18.2331,22
28587,ok,41.4353,41.4353,44
28588,ok,41.5870,41.5870,23
28589,ok,44.1662,44.1662,37
2859,ok,43.8157,43.8157,14
28590,ok,43.0604,43.0604,39
28591,ok,41.4985,41.4985,19
28592,ok,46.1226,46.1226,26
28593,ok,36.4723,36.4723,22
28594,ok,43.5677,43.5677,28
28595,ok,49.7439,49.7439,17
28596,ok,38.5352,38.5352,27
28597,ok,32.1796,32.1180,27
28598,ok,41.6837,41.6837,44
28599,ok,44.5661,44.5661,26
286,ok,45.9106,45.9106,18
2860,ok,41.8146,41.8146,30
28600,ok,36.5351,36.5351,31
28601,ok,48.8240,48.8240,31
28602,ok,16.5186,16.5186,22
28603,ok,41.3256,41.3256,24
28604,ok,53.7154,47.8576,25
28605,ok,37.0111,37.0111,18
28606,ok,29.9364,29.9364,25
28607,ok,32.2207,32.2207,25
28608,ok,36.2389,36.2389,13
28609,ok,53.5030,47.6684,28
2861,ok,44.2304,44.2304,18
28610,ok,48.4677,48.4677,16
28611,ok,48.1205,48.1205,32
28612,ok,45.9483,45.9483,15
28613,ok,43.0633,43.0633,32
28614,ok,40.9416,40.9416,20
28615,ok,25.7782,25.7782,30
28616,ok,48.4195,48.4195,15
28617,ok,36.0453,36.0453,40
28618,ok,42.1448,42.1448,34
28619,ok,43.4320,43.4320,20
2862,ok,39.8078,39.8078,21
28620,ok,44.5378,44.0239,28
28621,ok,43.2450,43.2450,33
28622,ok,41.4262,41.4262,36
28623,ok,42.2799,42.2799,38
28624,ok,43.1171,43.1171,28
28625,ok,31.0858,31.0858,16
28626,ok,32.3293,32.3293,17
28627,ok,34.9426,34.9426,33
28628,ok,30.3031,30.3031,21
28629,ok,42.1549,42.1549,20
2863,ok,43.1180,43.1180,19
28630,ok,48.6996,48.6996,24
28631,ok,49.1121,49.1121,18
28632,ok,42.1136,42.1136,20
28633,ok,53.6976,47.8418,23
28634,ok,38.6987,38.6987,16
28635,ok,41.7984,39.1815,42
28636,ok,48.8462,48.8462,44
28637,ok,37.8538,37.8538,16
28638,ok,40.8650,40.8650,26
28639,ok,47.0459,47.0459,16
2864,ok,41.9574,41.9574,27
28640,ok,44.2900,44.2900,10
28641,ok,45.8761,45.8761,26
28642,ok,38.3639,38.3639,21
28643,ok,40.5985,40.5985,15
28644,ok,49.7761,49.7761,14
28645,ok,47.6052,47.6052,16
28646,ok,42.1082,42.1082,27
28647,ok,37.2978,37.2978,20
28648,ok,46.6935,46.6935,19
28649,ok,23.4262,23.4262,18
2865,ok,37.8105,37.8105,12
28650,ok,42.1953,42.1953,24
28651,ok,49.1978,49.1978,15
28652,ok,27.2530,25.9584,13
28653,ok,44.2192,44.2192,29
28654,ok,47.4454,47.4454,32
28655,ok,38.1228,38.1228,19
28656,ok,38.0908,38.0908,24
28657,ok,39.6137,39.6137,20
28658,ok,24.3183,24.3183,33
28659,ok,42.9785,42.9785,34
2866,ok,47.0606,47.0606,28
28660,ok,33.5272,33.5272,31
28661,ok,43.9532,43.9532,22
28662,ok,25.4344,25.4344,14
28663,ok,46.0116,46.0116,26
28664,ok,33.8726,32.2621,24
28665,ok,22.7914,22.7914,38
28666,ok,33.9906,33.9906,29
28667,ok,31.7725,31.7725,27
28668,ok,31.4988,31.4988,18
28669,ok,32.0016,32.0016,32
2867,ok,35.1663,35.1663,41
28670,ok,47.7051,47.7051,25
28671,ok,33.4810,33.4810,16
28672,ok,25.3846,25.3846,24
28673,ok,46.3159,46.3159,30
28674,ok,33.7156,33.7156,22
28675,ok,43.9977,43.9977,12
28676,ok,42.5284,42.5284,26
28677,ok,47.0468,47.0468,23
28678,ok,48.6021,48.6021,8
28679,ok,38.9500,38.9500,25
2868,ok,46.7730,46.7730,18
28680,ok,41.1154,41.1154,22
28681,ok,35.8915,35.8915,38
28682,ok,46.6254,46.6254,24
28683,ok,37.1652,37.1652,11
28684,ok,46.1536,46.1536,16
28685,ok,44.5846,44.5846,23
28686,ok,47.9301,47.9301,23
28687,ok,39.6127,39.6127,26
28688,ok,49.0932,49.0932,41
28689,ok,44.0216,44.0216,22
2869,ok,41.6136,41.6136,18
28690,ok,31.7818,31.7818,15
28691,ok,33.2098,33.2098,31
28692,ok,29.2971,29.2971,15
28693,ok,47.6027,47.6027,31
28694,ok,46.1073,46.1073,19
28695,ok,44.0402,44.0402,29
28696,ok,23.0639,23.0639,30
28697,ok,47.2320,47.2320,24
28698,ok,31.7531,31.7531,19
28699,ok,52.9709,47.1943,12
287,ok,32.2095,32.2095,23
2870,ok,22.5711,22.5711,26
28700,ok,51.2887,45.6955,26
28701,ok,48.3774,48.3774,26
28702,ok,43.6760,43.6760,24
28703,ok,35.2837,35.2705,20
28704,ok,39.3852,39.3852,18
28705,ok,43.6575,43.6575,18
28706,ok,33.8435,33.8435,46
28707,ok,46.4815,46.4815,20
28708,ok,48.0897,48.0897,29
28709,ok,46.9608,46.9608,11
2871,ok,49.6813,49.6813,30
28710,ok,47.2075,47.2075,25
28711,ok,45.5825,45.5825,27
28712,ok,22.6979,22.6979,28
28713,ok,41.6637,41.6637,20
28714,ok,42.0614,42.0614,27
28715,ok,46.4506,46.4506,24
28716,ok,40.8265,40.8265,24
28717,ok,42.4160,42.4160,13
28718,ok,47.2541,47.2541,29
28719,ok,46.1377,46.1377,27
2872,ok,24.4905,24.4905,50
28720,ok,26.5204,26.5204,15
28721,ok,45.2535,45.2535,27
28722,ok,39.2128,39.2128,12
28723,ok,45.5298,45.5298,21
28724,ok,36.2311,36.2311,17
28725,ok,36.8337,35.9238,29
28726,ok,47.0974,47.0974,25
28727,ok,33.9410,33.1542,39
28728,ok,31.3954,31.3954,42
28729,ok,31.4065,31.4065,17
2873,ok,28.4712,28.0925,20
28730,ok,44.8111,44.8111,26
28731,ok,49.7531,49.7531,16
28732,ok,44.4569,44.4569,36
28733,ok,39.9007,39.9007,20
28734,ok,22.3300,22.3300,35
28735,ok,49.3788,49.3788,30
28736,ok,43.3021,43.3021,23
28737,ok,44.0341,44.0341,32
28738,ok,43.0946,43.0946,27
28739,ok,46.2680,46.2680,20
2874,ok,40.8083,40.8083,43
28740,ok,48.0910,48.0910,15
28741,ok,46.9423,46.9423,27
28742,ok,47.0019,47.0019,18
28743,ok,27.7652,27.7652,25
28744,ok,53.2103,48.7825,16
28745,ok,33.5628,33.5628,31
28747,ok,48.6959,48.6959,21
28748,ok,40.7989,40.7989,24
28749,ok,49.0748,49.0748,19
2875,ok,43.9824,43.9824,12
28751,ok,44.9370,44.9370,13
28752,ok,25.8960,25.8960,27
28753,ok,36.9065,36.9065,23
28754,ok,37.5674,37.5674,45
28755,ok,35.4804,35.4804,13
28756,ok,27.6122,27.6122,33
28757,ok,49.6934,49.6934,36
28758,ok,39.0334,39.0334,17
28759,ok,40.9742,40.9742,24
2876,ok,39.0960,39.0960,27
28760,ok,39.4841,39.4841,27
28761,ok,9066.1149,54.4093,22
28762,ok,49.2959,49.2959,13
28763,ok,49.6424,49.6424,39
28764,ok,45.9394,45.9394,26
28765,ok,25.1638,25.1638,32
28766,ok,48.8798,48.8798,13
28767,ok,26.7394,26.7394,20
28768,ok,26.5287,26.5287,15
28769,ok,45.9234,45.9234,21
2877,ok,43.9291,43.4806,15
28770,ok,48.2913,48.2913,29
28771,ok,50.3636,49.8625,25
28772,ok,46.9410,46.9410,26
28773,ok,31.5561,31.5561,38
28774,ok,42.5375,42.5375,23
28775,ok,46.2500,46.2500,31
28776,ok,22.8670,22.8670,37
28777,ok,32.0797,32.0797,22
28778,ok,39.5257,39.5257,28
28779,ok,44.1566,44.1566,18
2878,ok,40.3218,40.3218,16
28780,ok,48.2305,48.2305,14
28781,ok,41.0843,41.0843,11
28782,ok,39.8389,39.8389,18
28783,ok,44.6171,44.6171,19
28784,ok,37.3261,37.3261,22
28785,ok,47.9178,47.9178,23
28786,ok,41.5036,41.5036,13
28787,ok,47.4830,47.4830,33
28788,ok,48.4716,48.4716,16
28789,ok,33.4133,32.3549,38
2879,ok,42.5878,42.5878,12
28790,ok,46.6258,46.6258,22
28791,ok,48.9690,48.9690,12
28792,ok,39.2113,39.2113,18
28793,ok,46.5061,46.5061,17
28794,ok,31.0430,31.0430,31
28795,ok,47.9793,47.9793,25
28796,ok,48.8955,48.8955,22
28797,ok,44.3966,44.3966,28
28798,ok,35.5729,35.5729,24
28799,ok,49.8497,48.9518,28
288,ok,48.0677,48.0677,31
2880,ok,48.5078,48.5078,22
28800,ok,40.2204,40.2204,33
28801,ok,43.5220,42.2094,10
28802,ok,39.3056,39.3056,18
28803,ok,44.1820,44.1820,37
28804,ok,42.7053,42.7053,18
28805,ok,43.2720,43.2720,22
28806,ok,27.8909,27.8909,48
28807,ok,39.0334,39.0334,20
28808,ok,23.9200,23.9200,16
28809,ok,48.2911,48.2911,22
2881,ok,48.3941,48.3941,19
28810,ok,42.8431,42.8431,19
28811,ok,49.4858,49.4858,35
28812,ok,46.1968,44.3663,25
28813,ok,43.7829,43.7829,23
28814,ok,48.4954,48.4954,21
28815,ok,48.2705,48.2705,23
28816,ok,44.4823,44.4823,34
28817,ok,48.0809,48.0809,11
28818,ok,46.7668,46.7668,23
28819,ok,39.7653,24.2444,33
2882,ok,29.8428,29.8428,17
28820,ok,37.6769,37.6769,19
28821,ok,33.4460,33.4460,46
28822,ok,48.6693,48.6693,20
28823,ok,45.4862,45.4862,14
28824,ok,22.9906,22.9906,28
28825,ok,48.3271,48.3271,38
28826,ok,42.7774,42.7774,17
28827,ok,41.8726,19.6362,32
28828,ok,30.9998,30.9998,16
28829,ok,43.5757,43.5757,23
2883,ok,47.0039,47.0039,23
28830,ok,49.4085,49.4085,17
28831,ok,44.2028,44.2028,17
28832,ok,47.9035,47.9035,9
28833,ok,48.5569,48.5569,16
28834,ok,48.0440,48.0440,12
28835,ok,34.3551,34.3551,27
28836,ok,29.0736,29.0736,39
28837,ok,33.6443,33.6443,12
28838,ok,38.9504,38.9504,27
28839,ok,49.7259,49.7259,35
2884,ok,49.9369,49.9369,24
28840,ok,45.7953,45.7953,16
28841,ok,46.3744,46.3744,31
28842,ok,26.9788,26.9788,15
28844,ok,36.2683,36.2683,36
28845,ok,48.8502,48.8502,30
28846,ok,37.8371,37.8371,12
28847,ok,43.7160,43.7160,38
28848,ok,48.8087,48.8087,15
28849,ok,31.3742,31.3742,18
2885,ok,49.2104,49.2104,15
28850,ok,37.2383,37.2383,27
28851,ok,45.4746,45.4746,23
28852,ok,31.4647,31.4647,33
28853,ok,49.0268,49.0268,23
28854,ok,26.3836,26.3836,27
28855,ok,41.6644,41.6644,19
28856,ok,37.8669,37.8669,16
28857,ok,47.4499,47.4499,36
28858,ok,18.8806,18.8806,25
28859,ok,36.8565,36.8565,19
2886,ok,47.3705,46.0573,24
28860,ok,43.3366,43.3366,31
28861,ok,34.9053,34.9053,26
28862,ok,28.1461,28.1461,22
28863,ok,13.3248,13.3248,27
28864,ok,47.5753,47.5753,32
28865,ok,34.7044,34.7044,14
28866,ok,43.2601,43.2601,27
28867,ok,41.8483,41.8483,16
28868,ok,26.7590,26.7590,30
28869,ok,37.1933,37.1933,31
2887,ok,48.7127,48.7127,21
28870,ok,44.0019,44.0019,23
28871,ok,36.9930,36.8077,24
28872,ok,49.0189,49.0189,17
28873,ok,44.9869,44.9869,11
28874,ok,44.8850,44.8850,16
28875,ok,44.2115,44.2115,36
28876,ok,47.8848,47.8848,22
28877,ok,42.2901,42.2901,15
28878,ok,44.4497,44.4497,14
28879,ok,36.0846,36.0846,21
2888,ok,45.6041,45.6041,32
28880,ok,38.3225,38.3225,11
28881,ok,27.0086,27.0086,17
28882,ok,41.5722,41.5722,34
28883,ok,49.5203,49.5203,26
28885,ok,45.6276,45.6276,12
28886,ok,39.8164,39.8164,32
28887,ok,38.6788,38.6788,10
28888,ok,49.1543,49.1543,21
28889,ok,47.9101,47.9101,19
2889,ok,47.8025,47.8025,18
28890,ok,32.3181,32.3181,23
28891,ok,19.2420,19.2420,14
28892,ok,41.5297,41.5297,31
28893,ok,44.5249,44.5249,22
28894,ok,48.5717,48.5717,10
28895,ok,32.2484,32.2484,29
28896,ok,42.5874,42.5874,23
28897,ok,28.8043,28.8043,30
28898,ok,41.2486,41.2486,20
28899,ok,48.6854,48.6854,34
289,ok,47.6486,47.6486,29
2890,ok,44.4005,44.4005,12
28900,ok,43.9924,43.9924,30
28901,ok,21.1581,21.1581,33
28902,ok,49.8338,49.8338,16
28903,ok,45.3650,45.3650,21
28904,ok,44.9822,44.9822,17
28905,ok,40.7445,40.7445,36
28906,ok,31.2467,31.2467,20
28907,ok,47.8015,47.2988,11
28908,ok,39.5269,39.5269,37
28909,ok,48.5641,48.5641,28
2891,ok,49.1148,49.1148,18
28910,ok,39.2186,39.2186,13
28911,ok,37.3766,37.3766,14
28912,ok,46.0340,46.0340,31
28913,ok,43.0533,43.0533,24
28914,ok,40.1438,40.1438,31
28915,ok,35.3304,35.3304,20
28916,ok,36.1936,36.1936,30
28917,ok,49.5773,49.5773,33
28918,ok,44.1601,44.1601,27
28919,ok,44.5520,44.5520,28
2892,ok,26.9364,26.9364,32
28920,ok,38.1188,38.1188,20
28921,ok,26.0613,26.0613,28
28922,ok,40.5216,40.5216,13
28923,ok,30.7377,29.4023,31
28924,ok,48.3913,48.3913,14
28925,ok,49.2930,49.2930,22
28926,ok,34.0059,34.0059,31
28927,ok,35.3577,35.3577,20
28928,ok,30.0495,30.0495,22
28929,ok,45.4840,45.4840,30
2893,ok,37.7991,37.7991,26
28930,ok,33.0277,33.0277,17
28931,ok,42.2748,42.2748,12
28932,ok,33.6796,33.6796,9
28933,ok,31.8899,31.8899,19
28934,ok,34.1585,34.1585,12
28935,ok,27.1769,27.1769,21
28936,ok,36.8415,36.8415,18
28937,ok,49.4218,49.4218,32
28938,ok,30.2128,30.2128,15
28939,ok,45.3203,45.3203,45
28940,ok,33.6929,33.6929,32
28941,ok,46.3180,46.3180,28
28942,ok,48.8392,48.8392,32
28943,ok,35.9202,35.9202,28
28944,ok,23.1600,23.1600,44
28945,ok,48.0246,48.0246,16
28946,ok,26.6391,26.6391,21
28947,ok,47.0088,47.0088,26
28948,ok,41.8011,41.8011,30
28949,ok,44.8823,44.8823,23
2895,ok,25.5669,25.5669,25
28950,ok,41.3223,41.3223,13
28951,ok,41.0323,41.0323,21
28952,ok,45.2740,43.5985,26
28953,ok,42.3789,42.3789,21
28954,ok,43.3985,43.3985,26
28955,ok,35.6569,35.6569,25
28956,ok,47.5510,47.5510,29
28957,ok,37.3600,37.3600,24
28958,ok,32.5916,32.5916,27
28959,ok,19.4158,19.4158,33
2896,ok,38.1347,38.1347,13
28960,ok,30.2180,30.2180,16
28961,ok,20.7239,18.4639,19
28962,ok,41.5716,41.5716,22
28963,ok,34.1106,34.1106,28
28964,ok,49.8688,49.8688,34
28965,ok,47.1618,47.1618,24
28966,ok,48.0407,48.0407,11
28967,ok,44.9100,44.9100,14
28968,ok,43.6020,43.6020,26
28969,ok,36.8393,36.8393,26
2897,ok,42.7054,42.7054,22
28970,ok,28.6715,28.6715,21
28971,ok,28.1638,28.1638,9
28972,ok,45.0670,45.0670,20
28973,ok,43.4266,43.4266,16
28974,ok,48.8611,48.8611,16
28975,ok,49.1292,49.1292,28
28976,ok,49.7076,49.7076,19
28977,ok,49.9494,49.9494,13
28978,ok,47.1363,46.5544,34
28979,ok,35.1333,35.1333,36
2898,ok,23.2377,23.2377,17
28980,ok,45.6430,45.6430,25
28981,ok,46.8232,41.7170,24
28982,ok,46.5752,46.5752,27
28983,ok,49.2917,49.2917,15
28984,ok,26.0586,26.0586,32
28985,ok,44.7867,44.7867,34
28986,ok,43.4560,43.4560,30
28987,ok,50.1380,49.9912,27
28988,ok,28.8499,28.8499,10
28989,ok,29.9572,29.9572,48
2899,ok,46.1873,41.1504,19
28990,ok,45.8989,45.8989,33
28991,ok,46.9804,46.9804,18
28992,ok,45.6628,45.6628,33
28993,ok,31.6126,31.6126,29
28994,ok,46.5356,46.5356,32
28995,ok,41.1599,41.1599,30
28996,ok,49.8247,49.8247,20
28997,ok,48.0005,48.0005,17
28998,ok,34.0672,34.0672,26
28999,ok,49.7131,49.7131,29
29,ok,49.3144,49.3144,32
290,ok,35.4669,35.4668,22
2900,ok,36.9212,36.9212,26
29000,ok,41.2971,41.2971,26
29001,ok,31.1889,31.1889,14
29002,ok,22.5021,22.5021,21
29003,ok,48.9075,48.9075,21
29004,ok,49.0766,49.0766,21
29005,ok,48.3461,48.3461,29
29006,ok,48.2380,48.2380,31
29007,ok,34.3692,34.3692,16
29008,ok,46.3071,46.3071,21
29009,ok,45.3654,44.4662,18
2901,ok,46.0079,46.0079,24
29010,ok,38.0616,38.0616,15
29011,ok,35.8734,35.8734,30
29012,ok,18.2648,18.2648,23
29013,ok,36.1240,36.1240,12
29014,ok,51.8291,49.6612,15
29015,ok,40.0059,40.0059,17
29016,ok,23.1667,23.1667,19
29017,ok,34.8471,34.8471,39
29018,ok,43.2377,43.2377,28
29019,ok,25.7206,25.7206,25
2902,ok,47.1043,47.1043,31
29020,ok,40.7044,40.7044,23
29021,ok,38.0032,38.0032,18
29022,ok,49.3449,49.3449,32
29023,ok,47.7759,47.7759,20
29024,ok,48.8923,48.8923,48
29025,ok,33.3761,33.3761,18
29026,ok,24.4880,24.4880,19
29027,ok,29.3277,29.3277,13
29028,ok,25.4220,25.4220,17
29029,ok,34.5070,34.5070,15
2903,ok,34.0641,34.0641,32
29030,ok,35.6939,35.6939,13
29031,ok,36.3266,36.3266,29
29032,ok,47.7120,47.7120,23
29033,ok,49.3347,49.3347,25
29034,ok,44.9267,44.9267,20
29035,ok,35.3187,35.3187,19
29036,ok,41.1305,41.1305,36
29037,ok,46.5080,46.5080,25
29038,ok,47.6490,47.6490,19
29039,ok,41.4320,41.4320,13
2904,ok,49.8012,49.8012,16
29040,ok,39.1920,37.6461,42
29041,ok,46.7979,46.7979,20
29042,ok,43.3047,43.3047,20
29043,ok,48.7701,48.7701,25
29044,ok,40.3072,40.3072,16
29045,ok,45.1534,45.1534,34
29046,ok,26.6549,26.6549,22
29047,ok,36.7032,36.7032,37
29048,ok,42.4719,42.4719,26
29049,ok,48.8368,48.8368,13
2905,ok,44.2940,44.2940,31
29050,ok,33.0784,33.0784,19
29051,ok,34.9567,34.9567,21
29052,ok,43.9087,43.9087,16
29053,ok,47.8666,47.8666,27
29054,ok,43.3712,43.3712,15
29055,ok,42.1249,42.1249,15
29056,ok,26.9349,26.9349,26
29057,ok,48.7991,48.7991,23
29058,ok,45.7606,45.7606,26
29059,ok,46.7052,46.7052,22
2906,ok,48.1407,48.1407,30
29060,ok,42.1126,42.1126,19
29061,ok,47.3734,47.3734,24
29062,ok,47.7234,47.7234,26
29063,ok,43.2593,43.2593,18
29064,ok,43.7023,43.7023,14
29065,ok,39.5932,39.5932,17
29066,ok,28.3697,28.3697,18
29067,ok,43.4838,43.4838,34
29068,ok,44.5324,44.5324,27
29069,ok,36.8212,36.8212,22
2907,ok,45.7909,45.7909,40
29070,ok,38.6580,38.6580,16
29071,ok,48.4651,48.4651,23
29072,ok,32.6339,32.6339,14
29073,ok,49.8218,49.8218,17
29074,ok,47.6528,47.6528,10
29075,ok,44.1973,44.1973,37
29076,ok,49.3799,49.3799,30
29077,ok,39.8362,39.8362,24
29078,ok,48.7516,47.2756,27
29079,ok,49.7816,49.7816,14
2908,ok,44.6959,44.6959,35
29080,ok,42.5291,42.5291,39
29081,ok,45.4669,45.4669,32
29082,ok,26.0007,26.0007,23
29083,ok,34.7836,34.7836,21
29084,ok,42.9445,42.9445,25
29085,ok,49.1455,49.1455,16
29086,ok,30.0573,30.0573,24
29087,ok,43.6541,43.6541,13
29088,ok,34.9736,34.9736,19
29089,ok,29.5096,29.5096,31
2909,ok,48.5161,48.5161,41
29090,ok,41.0375,41.0375,20
29091,ok,36.7120,36.7120,19
29092,ok,47.8509,47.8509,46
29093,ok,45.0250,45.0250,13
29094,ok,30.6106,30.6106,14
29095,ok,27.9935,27.9935,43
29096,ok,28.7341,28.7341,41
29097,ok,26.9259,26.9259,24
29098,ok,25.3878,25.3878,25
29099,ok,26.7022,26.7022,13
291,ok,45.4149,45.4149,22
2910,ok,36.3994,36.3994,25
29100,ok,49.1038,49.1038,25
29101,ok,40.6184,40.6184,28
29102,ok,38.7152,38.7152,16
29103,ok,749.7421,35.9604,21
29104,ok,39.4587,39.4587,24
29105,ok,46.9189,46.9189,12
29106,ok,33.6459,33.6459,12
29107,ok,35.6877,35.6877,32
29108,ok,45.3183,45.3183,28
29109,ok,15.7930,15.7930,14
2911,ok,49.0867,49.0867,32
29110,ok,26.2573,26.2573,28
29111,ok,38.5307,38.5307,17
29112,ok,30.7295,30.7295,35
29113,ok,49.4062,49.4062,16
29114,ok,38.4202,38.4202,35
29115,ok,42.4577,42.4577,19
29116,ok,27.0180,27.0180,23
29117,ok,30.3585,30.3585,16
29118,ok,37.1976,37.1976,36
29119,ok,49.1446,49.1446,28
2912,ok,46.3602,46.3602,17
29120,ok,47.0047,47.0047,20
29121,ok,36.5433,36.5433,28
29122,ok,48.6582,48.6582,11
29123,ok,38.9752,38.9752,15
29124,ok,40.5914,40.5914,29
29125,ok,26.1377,26.1377,24
29126,ok,36.4603,36.4603,33
29127,ok,48.9566,48.9566,14
29128,ok,47.7819,46.9074,30
29129,ok,46.1060,46.1060,13
2913,ok,41.2011,41.2011,22
29130,ok,46.1739,46.1739,17
29131,ok,37.0825,37.0825,18
29132,ok,42.4552,42.4552,24
29133,ok,36.1056,36.1056,20
29134,ok,43.5506,43.5506,41
29135,ok,37.1819,37.1819,29
29136,ok,47.9214,47.6575,34
29137,ok,46.5778,46.5778,36
29138,ok,35.7472,35.7472,34
29139,ok,48.2945,48.2945,14
2914,ok,41.6720,41.6720,33
29140,ok,38.1078,38.1078,50
29141,ok,49.1700,49.1700,39
29142,ok,39.2308,39.2308,22
29143,ok,44.2777,44.2777,23
29144,ok,37.9306,37.9306,29
29145,ok,46.5440,46.5440,23
29146,ok,44.4628,44.4628,17
29147,ok,23.0622,23.0622,27
29148,ok,46.6209,46.6209,21
29149,ok,36.2320,36.2320,19
2915,ok,41.1157,41.1157,29
29150,ok,40.1634,40.1634,16
29151,ok,49.4116,49.4116,26
29152,ok,48.4926,48.4926,23
29153,ok,37.0648,37.0648,18
29154,ok,29.8379,29.8379,36
29155,ok,40.6529,40.6529,32
29156,ok,48.0111,48.0111,24
29157,ok,42.4539,40.3615,27
29158,ok,41.3831,36.8702,18
29159,ok,41.3005,41.3005,27
2916,ok,46.1524,46.1524,15
29160,ok,46.6812,45.0512,14
29161,ok,38.0007,38.0007,30
29162,ok,27.4905,27.4905,29
29163,ok,42.8583,42.8583,19
29164,ok,43.4092,43.4092,16
29165,ok,48.5910,48.5910,39
29166,ok,49.5773,49.5773,29
29167,ok,45.8484,45.8484,42
29168,ok,49.0371,49.0371,18
29169,ok,47.9994,47.9994,22
2917,ok,47.4874,47.4874,26
29170,ok,30.6700,30.6700,25
29171,ok,43.3978,43.3978,21
29172,ok,27.6356,27.6356,32
29173,ok,19.4638,19.4638,33
29174,ok,26.7774,26.7774,25
29175,ok,42.1734,42.1734,27
29176,ok,42.8666,42.8666,24
29177,ok,47.6075,47.6075,31
29179,ok,15.8334,15.8334,23
2918,ok,45.5930,45.5930,25
29180,ok,46.6083,46.6083,34
29181,ok,43.2454,43.2454,12
29182,ok,23.9665,23.9665,14
29183,ok,48.2097,48.2097,31
29184,ok,48.1524,48.1524,16
29185,ok,46.4584,46.4584,14
29186,ok,32.6143,32.6143,16
29187,ok,46.5936,46.5936,24
29188,ok,48.9651,48.9651,23
29189,ok,45.3838,45.3838,26
2919,ok,49.8131,49.8131,16
29190,ok,45.1613,45.1613,24
29191,ok,42.9330,42.9330,33
29192,ok,49.5568,49.5568,27
29193,ok,37.0416,37.0416,27
29194,ok,49.9494,49.9494,15
29195,ok,39.5796,39.5796,13
29196,ok,39.9341,39.9341,24
29197,ok,39.6650,39.6650,35
29198,ok,39.0332,39.0332,37
29199,ok,40.7642,40.7642,19
292,ok,45.9574,45.9574,21
2920,ok,36.5308,36.5308,15
29200,ok,34.2048,34.2048,25
29201,ok,44.9189,44.9189,31
29202,ok,38.2902,38.2902,26
29203,ok,40.2586,40.2586,34
29204,ok,41.1715,41.1715,40
29205,ok,45.6945,45.6945,21
29206,ok,29.3051,29.3051,27
29207,ok,46.5403,46.5403,19
29208,ok,35.5309,35.5309,21
29209,ok,37.8494,37.8494,18
2921,ok,47.6909,47.6909,16
29210,ok,39.5192,39.5192,16
29211,ok,49.9137,49.9137,27
29212,ok,31.5659,31.5659,30
29213,ok,47.5131,47.5131,40
29214,ok,22.4599,22.4599,18
29215,ok,38.9871,38.9871,17
29216,ok,41.7818,41.7818,38
29217,ok,48.4768,48.4768,31
29218,ok,48.0335,48.0335,34
29219,ok,27.5672,27.5672,15
2922,ok,26.8893,26.8893,36
29220,ok,29.2161,29.2161,25
29221,ok,20.9260,20.9260,30
29222,ok,44.4578,44.4578,26
29223,ok,47.1819,47.1819,28
29224,ok,44.8024,44.8024,20
29226,ok,44.5832,44.5832,20
29227,ok,44.3291,44.3291,24
29228,ok,42.3620,42.0460,29
2923,ok,204.7217,41.8703,16
29230,ok,34.9146,34.9146,18
29231,ok,41.3637,41.3637,29
29232,ok,36.3225,36.3225,20
29233,ok,37.2969,37.2969,11
29235,ok,41.9204,41.9204,41
29236,ok,48.8967,48.8967,25
29237,ok,45.7996,45.7996,44
29238,ok,39.7840,39.7840,20
29239,ok,46.1576,46.1576,28
2924,ok,36.2267,36.2267,22
29240,ok,16.3575,16.3575,21
29241,ok,45.2796,45.2796,18
29242,ok,49.7472,49.7472,25
29243,ok,39.9404,39.9404,35
29244,ok,48.9531,48.9531,20
29245,ok,48.1901,47.5903,19
29246,ok,23.5776,23.5776,29
29247,ok,33.8428,33.8428,22
29248,ok,34.8683,34.8683,21
29249,ok,46.1170,46.1170,27
2925,ok,47.4641,47.4641,18
29250,ok,12.7234,12.7234,50
29251,ok,48.9149,48.9149,37
29252,ok,42.3729,42.3729,26
29253,ok,21.3227,21.3227,20
29255,ok,42.1734,42.1734,23
29256,ok,44.6318,44.6318,31
29257,ok,49.8214,49.8214,19
29258,ok,21.4767,21.4767,14
29259,ok,28.1831,28.1831,25
2926,ok,49.4953,49.4953,29
29260,ok,48.6771,48.6771,11
29261,ok,46.0666,46.0666,17
29263,ok,43.7148,43.7148,23
29264,ok,40.7450,40.7450,26
29265,ok,25.0371,25.0371,23
29266,ok,49.3633,49.3633,17
29267,ok,41.9824,41.9824,12
29268,ok,44.7747,44.7747,22
29269,ok,46.1206,46.1206,23
2927,ok,49.0797,49.0797,17
29270,ok,16.8275,16.8275,24
29271,ok,36.0927,36.0927,16
29272,ok,34.3935,34.3935,30
29273,ok,39.8955,39.8955,20
29274,ok,46.9371,46.9371,18
29275,ok,45.8805,45.8805,28
29276,ok,44.7418,44.7418,18
29277,ok,36.2038,36.2038,33
29278,ok,34.6856,34.6856,28
29279,ok,35.2815,35.2815,27
2928,ok,27.4065,27.4065,29
29280,ok,40.1783,40.1783,52
29281,ok,46.1888,46.1888,19
29282,ok,38.1328,38.1328,25
29283,ok,29.9541,29.9541,20
29284,ok,40.6923,40.6923,13
29285,ok,43.8709,43.8709,19
29286,ok,54.9285,48.9384,17
29287,ok,46.1942,46.1942,32
29288,ok,47.0853,47.0853,23
29289,ok,34.5123,34.5123,27
2929,ok,32.4763,30.1395,22
29290,ok,48.8079,48.8079,16
29291,ok,47.4625,47.4625,22
29292,ok,55.1875,49.1692,14
29293,ok,40.3375,40.3375,36
29294,ok,46.6649,46.6649,21
29295,ok,16.2991,16.2991,25
29296,ok,44.2354,44.2354,19
29297,ok,48.2447,48.2447,18
29298,ok,37.6472,37.6472,11
29299,ok,40.1887,40.1887,18
293,ok,43.3372,43.3372,24
2930,ok,48.2973,48.2973,16
29301,ok,41.7989,41.7989,15
29302,ok,47.6977,47.6977,26
29303,ok,49.7705,49.7705,34
29304,ok,43.8923,43.8923,14
29305,ok,48.7882,48.7882,18
29306,ok,42.8561,42.8561,17
29307,ok,27.2897,27.2897,25
29308,ok,43.9155,43.9155,27
29309,ok,49.3035,49.3035,11
2931,ok,45.0095,45.0095,32
29310,ok,42.6847,42.6847,28
29311,ok,47.4590,47.4590,16
29312,ok,48.2544,44.8274,41
29313,ok,47.7272,47.7272,27
29314,ok,36.7553,36.7553,12
29315,ok,37.9643,37.9643,19
29316,ok,42.0649,41.7137,22
29317,ok,38.2308,38.2308,24
29318,ok,29.4912,29.4912,42
29319,ok,45.6893,45.6893,37
2932,ok,41.2693,41.2693,31
29320,ok,48.3274,47.4686,10
29321,ok,31.3234,31.3234,24
29322,ok,41.9478,41.9478,30
29323,ok,44.3263,44.3263,33
29324,ok,49.0415,49.0415,40
29325,ok,22.6574,22.6574,35
29326,ok,33.0355,33.0355,51
29327,ok,42.0979,42.0979,24
29328,ok,41.8152,41.8152,27
29329,ok,48.7517,48.7517,23
2933,ok,49.6690,49.6690,29
29331,ok,47.9988,47.9988,31
29332,ok,41.5473,41.5473,18
29333,ok,50.9265,49.0165,15
29334,ok,54.6204,48.5569,19
29335,ok,40.1645,40.1645,19
29336,ok,44.8051,44.8051,27
29337,ok,49.7315,49.7315,29
29338,ok,43.3979,43.3979,15
29339,ok,35.9179,35.9179,16
2934,ok,48.0953,48.0953,25
29340,ok,44.9800,44.9800,27
29341,ok,43.9634,43.9634,31
29342,ok,45.7087,40.7241,12
29343,ok,41.1188,41.1188,18
29344,ok,46.5907,46.5907,24
29345,ok,39.3086,39.3086,14
29347,ok,46.3745,46.3745,15
29348,ok,23.9943,23.9943,26
29349,ok,39.7460,39.7460,15
2935,ok,48.8110,48.8110,20
29350,ok,35.6620,35.6620,18
29351,ok,38.1534,38.1534,26
29352,ok,37.5858,37.5858,41
29353,ok,36.8905,36.8905,18
29354,ok,35.6569,35.6569,21
29355,ok,41.6835,41.6835,30
29356,ok,36.8831,36.8831,20
29357,ok,37.8671,37.8671,21
29359,ok,45.3806,45.3806,13
2936,ok,45.9029,45.9029,18
29360,ok,41.6085,41.6085,17
29361,ok,34.1615,34.1615,27
29362,ok,39.4049,39.4049,20
29363,ok,48.9058,48.9058,27
29364,ok,44.6033,39.7392,26
29365,ok,27.0304,27.0304,36
29366,ok,47.4539,47.4539,24
29367,ok,44.6370,44.6370,22
29368,ok,44.0505,44.0505,22
29369,ok,36.4501,36.4501,25
2937,ok,31.3097,31.3097,30
29370,ok,29.9018,29.9018,17
29371,ok,32.3521,32.3293,34
29372,ok,46.1870,46.1870,26
29373,ok,15.6713,15.6713,26
29374,ok,48.6299,48.6299,20
29375,ok,37.0567,37.0567,37
29376,ok,45.3895,45.3895,13
29377,ok,32.5289,32.5289,25
29378,ok,33.8592,33.8592,19
29379,ok,48.9973,48.9973,31
2938,ok,37.2990,37.2990,23
29380,ok,29.4279,29.4279,16
29381,ok,49.7885,49.7885,18
29382,ok,34.1737,34.1737,27
29383,ok,46.4895,46.4895,22
29384,ok,42.3428,42.3428,22
29385,ok,30.9113,29.6067,19
29386,ok,44.2239,44.2239,16
29387,ok,44.1672,44.1672,32
29388,ok,45.0429,45.0429,42
29389,ok,47.8908,47.8908,12
2939,ok,49.9068,49.9068,42
29390,ok,41.9553,41.9553,24
29391,ok,43.0543,43.0543,42
29392,ok,39.2131,39.2131,23
29393,ok,44.1752,44.1752,19
29394,ok,49.4092,49.4092,16
29395,ok,36.0042,35.8126,16
29396,ok,25.7988,25.7988,13
29397,ok,41.7024,41.7024,21
29398,ok,46.4581,46.4581,13
29399,ok,46.7077,46.7077,14
294,ok,47.2385,47.2385,14
2940,ok,40.0330,40.0330,26
29400,ok,34.5793,34.5793,29
29401,ok,43.6362,43.6362,30
29402,ok,32.1231,32.1231,28
29403,ok,37.8726,37.8726,31
29404,ok,46.6303,46.6303,33
29405,ok,46.7382,46.7382,28
29406,ok,34.2253,34.2253,33
29407,ok,41.8527,41.8527,11
29408,ok,45.5924,45.5924,16
29409,ok,42.2623,42.2623,25
2941,ok,47.8766,42.6556,21
29410,ok,36.6207,36.6207,17
29411,ok,31.2619,31.2619,16
29412,ok,48.9272,48.9272,41
29413,ok,31.0582,31.0582,26
29414,ok,49.8795,49.8795,9
29415,ok,48.4598,48.4598,37
29416,ok,45.5829,45.5829,34
29417,ok,42.2013,42.2013,14
29418,ok,40.1201,40.1201,15
2942,ok,45.8754,45.8754,21
29420,ok,27.5068,27.5068,18
29421,ok,49.0935,49.0935,24
29422,ok,34.6889,34.6889,33
29423,ok,45.2589,45.2589,15
29424,ok,31.7172,31.7172,28
29425,ok,54.5730,48.6217,17
29426,ok,43.6915,43.6915,17
29427,ok,45.3186,45.3186,24
29428,ok,30.0601,30.0601,24
29429,ok,30.0209,30.0209,23
2943,ok,40.1137,38.6780,14
29430,ok,43.6334,42.4422,28
29431,ok,33.5577,33.5577,31
29432,ok,31.2821,31.2821,23
29433,ok,49.8857,49.8857,21
29434,ok,36.3495,36.3495,13
29435,ok,40.9421,40.9421,31
29436,ok,39.0272,39.0272,15
29437,ok,33.8362,33.8362,18
29438,ok,45.8813,45.8813,17
29439,ok,46.5131,46.5131,14
2944,ok,27.5795,27.5795,23
29440,ok,50.0619,49.2681,31
29441,ok,39.0261,39.0261,30
29442,ok,48.7809,48.7809,27
29443,ok,49.4258,49.4258,15
29445,ok,39.1378,39.1378,31
29446,ok,43.9972,43.9972,30
29447,ok,33.1563,33.1563,24
29448,ok,41.7723,41.7723,22
29449,ok,36.6932,36.6932,20
29450,ok,40.4254,40.4254,36
29451,ok,44.5806,44.5806,26
29452,ok,29.9173,29.9173,34
29453,ok,33.0790,33.0790,29
29454,ok,42.3812,42.3812,18
29455,ok,25.9502,25.9502,31
29456,ok,47.0678,41.9350,19
29457,ok,47.5078,47.5078,21
29458,ok,44.0216,44.0216,30
29459,ok,35.3151,35.3151,47
2946,ok,41.9625,40.3514,12
29460,ok,30.9213,30.9213,28
29461,ok,48.3057,48.3057,39
29462,ok,24.5503,24.5503,25
29463,ok,36.7635,36.7635,14
29464,ok,33.1479,33.1479,38
29465,ok,44.0090,44.0090,18
29466,ok,40.0438,40.0438,17
29467,ok,44.3770,44.3770,11
29468,ok,24.3129,24.3129,40
29469,ok,33.9238,33.9238,10
2947,ok,28.0512,28.0512,23
29470,ok,23.8044,23.8044,19
29471,ok,33.9943,33.9943,26
29472,ok,46.0224,46.0224,24
29473,ok,47.2850,47.2850,17
29474,ok,32.5248,32.5248,9
29475,ok,38.7067,38.7067,34
29476,ok,36.5011,36.5011,19
29477,ok,42.8733,42.8733,20
29478,ok,33.0681,33.0681,20
29479,ok,38.6338,38.6338,25
2948,ok,44.5538,44.5538,22
29480,ok,36.5663,36.5663,28
29481,ok,47.2737,47.2737,18
29482,ok,49.2977,49.2977,28
29483,ok,48.1833,48.1833,29
29484,ok,22.6089,22.6089,31
29485,ok,44.3010,44.3010,13
29486,ok,33.0294,33.0294,37
29487,ok,41.4683,41.4683,23
29488,ok,48.6255,48.6255,29
29489,ok,26.4214,26.4214,14
2949,ok,46.8610,46.8610,33
29490,ok,18.5700,18.5700,20
29491,ok,47.7620,47.7620,21
29492,ok,38.9798,38.9798,16
29493,ok,48.6099,48.6099,39
29494,ok,48.4362,48.4362,14
29495,ok,41.7097,41.7097,36
29496,ok,35.7116,35.7116,16
29497,ok,30.3766,30.3766,17
29498,ok,36.6703,36.6703,32
29499,ok,40.1772,40.1772,9
295,ok,29.0069,29.0069,22
2950,ok,42.5521,42.5521,27
29500,ok,44.8771,44.8771,16
29501,ok,26.4785,26.4785,25
29502,ok,21.3564,21.3564,15
29503,ok,38.3596,38.3596,32
29504,ok,35.3271,35.3271,16
29505,ok,44.6792,44.4456,10
29506,ok,49.5698,49.5698,24
29507,ok,48.7641,48.7641,20
29508,ok,19.5644,19.0314,15
29509,ok,44.2073,44.2073,40
2951,ok,42.5118,42.5118,26
29510,ok,46.2555,46.2555,38
29511,ok,48.4179,48.4179,19
29512,ok,36.1243,36.1243,28
29513,ok,44.3240,44.3240,23
29514,ok,42.9671,42.9671,29
29515,ok,33.8228,33.8228,21
29516,ok,33.3832,33.3832,16
29517,ok,49.0914,49.0914,45
29518,ok,33.7243,33.7243,15
29519,ok,37.2832,37.2832,16
2952,ok,22.0395,22.0395,25
29520,ok,45.6498,45.6498,14
29521,ok,44.1400,44.1400,24
29522,ok,46.6305,46.6305,23
29523,ok,49.8723,49.8723,17
29524,ok,49.3922,49.3922,41
29525,ok,47.4708,47.4708,32
29526,ok,48.6829,48.6829,15
29527,ok,40.8794,40.8794,19
29528,ok,27.9282,27.9282,29
29529,ok,45.2164,45.2164,21
2953,ok,42.0636,42.0636,16
29530,ok,39.4570,39.4570,23
29531,ok,38.7367,38.7367,18
29532,ok,19.2691,19.2691,15
29533,ok,47.7451,47.7451,40
29534,ok,48.5161,48.5161,37
29535,ok,41.5745,41.5745,36
29536,ok,43.9228,43.9228,26
29537,ok,36.4509,36.4509,15
29538,ok,45.7575,45.7575,32
29539,ok,44.4257,44.4257,15
2954,ok,34.9260,34.9260,29
29540,ok,49.7736,49.7736,26
29541,ok,41.6103,41.6103,28
29542,ok,40.7455,40.7455,26
29543,ok,34.5008,34.5008,17
29544,ok,49.2891,49.2891,27
29545,ok,32.1400,32.1400,30
29546,ok,44.6958,44.6958,20
29547,ok,47.9188,47.9188,23
29548,ok,41.8815,41.8815,10
29549,ok,37.0825,37.0825,40
2955,ok,51.8888,49.5720,29
29550,ok,37.9499,37.9499,23
29551,ok,42.6626,42.6626,15
29552,ok,36.5112,36.5112,24
29553,ok,44.3177,44.3177,20
29554,ok,48.9314,48.9314,22
29555,ok,30.8791,30.8791,32
29556,ok,43.7141,43.7141,40
29557,ok,39.8942,39.1678,21
29558,ok,48.4985,48.4985,24
29559,ok,37.1713,37.1713,26
2956,ok,45.5601,45.5601,35
29560,ok,28.7623,28.7623,32
29561,ok,23.0928,23.0928,18
29562,ok,49.6971,49.6971,28
29564,ok,45.3165,45.3165,13
29565,ok,43.7597,43.7597,18
29566,ok,47.3220,47.3220,11
29567,ok,47.3862,47.3862,14
29568,ok,51.1701,49.7575,17
29569,ok,44.8855,44.8855,31
2957,ok,37.9832,37.9832,18
29570,ok,46.3701,46.3701,23
29571,ok,28.4646,28.4646,26
29572,ok,48.7471,48.7471,47
29573,ok,48.2532,48.2532,19
29574,ok,25.1554,25.1554,23
29575,ok,42.1018,42.1018,18
29576,ok,22.2623,22.2623,47
29577,ok,36.3685,36.3685,17
29579,ok,34.3648,34.3648,26
2958,ok,49.6282,49.6282,27
29580,ok,28.2292,28.2292,18
29581,ok,38.3765,37.7887,34
29582,ok,39.0939,39.0939,16
29583,ok,18.7166,18.7166,35
29584,ok,45.0051,45.0051,20
29585,ok,38.4711,38.4711,19
29586,ok,30.7764,30.7764,27
29587,ok,44.2546,44.2546,26
29588,ok,45.2030,45.2030,27
29589,ok,48.9042,48.9042,20
2959,ok,47.9019,47.9019,27
29590,ok,45.0996,45.0996,20
29591,ok,40.1322,39.8648,29
29592,ok,34.4979,34.4979,16
29593,ok,45.6689,45.6689,23
29594,ok,43.1645,43.1645,32
29595,ok,36.9318,36.9318,26
29596,ok,46.4605,46.4605,22
29597,ok,46.8817,46.8817,17
29598,ok,49.9267,49.9267,30
29599,ok,46.6766,46.6766,24
296,ok,49.0317,49.0317,26
2960,ok,48.6594,45.9965,13
29600,ok,47.0102,47.0102,15
29601,ok,33.1004,33.1004,26
29602,ok,40.8689,40.8688,10
29603,ok,45.2227,45.2227,17
29604,ok,45.9473,45.9473,10
29605,ok,46.2187,46.2187,19
29606,ok,37.9081,37.4307,22
29607,ok,49.8281,49.8281,9
29608,ok,48.9610,48.9610,13
29609,ok,46.7087,46.7087,43
2961,ok,26.7749,26.7749,16
29610,ok,38.6759,38.6759,11
29611,ok,38.2336,38.2336,32
29612,ok,42.2817,42.2817,23
29613,ok,47.3841,47.3841,14
29614,ok,43.3299,43.3299,20
29615,ok,37.7986,37.7986,17
29616,ok,28.3124,28.3124,20
29617,ok,46.2050,46.2050,22
29618,ok,45.5530,45.5530,19
29619,ok,36.4740,36.4740,18
2962,ok,49.7911,49.7911,19
29620,ok,48.5180,48.5180,14
29621,ok,39.9202,39.9202,8
29622,ok,27.2090,27.2090,32
29623,ok,34.7158,34.7158,17
29624,ok,47.5072,47.5072,29
29625,ok,42.1889,42.1889,29
29626,ok,41.1712,41.1712,13
29627,ok,34.3772,34.3772,31
29628,ok,46.2968,46.2968,20
29629,ok,40.9150,40.9150,35
2963,ok,42.2723,42.2723,22
29630,ok,29.1684,29.1684,18
29631,ok,46.1413,46.1413,20
29632,ok,25.7898,25.7898,16
29633,ok,45.3807,43.9860,18
29634,ok,25.5483,24.9972,23
29635,ok,39.6236,39.6236,23
29636,ok,36.0776,36.0776,22
29637,ok,48.0296,48.0296,15
29638,ok,42.3246,42.3246,27
29639,ok,41.3196,41.3196,31
2964,ok,39.9482,39.9482,17
29640,ok,36.2151,36.2151,21
29641,ok,49.4384,49.1059,15
29642,ok,37.0686,37.0686,25
29643,ok,48.2978,48.2978,23
29644,ok,43.5081,43.5081,12
29645,ok,35.6419,35.6419,32
29646,ok,33.3409,33.3409,15
29647,ok,27.9329,27.9329,27
29648,ok,37.0504,37.0504,21
2965,ok,43.6147,43.0718,26
29650,ok,34.5767,34.5767,32
29651,ok,33.8394,33.8394,34
29652,ok,29.9024,29.9024,18
29653,ok,42.1411,42.1411,29
29654,ok,17.0803,17.0803,14
29655,ok,47.0941,47.0941,24
29656,ok,22.1257,22.0690,23
29657,ok,45.0293,45.0293,11
29658,ok,43.3962,43.3962,24
29659,ok,47.1166,47.1166,25
2966,ok,37.7386,37.7386,26
29660,ok,49.9472,49.9472,36
29661,ok,44.1797,44.1797,18
29662,ok,39.0390,38.3507,22
29663,ok,45.9578,45.9578,23
29664,ok,46.1378,46.1378,21
29665,ok,36.9074,36.9074,14
29666,ok,49.1687,49.1687,17
29667,ok,46.4893,46.4893,23
29668,ok,49.0682,49.0682,28
29669,ok,25.2132,25.2132,24
2967,ok,38.7836,38.7836,23
29670,ok,28.8233,28.8233,17
29671,ok,45.8663,45.8663,49
29672,ok,29.7827,29.7827,29
29673,ok,39.8384,39.8384,25
29674,ok,43.6302,43.6302,21
29675,ok,48.5151,48.5151,23
29676,ok,49.4988,49.4988,27
29677,ok,43.2234,43.2234,16
29678,ok,45.4659,45.4659,33
29679,ok,40.2610,40.2610,24
2968,ok,38.7011,38.7011,10
29680,ok,45.0827,45.0827,21
29681,ok,39.3270,39.3270,27
29682,ok,38.4138,38.4138,31
29683,ok,29.4446,29.4446,29
29684,ok,43.2316,43.2316,19
29685,ok,48.3473,48.3473,28
29686,ok,36.5414,36.5414,18
29687,ok,28.8604,28.8604,25
29689,ok,46.4877,46.4877,20
2969,ok,35.3438,35.3438,18
29691,ok,47.7428,47.7428,18
29692,ok,48.2867,48.2867,13
29693,ok,46.2539,46.2539,23
29694,ok,49.5122,49.5122,20
29695,ok,33.2179,33.2179,29
29696,ok,43.7314,43.7314,25
29697,ok,43.8879,43.8879,20
29698,ok,46.9268,46.9268,13
29699,ok,30.9068,30.9068,27
297,ok,41.2372,41.2372,19
2970,ok,48.5461,48.5461,21
29700,ok,38.3281,38.3281,11
29701,ok,23.8141,23.8141,24
29702,ok,46.8159,46.8159,30
29703,ok,38.7243,38.7243,22
29704,ok,40.6547,40.6547,36
29705,ok,44.4024,44.4024,22
29706,ok,41.1440,41.1440,11
29707,ok,47.5274,47.5274,29
29708,ok,30.9954,30.9954,19
29709,ok,40.7936,40.7936,19
2971,ok,20.8113,20.8113,18
29710,ok,43.1019,43.1019,24
29711,ok,38.5390,38.5390,33
29712,ok,32.5083,32.5083,14
29713,ok,40.2717,40.2717,26
29714,ok,47.3826,47.3826,20
29715,ok,31.0913,31.0913,36
29716,ok,36.5622,36.5622,19
29717,ok,49.0340,49.0340,36
29718,ok,26.8808,26.8808,24
29719,ok,21.5057,21.5057,18
2972,ok,30.5957,30.5957,25
29720,ok,51.2610,48.4266,28
29721,ok,33.6861,33.6861,25
29722,ok,36.5922,36.5922,29
29723,ok,27.1753,26.7676,16
29724,ok,47.5230,47.5230,16
29725,ok,44.7088,44.7088,32
29726,ok,32.7370,32.7370,20
29727,ok,33.3973,33.3973,27
29728,ok,44.9117,44.9117,11
29729,ok,23.6004,23.6004,33
2973,ok,43.6401,43.6401,32
29730,ok,30.1336,30.1336,26
29731,ok,27.3786,27.3786,31
29732,ok,14.1100,14.1100,40
29733,ok,39.8942,35.5437,9
29734,ok,33.7863,33.7863,31
29735,ok,48.9325,48.9325,31
29736,ok,40.4141,40.4141,19
29737,ok,47.7530,47.7530,52
29738,ok,38.7490,38.7490,16
29739,ok,49.2963,49.2963,29
2974,ok,48.1357,48.1357,20
29740,ok,48.3275,48.3275,42
29741,ok,15.7414,15.7414,14
29742,ok,45.0245,45.0245,15
29743,ok,38.9502,38.9502,14
29744,ok,47.4546,47.4546,22
29745,ok,43.9790,43.9790,12
29746,ok,49.2806,49.2806,33
29747,ok,45.1390,45.1390,15
29748,ok,32.0691,32.0691,13
29749,ok,32.1875,32.1875,15
2975,ok,48.3490,48.3490,11
29750,ok,33.7598,33.7598,28
29751,ok,34.8302,33.2517,26
29752,ok,18.0913,18.0913,27
29753,ok,44.1003,44.1003,32
29754,ok,47.1718,47.1718,9
29755,ok,46.5955,46.5955,29
29756,ok,40.5833,40.5833,23
29757,ok,49.0159,49.0159,13
29758,ok,46.8822,46.8822,30
29759,ok,38.8533,38.8533,17
2976,ok,46.3562,46.3562,25
29760,ok,21.6307,21.6307,31
29761,ok,44.3946,44.3946,17
29762,ok,33.2195,33.2195,24
29763,ok,48.3652,48.3652,18
29764,ok,24.2055,24.2055,16
29765,ok,46.9497,46.9497,11
29766,ok,38.0188,38.0188,30
29767,ok,48.5837,48.5837,24
29768,ok,44.9610,44.9610,17
29769,ok,33.2232,33.2232,26
2977,ok,37.2955,37.2955,27
29770,ok,45.9148,45.9148,21
29771,ok,45.4004,45.4004,35
29772,ok,48.0591,45.1650,26
29773,ok,43.7061,43.7061,19
29774,ok,43.3984,43.3984,21
29775,ok,35.6323,35.2466,29
29776,ok,23.1815,22.0218,13
29777,ok,47.7626,42.5540,15
29778,ok,39.7221,39.7221,24
29779,ok,31.4103,31.4103,17
2978,ok,47.5948,47.5948,33
29780,ok,41.1305,41.1305,26
29781,ok,29.5424,29.5424,25
29782,ok,23.4029,23.4029,13
29783,ok,45.8527,45.8527,24
29785,ok,23.3917,23.3917,19
29786,ok,34.8896,34.8896,13
29787,ok,44.2787,44.2787,15
29788,ok,48.2272,48.2272,16
29789,ok,33.1732,33.1732,17
2979,ok,32.0252,32.0252,23
29790,ok,47.6350,47.6350,22
29791,ok,39.7345,39.0121,31
29792,ok,40.7108,40.7108,24
29793,ok,49.4931,46.1787,34
29794,ok,37.4465,37.4465,9
29795,ok,47.5702,47.5702,38
29796,ok,41.9246,41.9246,26
29797,ok,47.0014,47.0014,34
29798,ok,43.5699,43.5699,21
29799,ok,38.5216,38.5216,24
298,ok,27.2504,27.2504,25
2980,ok,37.5989,37.5989,22
29800,ok,44.3253,44.3253,17
29801,ok,48.5614,48.5614,22
29802,ok,47.9406,47.9406,38
29803,ok,34.2598,34.2598,19
29804,ok,28.4066,28.4066,13
29805,ok,29.1999,29.1999,15
29806,ok,48.2156,48.2156,27
29807,ok,27.7170,27.7170,12
29808,ok,39.1489,39.1489,13
29809,ok,45.4993,45.4993,27
2981,ok,33.2292,33.2292,28
29810,ok,46.3677,46.3677,36
29811,ok,49.0007,49.0007,15
29812,ok,36.5955,36.5955,25
29813,ok,44.1257,44.1257,25
29814,ok,35.8050,35.8050,25
29815,ok,41.2723,41.2723,19
29816,ok,43.7067,43.7067,16
29817,ok,42.6655,42.6655,32
29818,ok,48.2271,48.2271,29
29819,ok,39.8425,39.8425,15
2982,ok,49.6321,49.6321,21
29820,ok,44.9475,44.9475,45
29821,ok,48.2919,48.2919,30
29822,ok,27.4115,27.4115,14
29823,ok,35.3544,35.3544,32
29824,ok,37.1011,37.1011,26
29825,ok,46.0392,46.0392,18
29826,ok,44.4482,44.4482,13
29827,ok,34.6433,34.6433,25
29828,ok,38.4875,38.4875,15
29829,ok,40.9802,40.5063,29
2983,ok,22.7854,22.7854,12
29830,ok,33.3283,33.3283,18
29831,ok,38.1344,37.6923,18
29832,ok,39.7151,39.7151,20
29833,ok,45.4083,45.4083,30
29834,ok,49.9652,49.9652,21
29835,ok,41.0927,41.0927,28
29836,ok,28.7966,28.7966,35
29837,ok,39.7495,39.0492,33
29838,ok,38.5652,38.5652,18
2984,ok,39.7054,39.7054,17
29840,ok,31.6720,31.6720,24
29841,ok,42.8046,42.8046,16
29842,ok,35.8968,35.8968,17
29843,ok,43.6062,43.6062,13
29844,ok,36.1913,36.1913,21
29845,ok,48.2932,48.2932,26
29846,ok,36.9000,36.9000,31
29847,ok,52.8019,49.7335,20
29848,ok,43.1336,43.1336,18
29849,ok,25.6757,25.6757,29
2985,ok,14.0811,14.0811,16
29850,ok,39.0153,39.0153,36
29851,ok,46.7961,46.7961,20
29852,ok,43.8096,43.8096,31
29853,ok,48.9830,48.9830,14
29854,ok,37.4093,37.4093,27
29855,ok,48.6982,48.6982,15
29856,ok,39.5518,39.5518,35
29857,ok,45.3897,45.3897,12
29858,ok,46.1447,46.1447,21
29859,ok,36.1372,36.1372,25
2986,ok,47.7763,47.7763,25
29860,ok,37.0912,37.0912,10
29861,ok,45.6359,45.6359,30
29862,ok,36.6188,33.7040,21
29863,ok,45.7380,45.7380,36
29864,ok,28.8581,28.8581,47
29865,ok,47.6901,47.6901,31
29866,ok,36.2350,36.2350,14
29867,ok,39.4767,39.4767,15
29868,ok,41.4100,41.4100,19
29869,ok,42.3057,42.3057,47
2987,ok,38.5007,38.5007,21
29870,ok,44.9454,44.9454,12
29871,ok,33.6570,33.6570,35
29872,ok,27.5759,27.5759,23
29873,ok,49.7917,49.7917,24
29874,ok,26.7006,26.7006,18
29875,ok,33.5169,33.5169,34
29876,ok,37.0299,37.0299,20
29877,ok,49.7863,49.7863,11
29878,ok,32.2308,32.2308,32
29879,ok,48.0952,48.0952,11
2988,ok,46.4882,46.4882,23
29880,ok,38.1146,38.1146,24
29881,ok,44.7609,44.7609,21
29882,ok,34.5633,34.5633,23
29883,ok,32.8223,32.8223,19
29884,ok,45.0129,45.0129,25
29885,ok,25.9990,25.9990,34
29886,ok,41.5143,41.5143,36
29887,ok,48.0048,48.0048,16
29888,ok,46.3621,46.2271,19
29889,ok,42.0286,42.0286,41
2989,ok,49.0187,49.0187,14
29890,ok,44.8898,44.8898,36
29891,ok,48.9794,48.9794,29
29892,ok,17.7978,17.1047,44
29895,ok,47.0735,47.0735,22
29896,ok,44.5980,44.5980,24
29897,ok,33.8843,33.8843,15
29898,ok,48.5687,48.5687,28
29899,ok,39.9787,39.9787,24
299,ok,49.6722,49.6722,28
2990,ok,31.0829,31.0829,32
29900,ok,43.5976,43.5976,25
29901,ok,36.8909,36.8909,30
29902,ok,32.0218,32.0218,30
29904,ok,35.3133,35.3133,26
29905,ok,45.1116,45.1116,16
29906,ok,26.7809,26.7809,25
29907,ok,42.3703,42.3703,15
29908,ok,40.2873,40.2873,23
29909,ok,35.1474,35.1474,24
2991,ok,44.9103,44.9103,28
29910,ok,28.9703,28.9703,11
29911,ok,41.5760,41.5760,31
29912,ok,33.1316,33.1316,28
29913,ok,48.5211,48.5211,26
29914,ok,19.8568,19.8568,16
29915,ok,39.5401,39.5401,19
29916,ok,44.1292,44.1292,17
29917,ok,43.0170,43.0170,25
29918,ok,38.4144,38.4144,15
29919,ok,33.3173,33.3173,12
2992,ok,26.5301,26.5301,29
29920,ok,47.8790,47.8790,17
29921,ok,30.3588,30.3588,14
29922,ok,33.3017,33.3017,29
29923,ok,38.6515,38.6515,39
29924,ok,49.1430,49.1430,32
29925,ok,42.8793,42.8793,35
29926,ok,30.8699,30.8699,15
29927,ok,48.2546,48.2546,11
29928,ok,45.2195,45.2195,26
29929,ok,49.5034,49.1204,34
2993,ok,47.3431,47.3431,13
29930,ok,48.5796,48.5796,35
29931,ok,45.1000,45.1000,13
29932,ok,36.3331,32.3709,10
29933,ok,46.9666,46.9666,26
29934,ok,49.8036,49.8036,31
29935,ok,49.7425,49.7425,23
29936,ok,29.4044,29.4044,21
29937,ok,28.4536,28.4536,21
29938,ok,44.8097,44.8097,32
29939,ok,34.5067,34.5067,28
2994,ok,36.0270,36.0270,18
29940,ok,40.2693,40.2693,20
29941,ok,44.9289,44.9289,23
29942,ok,41.4296,41.4296,20
29943,ok,48.5982,48.5982,31
29944,ok,32.8686,32.8686,17
29945,ok,36.2072,32.2587,18
29946,ok,41.0364,41.0364,23
29947,ok,25.5150,25.5150,33
29948,ok,44.7854,44.7854,15
29949,ok,29.1636,29.1636,15
2995,ok,46.2831,46.2831,19
29950,ok,18.4319,18.4319,27
29951,ok,34.8353,34.8353,15
29952,ok,41.9091,41.9091,16
29953,ok,31.6368,31.6368,18
29954,ok,31.9005,31.9005,35
29955,ok,44.5945,39.7313,13
29956,ok,40.2657,40.2657,16
29957,ok,44.3386,44.3386,12
29958,ok,44.9894,43.7181,35
29959,ok,47.0799,47.0799,19
2996,ok,41.7954,41.7954,21
29960,ok,42.9519,42.9519,21
29961,ok,44.2147,43.9612,14
29962,ok,18.2018,18.2018,26
29963,ok,69.4638,48.6849,29
29964,ok,48.5222,48.5222,15
29965,ok,40.9931,40.9931,44
29966,ok,46.6602,46.6602,19
29967,ok,21.4505,21.4505,29
29968,ok,40.8443,40.8443,26
29969,ok,41.5444,41.5444,12
2997,ok,41.9669,41.9669,10
29970,ok,45.5929,45.5929,11
29971,ok,43.4274,43.4274,16
29972,ok,48.0368,48.0368,19
29973,ok,36.4247,36.4247,21
29974,ok,47.1315,47.1315,15
29975,ok,43.9858,43.9858,24
29976,ok,22.5327,22.5327,21
29977,ok,48.0230,48.0230,16
29978,ok,18.9691,18.9691,17
29979,ok,40.6096,40.6096,16
2998,ok,45.5286,45.5286,24
29980,ok,48.6888,48.6888,14
29981,ok,33.8378,33.8378,14
29982,ok,28.9857,28.9856,31
29983,ok,48.1253,48.1253,21
29984,ok,31.7964,31.7964,17
29985,ok,47.2461,47.2461,19
29986,ok,24.5109,24.5109,24
29987,ok,26.0829,26.0829,21
29988,ok,33.3230,33.3230,16
29989,ok,40.6440,40.6440,16
2999,ok,43.8357,43.8357,25
29990,ok,38.4684,38.4684,17
29991,ok,39.5307,39.5307,13
29992,ok,34.5555,34.5555,18
29993,ok,25.2138,25.2138,35
29994,ok,47.0323,47.0323,31
29995,ok,36.8631,36.8631,32
29996,ok,25.3091,25.3091,28
29997,ok,49.2515,49.2515,16
29998,ok,21.2890,21.2890,15
29999,ok,46.3359,46.3359,14
3,ok,31.2722,31.2722,32
30,ok,30.9593,30.9593,18
300,ok,43.5845,43.5845,15
3000,ok,41.4714,41.4714,13
3001,ok,46.5864,46.5864,29
3002,ok,42.3577,42.3577,23
3003,ok,35.1091,35.1091,23
3004,ok,48.7699,48.7699,27
3005,ok,28.7950,28.7950,11
3006,ok,34.6477,34.6477,27
3007,ok,30.5665,30.5665,24
3008,ok,48.8540,48.8540,16
3009,ok,48.6032,48.6032,32
301,ok,39.7013,39.7013,38
3010,ok,26.7578,26.7578,18
3011,ok,40.0155,40.0155,16
3012,ok,44.8167,44.6260,21
3013,ok,49.5103,49.5103,18
3014,ok,43.3333,43.3333,42
3015,ok,48.1054,48.1054,24
3016,ok,32.1177,32.1177,21
3017,ok,31.8061,31.8061,19
3018,ok,16.2083,16.2083,15
3019,ok,39.0161,39.0161,11
302,ok,39.2729,39.2729,28
3020,ok,48.8244,48.8244,29
3021,ok,28.9233,28.3624,32
3022,ok,35.1726,35.1726,26
3023,ok,43.2105,43.2105,13
3024,ok,42.9827,42.6716,33
3025,ok,40.9258,40.9258,23
3026,ok,45.9250,45.9250,33
3027,ok,44.6766,44.6766,23
3028,ok,44.0403,44.0403,30
3029,ok,37.7499,37.7499,25
303,ok,48.8767,48.8767,18
3030,ok,54.2304,49.0233,27
3031,ok,47.7778,47.7778,22
3032,ok,31.4177,31.4177,17
3033,ok,46.7714,46.7714,35
3034,ok,46.7890,46.7890,30
3035,ok,44.5678,44.5678,33
3036,ok,49.1742,49.1742,16
3037,ok,33.0313,29.4292,14
3038,ok,47.7338,47.7338,36
3039,ok,47.5899,47.5899,31
304,ok,42.6942,42.6942,13
3040,ok,39.8788,38.7943,21
3041,ok,38.5572,38.5572,14
3042,ok,34.5377,34.5377,20
3043,ok,33.3286,33.3286,22
3044,ok,48.8352,48.8352,17
3045,ok,31.4272,31.4272,17
3046,ok,40.9315,40.9315,15
3047,ok,49.5121,49.5121,20
3048,ok,45.6927,45.6927,20
3049,ok,38.4954,38.4954,15
305,ok,41.3445,36.8358,18
3050,ok,33.6311,33.6311,19
3051,ok,45.2589,45.2589,13
3052,ok,45.5385,44.5825,18
3053,ok,46.1947,46.1947,25
3054,ok,49.4383,36.3546,20
3055,ok,48.9753,48.9753,29
3056,ok,32.6011,32.6011,13
3057,ok,30.0456,30.0456,35
3058,ok,49.5381,49.5381,21
3059,ok,39.7651,37.8279,24
306,ok,45.0254,45.0254,14
3060,ok,43.9026,43.9026,20
3061,ok,34.3692,34.3692,37
3062,ok,34.4666,34.4666,16
3063,ok,47.1864,47.1864,16
3064,ok,30.3139,30.3139,28
3065,ok,41.8132,41.3938,23
3066,ok,34.6592,34.6592,28
3067,ok,47.5733,47.5709,16
3068,ok,40.2526,40.2526,18
3069,ok,35.9215,35.9215,14
307,ok,46.2412,46.2119,16
3070,ok,43.1788,43.1788,15
3071,ok,45.6248,45.6248,27
3072,ok,30.4709,30.4709,21
3073,ok,49.1847,49.1847,9
3074,ok,41.9014,41.9014,36
3075,ok,48.5408,48.5408,14
3076,ok,42.1605,42.1605,23
3077,ok,40.2071,40.2071,18
3078,ok,32.9408,32.4561,20
3079,ok,36.5169,36.5169,20
308,ok,43.0420,43.0420,18
3080,ok,31.4427,31.4427,12
3081,ok,28.2016,28.2016,17
3082,ok,41.7922,41.7922,20
3083,ok,24.0314,24.0314,16
3084,ok,36.4652,36.4652,19
3085,ok,31.4502,28.0205,15
3086,ok,33.3598,33.3598,31
3087,ok,31.5066,31.5066,12
3088,ok,44.5990,44.5990,21
3089,ok,35.9865,35.9865,11
309,ok,19.5978,19.5978,27
3090,ok,41.4794,41.4794,20
3091,ok,44.8123,44.8123,27
3092,ok,28.0724,28.0724,28
3093,ok,31.2956,31.2956,22
3094,ok,44.3814,44.3814,20
3095,ok,48.3007,48.3007,25
3096,ok,19.1544,19.1544,21
3097,ok,46.6614,46.6614,30
3098,ok,47.5323,47.5323,24
3099,ok,45.8467,45.8467,32
31,ok,45.8052,45.8052,48
310,ok,42.0230,42.0230,22
3100,ok,37.1578,37.1578,24
3101,ok,40.6611,40.6611,15
3102,ok,49.5305,49.5305,19
3103,ok,39.6293,39.6293,22
3104,ok,32.9189,32.9189,20
3105,ok,37.8894,37.8894,20
3106,ok,44.1248,44.1248,31
3107,ok,41.2177,41.2177,30
3108,ok,22.0687,22.0687,18
3109,ok,35.5692,35.5692,29
311,ok,45.0808,45.0808,24
3110,ok,45.8294,45.8294,14
3111,ok,45.7463,45.7463,16
3112,ok,33.9267,33.9267,23
3113,ok,48.1969,48.1969,21
3114,ok,49.8404,49.8404,19
3115,ok,40.0838,40.0838,23
3116,ok,43.3895,43.3895,13
3117,ok,22.0299,22.0299,11
3118,ok,43.1611,43.1611,32
3119,ok,14.5361,14.5361,21
312,ok,44.6401,44.6401,22
3120,ok,33.3877,33.3877,13
3121,ok,47.6735,47.6735,16
3122,ok,48.5741,48.5741,15
3123,ok,23.1838,22.5374,32
3124,ok,46.3163,46.3163,21
3125,ok,44.3986,44.3986,19
3126,ok,49.2027,49.2027,21
3127,ok,49.6719,49.6719,36
3128,ok,49.8379,49.8379,15
3129,ok,22.7515,22.7515,25
313,ok,36.4894,36.4894,27
3130,ok,46.1405,46.1405,15
3131,ok,43.7363,43.7363,20
3132,ok,45.0943,45.0943,30
3133,ok,48.2966,48.1423,27
3134,ok,32.3828,30.9373,24
3136,ok,32.2536,32.2536,27
3137,ok,47.9542,47.9542,27
3138,ok,47.1559,47.1559,13
3139,ok,31.5325,31.5325,23
314,ok,35.3940,35.3940,36
3140,ok,35.0969,35.0969,22
3141,ok,47.0990,41.9628,37
3142,ok,29.9460,29.9460,26
3143,ok,43.6376,43.6376,32
3144,ok,33.3212,33.3212,18
3145,ok,37.1435,37.1435,26
3146,ok,49.7138,49.7138,21
3147,ok,26.5716,26.5716,25
3148,ok,39.7386,39.7386,19
3149,ok,41.3980,41.3980,28
315,ok,36.4445,36.4445,28
3150,ok,31.8886,31.8886,33
3151,ok,44.4767,44.4767,20
3152,ok,42.2411,42.2411,10
3153,ok,30.0043,30.0043,16
3154,ok,40.6995,40.6995,27
3155,ok,33.4266,33.4266,16
3156,ok,41.2710,41.2710,29
3157,ok,42.2724,42.2724,14
3158,ok,42.2316,42.2316,29
3159,ok,48.0392,48.0392,18
316,ok,40.5944,40.5944,51
3160,ok,37.3508,37.3508,29
3161,ok,35.4129,35.4129,23
3162,ok,43.8212,43.8212,26
3163,ok,46.8619,46.8619,21
3164,ok,40.4094,40.4094,16
3165,ok,49.2985,49.2985,21
3166,ok,45.7956,45.7956,10
3167,ok,32.0515,32.0515,14
3168,ok,39.3669,39.3669,18
3169,ok,28.4992,28.4992,10
317,ok,44.4861,44.4861,18
3170,ok,44.2408,44.2408,18
3171,ok,25.5276,22.4849,17
3172,ok,48.2764,44.5440,16
3173,ok,48.8034,48.8034,20
3174,ok,44.0919,44.0919,14
3175,ok,49.0453,49.0453,30
3176,ok,35.3134,35.3134,29
3177,ok,44.6288,44.6288,27
3178,ok,43.3818,43.3818,21
3179,ok,43.2630,43.2630,19
318,ok,43.1610,43.1610,30
3180,ok,48.0244,48.0244,22
3181,ok,34.9567,34.9567,19
3182,ok,49.6137,49.6137,23
3183,ok,43.2646,43.2646,26
3184,ok,38.4045,38.4045,20
3185,ok,24.7760,22.0741,21
3186,ok,18.4436,18.4436,19
3187,ok,33.1355,33.1355,34
3188,ok,41.2767,41.2767,29
3189,ok,34.3615,34.3615,24
319,ok,55.0773,49.0710,16
3190,ok,39.9173,39.9173,31
3191,ok,44.1159,44.1159,32
3192,ok,20.1984,20.1984,26
3194,ok,36.9819,36.9819,23
3195,ok,29.7982,29.5824,16
3196,ok,32.7753,32.7753,23
3197,ok,39.7420,39.7420,26
3198,ok,32.4728,32.4728,28
3199,ok,33.6447,33.6447,47
32,ok,44.6238,44.6238,13
320,ok,32.5476,32.5476,30
3200,ok,47.6432,47.5639,25
3201,ok,46.0594,46.0594,16
3202,ok,27.0702,27.0702,39
3203,ok,48.5706,48.5706,31
3204,ok,44.0115,44.0115,31
3205,ok,46.2903,46.2902,10
3206,ok,33.0931,33.0931,17
3207,ok,33.5864,33.5864,30
3208,ok,48.6942,48.6942,21
3209,ok,45.3683,45.3683,13
321,ok,30.6217,30.6217,39
3210,ok,30.6308,30.6308,24
3211,ok,32.0338,32.0338,26
3212,ok,46.5989,46.5989,23
3213,ok,38.7402,38.7402,22
3214,ok,34.3481,34.3481,16
3215,ok,42.8654,42.8654,16
3216,ok,49.3132,49.3132,15
3217,ok,29.2801,29.2801,23
3218,ok,34.0991,34.0991,21
3219,ok,48.9170,48.9170,30
322,ok,40.7825,40.7825,25
3220,ok,42.6024,42.6024,16
3221,ok,46.1078,46.1078,15
3222,ok,37.6510,37.6510,26
3224,ok,40.5020,40.5020,35
3225,ok,20.0906,20.0906,11
3226,ok,35.2351,35.2351,18
3227,ok,46.6151,46.6151,23
3228,ok,20.7987,20.7987,24
3229,ok,48.5458,48.5458,29
323,ok,46.1877,46.1877,34
3230,ok,49.5118,49.5118,28
3231,ok,48.7061,48.7061,43
3232,ok,42.4149,42.4149,18
3233,ok,44.5506,44.5506,24
3234,ok,45.0601,45.0601,31
3235,ok,47.6097,47.6097,28
3236,ok,27.1618,27.1618,42
3237,ok,36.9433,36.9433,14
3238,ok,42.5970,42.5970,13
3239,ok,40.3168,38.3548,16
324,ok,37.0305,37.0305,46
3240,ok,44.5546,44.5546,18
3241,ok,42.1383,42.1383,22
3242,ok,46.5187,46.5187,30
3243,ok,42.4407,42.4407,19
3244,ok,41.6727,41.6727,32
3245,ok,39.2457,39.2457,40
3246,ok,19.1235,19.1235,22
3247,ok,41.4417,41.4417,37
3248,ok,41.9355,41.7774,24
3249,ok,46.6791,46.6791,28
325,ok,33.6894,33.6894,17
3250,ok,39.6180,39.6180,19
3251,ok,22.4155,22.4155,25
3252,ok,27.1637,27.1637,9
3253,ok,34.5219,34.5219,27
3255,ok,49.8247,49.8247,19
3256,ok,44.6296,44.6296,31
3257,ok,41.4584,41.4584,33
3258,ok,43.1962,43.1962,34
3259,ok,28.4845,28.4845,21
326,ok,48.7761,48.7761,19
3260,ok,45.6990,45.6990,34
3261,ok,31.2244,27.8193,16
3262,ok,41.3186,41.3186,27
3263,ok,49.8199,49.8199,14
3264,ok,46.7817,46.7817,15
3265,ok,43.3572,43.3572,12
3266,ok,37.8931,37.8931,46
3267,ok,45.6074,45.6074,30
3268,ok,40.6384,40.6384,22
3269,ok,46.5574,46.5574,22
327,ok,40.6077,40.6077,23
3270,ok,41.6779,41.6779,17
3271,ok,47.5118,47.5118,23
3272,ok,23.2683,23.2683,31
3273,ok,44.0517,44.0517,19
3274,ok,27.5926,27.5926,21
3275,ok,43.2271,43.2271,18
3276,ok,46.7836,46.7836,18
3277,ok,44.4882,44.4882,22
3278,ok,26.4159,26.4159,29
3279,ok,30.3465,30.3465,41
328,ok,39.9682,39.1537,23
3280,ok,47.1175,47.1175,22
3281,ok,47.2448,47.2448,16
3282,ok,34.8923,34.8923,23
3283,ok,43.2225,43.2225,16
3284,ok,33.4315,33.4315,15
3285,ok,40.5784,40.5784,31
3286,ok,44.2367,44.2367,21
3287,ok,49.0443,49.0443,21
3288,ok,33.2320,33.2320,26
3289,ok,34.3489,34.3489,14
329,ok,34.9221,34.9221,19
3290,ok,22.4671,22.4671,30
3291,ok,40.0904,40.0904,28
3292,ok,41.4509,41.4509,31
3293,ok,40.6518,40.6518,36
3294,ok,48.7874,48.7874,30
3295,ok,35.1498,35.1498,15
3296,ok,48.2154,48.2154,30
3297,ok,36.5211,36.5211,22
3298,ok,34.5571,34.5571,23
3299,ok,34.4385,34.4385,27
33,ok,43.0151,43.0151,21
3300,ok,17.2626,17.2626,19
3301,ok,33.6073,33.6073,25
3302,ok,33.0549,33.0549,18
3303,ok,33.4973,33.4973,14
3304,ok,25.3307,25.3307,23
3305,ok,25.9917,25.9917,29
3306,ok,26.7929,26.7929,25
3307,ok,29.4924,29.4924,23
3308,ok,40.1802,40.1802,21
3309,ok,39.2766,39.2766,18
331,ok,49.5527,49.5527,28
3310,ok,49.0135,49.0135,21
3311,ok,26.6683,26.6683,27
3312,ok,43.8181,43.8181,17
3313,ok,44.9895,44.9895,32
3314,ok,46.1046,46.1046,16
3315,ok,41.7530,41.7530,19
3316,ok,48.9683,48.9683,27
3317,ok,48.0639,48.0639,15
3318,ok,33.5685,33.5685,42
3319,ok,46.9639,46.9639,37
332,ok,30.5621,30.5621,17
3320,ok,36.6840,32.6835,13
3321,ok,38.2962,38.2962,32
3322,ok,45.5262,45.5262,15
3324,ok,42.7798,42.7798,31
3325,ok,34.4417,34.4417,25
3326,ok,47.8973,47.8973,26
3327,ok,44.7231,44.7231,28
3328,ok,39.8141,39.8141,18
3329,ok,35.0846,35.0846,22
333,ok,44.1114,44.1114,38
3330,ok,48.9563,48.9563,32
3331,ok,18.0688,18.0688,23
3332,ok,32.7510,32.7510,17
3333,ok,45.8357,45.8357,17
3334,ok,45.9712,45.9712,25
3335,ok,49.8638,47.3772,24
3336,ok,30.5344,29.5066,20
3337,ok,20.0604,20.0604,21
3338,ok,40.9677,40.9552,27
3339,ok,48.0216,48.0216,29
334,ok,39.4708,39.4708,19
3340,ok,42.7114,42.7114,22
3341,ok,46.9545,46.9545,11
3342,ok,28.0055,28.0055,13
3343,ok,47.6785,47.6785,16
3344,ok,41.8708,41.8708,39
3345,ok,33.8726,33.8726,20
3346,ok,40.1269,40.1269,30
3347,ok,38.6587,38.6587,21
3348,ok,47.7279,47.7279,21
3349,ok,47.9622,47.9622,16
335,ok,41.6393,41.6393,14
3350,ok,34.5291,34.5291,43
3351,ok,38.5890,38.5890,21
3352,ok,38.4042,38.4042,37
3353,ok,45.2361,45.2361,26
3354,ok,17.9710,17.0101,13
3355,ok,41.2981,41.2981,24
3356,ok,32.1513,32.1513,31
3357,ok,47.5759,47.5759,22
3358,ok,17.6109,17.6109,17
3359,ok,46.2096,46.2096,29
336,ok,49.2343,49.2343,22
3360,ok,46.2348,46.2348,23
3361,ok,42.8239,42.8239,21
3362,ok,43.1995,43.1995,31
3363,ok,42.5800,42.5800,24
3364,ok,49.3588,49.3588,36
3365,ok,44.8252,43.4235,17
3366,ok,37.8971,37.8971,18
3367,ok,40.1395,40.1395,18
3368,ok,38.2433,38.2433,43
3369,ok,49.8116,49.8116,34
337,ok,49.6890,49.6890,25
3370,ok,46.4165,46.2081,25
3371,ok,43.3958,43.3958,31
3372,ok,48.7747,48.7747,24
3373,ok,18.9572,18.9572,11
3374,ok,33.4415,33.4415,20
3375,ok,38.9722,38.9722,27
3376,ok,33.4509,33.4509,26
3377,ok,49.2392,49.2392,24
3378,ok,47.3663,47.3663,31
3379,ok,53.2213,47.4174,29
338,ok,44.3312,44.3312,23
3380,ok,46.3601,46.3601,13
3381,ok,44.1394,44.1394,14
3382,ok,49.1167,49.1167,25
3383,ok,45.9446,45.9446,29
3384,ok,44.1628,44.1628,23
3385,ok,43.5433,43.5433,29
3386,ok,46.1251,46.1251,14
3387,ok,47.3418,47.3418,18
3388,ok,49.9040,49.9040,17
3389,ok,47.5883,47.5883,33
3390,ok,39.6734,39.6734,26
3391,ok,42.4931,42.4931,11
3392,ok,44.6078,44.6078,15
3393,ok,47.2506,47.2506,32
3394,ok,46.4778,46.4778,25
3395,ok,27.4021,27.4021,20
3396,ok,47.8912,47.8912,23
3397,ok,32.7583,32.7583,36
3398,ok,46.8496,46.8496,31
3399,ok,33.2838,33.2838,25
34,ok,35.4282,35.4282,12
340,ok,40.1466,40.1466,24
3400,ok,48.5170,48.5170,15
3401,ok,27.6866,27.6866,21
3402,ok,38.2703,38.2703,17
3403,ok,32.4957,32.4957,31
3404,ok,28.7266,28.7266,13
3405,ok,25.7515,25.7515,21
3406,ok,25.8024,22.1373,28
3407,ok,49.0896,49.0896,23
3408,ok,43.7041,43.7041,26
3409,ok,21.6157,21.6157,16
341,ok,45.9325,45.9325,48
3410,ok,38.7122,38.7122,30
3411,ok,42.1711,42.1711,18
3412,ok,19.8503,19.8503,37
3413,ok,32.7418,32.7418,17
3414,ok,29.7639,29.7639,37
3415,ok,44.2039,44.2039,10
3416,ok,41.4638,41.4638,10
3417,ok,38.8031,38.8031,16
3418,ok,27.3071,27.3071,40
3419,ok,35.8907,35.8907,23
342,ok,45.5828,45.5828,33
3420,ok,47.2847,47.2847,16
3421,ok,47.7431,47.7431,40
3422,ok,37.0808,37.0808,25
3423,ok,46.2307,46.2307,28
3424,ok,35.2082,35.2082,10
3425,ok,48.1886,48.1886,13
3426,ok,36.6266,36.6266,27
3427,ok,41.9596,41.9596,26
3428,ok,46.4479,46.4479,10
3429,ok,17.9884,17.9884,34
343,ok,33.3365,33.3365,21
3430,ok,49.5437,49.5437,17
3431,ok,38.4939,38.4939,26
3432,ok,46.6551,46.6551,23
3433,ok,46.1498,46.1498,25
3434,ok,47.4778,47.4778,18
3435,ok,28.5910,28.5910,28
3436,ok,34.7825,34.7825,19
3437,ok,19.4261,19.4261,15
3438,ok,42.6649,42.6649,19
3439,ok,42.8279,42.8279,34
344,ok,49.8111,49.8111,29
3440,ok,35.3487,35.3487,16
3441,ok,49.6901,49.6901,15
3442,ok,45.9426,45.9426,16
3443,ok,39.0993,39.0993,38
3444,ok,46.0962,46.0962,20
3445,ok,38.1518,38.1518,22
3446,ok,49.5252,49.5252,14
3447,ok,47.1949,47.1948,32
3448,ok,40.8177,40.8177,15
3449,ok,47.9714,47.9714,23
345,ok,32.2222,32.2222,15
3450,ok,31.0803,31.0803,33
3451,ok,41.2834,41.2834,25
3452,ok,49.8066,49.8066,23
3453,ok,34.3571,34.3571,32
3454,ok,46.7854,46.4664,41
3455,ok,49.5916,49.5916,19
3456,ok,35.0365,35.0365,17
3457,ok,47.4132,47.4132,25
3458,ok,19.9102,19.9102,18
3459,ok,42.5515,42.5515,17
346,ok,32.4020,32.4020,20
3460,ok,23.4682,23.4682,22
3461,ok,45.0695,45.0695,30
3462,ok,46.8389,46.8389,21
3463,ok,39.8517,39.8517,9
3464,ok,44.1821,44.1821,12
3465,ok,45.7789,45.7789,17
3466,ok,34.0949,32.6620,21
3467,ok,44.2138,44.2138,23
3468,ok,45.4838,45.4838,15
3469,ok,41.9990,41.9990,16
347,ok,34.7385,34.7385,21
3470,ok,43.5763,43.5763,28
3471,ok,46.1253,46.1253,30
3472,ok,47.2283,47.2283,33
3473,ok,39.5907,39.5907,24
3474,ok,48.8568,48.8568,21
3475,ok,39.6770,39.6770,16
3477,ok,47.1562,47.1562,17
3478,ok,39.1387,39.1387,21
3479,ok,20.7092,20.7092,39
348,ok,49.2061,49.2061,29
3480,ok,45.4435,45.4435,29
3481,ok,47.6809,47.6809,18
3482,ok,33.0344,33.0344,35
3483,ok,40.5777,40.5777,17
3484,ok,47.1577,47.1577,21
3485,ok,32.7847,32.7847,18
3486,ok,36.3648,36.3648,18
3487,ok,48.5323,48.5323,31
3488,ok,22.5110,22.5110,41
3489,ok,43.5551,43.5551,30
349,ok,48.5094,48.5094,21
3490,ok,34.7954,34.7954,30
3491,ok,46.8884,46.8884,19
3492,ok,49.0692,49.0692,38
3493,ok,36.3313,36.3313,26
3494,ok,19.7516,19.7516,27
3495,ok,47.0517,47.0517,23
3496,ok,47.2402,47.2402,19
3497,ok,39.6556,39.6556,37
3498,ok,12.8094,12.7575,22
3499,ok,21.3861,21.3861,31
35,ok,43.0460,43.0460,35
350,ok,15.1413,12.2851,9
3500,ok,44.3238,43.5345,14
3501,ok,48.0413,48.0413,17
3502,ok,29.9403,29.9403,13
3503,ok,39.0059,39.0059,10
3504,ok,46.4539,46.4539,14
3505,ok,32.3493,32.3493,19
3506,ok,49.7513,49.7513,29
3507,ok,44.5855,44.5855,25
3508,ok,37.8714,37.8714,24
3509,ok,35.9742,35.9742,29
351,ok,47.8638,47.8638,13
3510,ok,39.1814,38.9079,20
3511,ok,26.6971,26.6971,18
3512,ok,44.7231,44.7231,21
3513,ok,55.1365,49.1237,40
3514,ok,39.4841,38.6486,34
3515,ok,48.6003,48.6003,31
3516,ok,37.0827,37.0827,32
3517,ok,39.8354,39.8354,28
3518,ok,33.4788,33.4788,20
3519,ok,43.4856,43.4856,36
352,ok,30.2871,30.2871,21
3520,ok,47.2802,47.2802,25
3521,ok,34.6463,34.6463,15
3522,ok,49.4812,49.4812,28
3523,ok,41.8965,41.8965,11
3524,ok,48.9269,48.9269,23
3525,ok,49.6560,49.6560,40
3526,ok,35.6322,35.6322,32
3527,ok,48.5243,48.5243,14
3528,ok,42.9579,42.9579,18
3529,ok,32.7297,32.7297,29
353,ok,43.9563,43.9563,14
3530,ok,46.8972,46.8972,9
3531,ok,40.7840,40.7840,14
3532,ok,47.8317,47.8317,28
3533,ok,48.2254,48.2254,14
3534,ok,39.2283,39.2283,20
3535,ok,47.1730,47.1730,19
3536,ok,44.3038,44.3038,30
3537,ok,45.6098,45.6098,14
3538,ok,48.3991,48.3991,16
3539,ok,48.6445,48.6445,27
354,ok,40.5191,40.5191,15
3540,ok,45.7540,45.7540,18
3541,ok,45.8452,45.8452,14
3542,ok,43.2231,42.7344,27
3543,ok,49.8183,49.8183,18
3544,ok,42.8048,42.8048,23
3545,ok,30.5291,30.5291,15
3546,ok,48.3132,48.3132,22
3547,ok,33.6471,33.6471,27
3548,ok,40.9644,40.9644,20
3549,ok,39.4194,39.4194,19
355,ok,23.8302,23.8302,17
3550,ok,33.8026,33.8026,18
3551,ok,48.6729,48.6729,16
3552,ok,39.3298,39.3298,21
3553,ok,46.0708,46.0708,15
3554,ok,27.6520,27.6520,12
3555,ok,41.1438,41.1438,25
3556,ok,49.4739,49.4739,28
3557,ok,44.6964,44.6964,20
3558,ok,40.7846,40.7846,28
3559,ok,48.1840,48.1840,24
356,ok,49.4154,49.4154,22
3560,ok,39.2995,39.2995,19
3561,ok,41.9849,41.9849,36
3562,ok,38.3280,38.3280,24
3563,ok,27.8525,27.8525,16
3564,ok,42.7958,42.7958,21
3565,ok,39.1025,39.1025,31
3566,ok,49.3517,49.3517,23
3567,ok,41.5004,41.5004,27
3568,ok,41.0154,41.0154,21
3569,ok,38.9848,38.9848,25
357,ok,45.7250,45.7250,40
3570,ok,43.1416,43.1416,27
3571,ok,39.5982,39.5982,13
3572,ok,21.1408,21.1408,16
3573,ok,47.4299,47.4299,24
3574,ok,38.4075,38.4075,36
3575,ok,46.9859,46.9859,21
3576,ok,42.5734,42.5734,20
3577,ok,34.3234,34.3234,21
3578,ok,40.2150,40.2150,18
3579,ok,36.0620,33.7740,18
358,ok,28.7163,28.7163,16
3580,ok,38.4968,38.4968,13
3581,ok,24.8163,24.8163,19
3582,ok,33.6945,33.6945,11
3583,ok,31.4819,31.4819,19
3584,ok,42.2666,42.2666,28
3585,ok,46.7919,46.0925,25
3586,ok,38.0349,38.0349,44
3587,ok,48.0389,48.0389,18
3588,ok,43.4136,43.4136,28
3589,ok,39.6069,39.6069,34
359,ok,41.6674,41.6674,15
3590,ok,49.0662,49.0662,29
3591,ok,23.0081,23.0081,23
3592,ok,35.7697,35.7697,15
3593,ok,34.7215,34.7215,25
3594,ok,25.6455,25.6455,21
3595,ok,48.7994,48.7994,31
3596,ok,39.0007,39.0007,35
3597,ok,30.7698,30.7698,27
3598,ok,45.8152,45.8152,22
3599,ok,38.1097,38.1097,16
36,ok,46.8447,46.8447,17
360,ok,38.5806,38.5806,40
3600,ok,17.4010,17.4010,46
3601,ok,43.1989,43.1989,13
3602,ok,24.5367,24.5367,24
3603,ok,46.0095,46.0095,23
3604,ok,44.3441,44.3441,41
3605,ok,38.1425,38.1425,11
3606,ok,47.5017,47.5017,32
3607,ok,23.4018,23.4018,23
3608,ok,36.4470,36.4470,17
3609,ok,48.3665,48.3665,22
361,ok,49.6001,49.6001,15
3610,ok,49.1141,49.1141,25
3611,ok,46.5359,46.5359,27
3612,ok,40.6643,40.2464,15
3613,ok,46.8954,46.8954,29
3614,ok,38.1255,38.1255,19
3615,ok,45.5070,45.5070,18
3616,ok,34.6614,34.6614,18
3617,ok,41.1964,41.1964,28
3618,ok,47.8702,47.8702,22
3619,ok,47.2663,47.2663,37
362,ok,38.4324,38.4324,30
3620,ok,26.8063,26.8063,23
3621,ok,48.6027,48.6027,23
3622,ok,49.3097,49.3097,32
3623,ok,35.0870,35.0870,22
3624,ok,48.1094,48.1094,46
3625,ok,33.1139,33.1139,30
3626,ok,29.3488,29.3488,21
3627,ok,48.3343,48.3343,16
3628,ok,45.8700,45.8700,26
3629,ok,49.7671,49.7671,32
363,ok,45.1792,45.1792,19
3630,ok,36.2139,36.2139,27
3631,ok,44.2455,44.2455,29
3632,ok,31.2897,31.2897,22
3633,ok,37.0667,37.0667,19
3634,ok,40.0722,37.9485,28
3635,ok,43.8526,43.8526,14
3636,ok,34.6719,34.6719,24
3637,ok,48.2749,48.2749,23
3638,ok,49.7012,49.7012,32
3639,ok,45.8301,45.8301,32
364,ok,35.9628,35.9628,19
3640,ok,42.7637,42.7637,12
3641,ok,42.8942,42.8942,9
3642,ok,45.8491,45.8491,19
3643,ok,46.8922,46.8922,18
3644,ok,49.0280,49.0280,11
3645,ok,31.2118,31.2118,17
3646,ok,47.3396,47.3396,17
3647,ok,44.4640,44.4640,33
3648,ok,34.0379,30.8399,25
3649,ok,25.7291,25.7291,15
365,ok,47.4059,47.4059,29
3650,ok,36.3640,36.3640,17
3651,ok,36.8583,36.8583,27
3652,ok,37.2936,35.5299,21
3653,ok,29.3633,29.3633,31
3654,ok,48.9694,48.9694,15
3655,ok,38.4296,38.4296,30
3656,ok,39.8009,39.2905,16
3657,ok,45.7332,45.7332,31
3658,ok,40.4613,40.4613,23
3659,ok,48.8006,48.8006,25
366,ok,41.2484,41.2484,12
3660,ok,48.7024,48.7024,20
3661,ok,47.3665,45.4819,31
3662,ok,45.6665,45.6665,17
3663,ok,47.3894,47.3894,27
3664,ok,44.9560,44.9560,30
3665,ok,50.5220,46.1830,21
3666,ok,36.7250,36.7250,14
3667,ok,41.2080,41.2080,24
3668,ok,48.0623,48.0623,27
3669,ok,55.7481,49.4637,20
367,ok,38.5904,38.5904,18
3670,ok,30.1555,30.1555,13
3671,ok,43.5511,43.5511,20
3672,ok,23.5306,23.5306,14
3673,ok,43.8527,43.8527,15
3674,ok,44.7467,44.7467,19
3675,ok,46.2874,46.2874,26
3676,ok,33.7776,33.7776,28
3677,ok,45.7140,45.7140,23
3678,ok,48.6993,48.6993,31
3679,ok,29.5180,29.5180,21
368,ok,48.3088,48.3088,18
3680,ok,39.8317,39.8317,23
3681,ok,44.6705,44.6705,12
3682,ok,49.8206,49.8206,15
3683,ok,45.3878,45.3878,34
3684,ok,31.8528,30.7376,26
3685,ok,40.4884,40.4884,21
3686,ok,40.1686,40.1686,36
3687,ok,48.8356,48.8356,10
3688,ok,28.5180,28.5180,20
3689,ok,24.0489,24.0489,31
369,ok,44.6197,44.6197,32
3690,ok,36.6752,36.6752,15
3691,ok,46.6545,46.6545,16
3692,ok,44.7722,44.7722,16
3693,ok,53.6498,47.7992,18
3694,ok,49.6789,49.6789,42
3695,ok,36.8134,36.8134,17
3696,ok,22.4629,22.4629,41
3697,ok,40.2094,40.2094,19
3698,ok,47.8325,47.8325,17
3699,ok,40.9166,40.9166,35
37,ok,49.3671,49.3671,23
370,ok,43.8039,43.8039,26
3700,ok,43.3829,43.3829,19
3701,ok,48.9751,48.9751,16
3702,ok,35.4405,35.4405,61
3703,ok,25.7066,25.7066,14
3704,ok,41.0915,41.0915,23
3705,ok,48.9392,48.9392,16
3706,ok,35.3420,35.3420,15
3707,ok,54.4083,48.4750,12
3708,ok,18.7679,18.7679,19
3709,ok,47.4932,47.4932,14
371,ok,34.4398,34.4398,17
3710,ok,28.9284,28.9284,17
3711,ok,31.0623,31.0623,20
3712,ok,45.5712,45.5712,14
3713,ok,39.2486,39.2486,16
3714,ok,47.9229,47.9229,19
3715,ok,30.2103,29.5132,11
3716,ok,25.0776,25.0776,21
3717,ok,34.4556,34.4556,21
3718,ok,48.1039,48.1039,34
3719,ok,41.7856,41.7856,16
372,ok,36.8459,36.8459,19
3720,ok,43.6166,43.6166,23
3721,ok,35.9853,35.9853,11
3722,ok,34.9029,34.9029,20
3723,ok,40.9451,40.9451,19
3724,ok,48.6673,48.6673,39
3725,ok,46.5353,46.5353,20
3726,ok,39.8331,39.8331,25
3727,ok,44.0241,44.0241,13
3728,ok,35.1396,35.1396,19
3729,ok,32.5255,32.5255,32
373,ok,38.7427,38.7427,20
3730,ok,34.5042,34.5042,24
3731,ok,33.5284,33.5284,24
3732,ok,55.1082,49.0985,15
3733,ok,44.7015,44.7015,14
3734,ok,39.9212,39.9212,31
3735,ok,30.0350,30.0350,14
3736,ok,39.8113,39.8113,20
3737,ok,33.1891,33.1891,19
3738,ok,25.4823,25.4823,29
3739,ok,30.2389,30.2389,31
374,ok,41.5543,41.5543,21
3740,ok,35.7218,35.7218,28
3741,ok,48.5855,48.5855,15
3743,ok,49.4382,49.4382,15
3744,ok,17.2941,17.2941,32
3745,ok,35.0246,35.0246,19
3746,ok,47.3562,47.3562,32
3747,ok,48.8538,48.8538,23
3748,ok,48.4965,48.4965,27
3749,ok,19.5789,19.5789,29
375,ok,33.1684,33.1684,34
3750,ok,15.6919,15.6919,28
3751,ok,49.7973,49.7973,15
3752,ok,39.8861,39.8861,30
3753,ok,47.0277,47.0277,23
3754,ok,42.3088,42.3088,20
3755,ok,43.1773,43.1773,10
3756,ok,30.5793,30.5793,38
3757,ok,42.4131,42.4131,22
3758,ok,42.3701,42.3701,37
3759,ok,38.3994,38.3994,27
376,ok,42.3723,42.3723,22
3760,ok,18.8080,18.8080,47
3761,ok,26.0587,26.0587,12
3762,ok,38.1622,38.1622,20
3763,ok,46.5374,46.5374,14
3764,ok,43.8248,42.8728,16
3765,ok,31.3705,31.3705,13
3766,ok,34.2507,34.2507,16
3767,ok,34.0397,34.0397,13
3768,ok,50.6241,48.7202,24
3769,ok,43.4338,43.4338,25
377,ok,41.6570,41.6570,23
3770,ok,39.1991,39.1991,22
3771,ok,42.8067,42.8067,30
3772,ok,28.6390,28.6390,26
3773,ok,27.7582,27.7582,20
3774,ok,47.1929,47.1929,24
3775,ok,45.5245,45.5245,32
3776,ok,41.8482,41.8482,17
3777,ok,46.8335,46.8335,10
3778,ok,34.9640,34.9640,36
3779,ok,43.5148,43.5148,41
378,ok,31.5627,31.5627,23
3780,ok,37.0001,37.0001,15
3781,ok,32.1127,32.1127,9
3782,ok,45.0062,45.0062,13
3783,ok,44.7649,44.7649,22
3784,ok,30.5460,30.5460,16
3785,ok,49.7509,49.7509,16
3786,ok,47.9513,47.9513,26
3787,ok,28.8581,28.8581,25
3788,ok,42.3375,42.3375,22
3789,ok,49.6458,49.6458,17
379,ok,33.5931,33.5931,15
3790,ok,36.5173,36.5173,27
3791,ok,49.8294,49.8294,27
3793,ok,20.6048,20.6048,25
3794,ok,35.4722,35.4722,19
3795,ok,33.4088,33.4088,16
3796,ok,47.1833,47.1833,33
3797,ok,45.6167,45.6167,28
3798,ok,47.0278,47.0278,27
3799,ok,32.2234,32.2234,20
38,ok,42.0431,42.0431,19
380,ok,30.3851,30.3851,29
3800,ok,46.9853,46.9853,27
3801,ok,48.7044,48.7044,26
3802,ok,43.9210,43.9210,26
3803,ok,46.6436,46.6436,19
3804,ok,28.5801,28.5801,28
3805,ok,49.3490,49.3490,15
3806,ok,49.7775,49.7775,28
3807,ok,49.5711,48.8088,26
3808,ok,43.1224,43.1224,22
3809,ok,40.2076,40.2076,16
381,ok,46.6405,44.8032,22
3810,ok,48.8294,48.8294,20
3811,ok,40.6478,40.6478,16
3812,ok,44.8171,44.8171,28
3813,ok,43.5472,43.5472,30
3814,ok,35.5882,34.5915,32
3815,ok,38.8734,38.8734,33
3816,ok,33.7098,33.7098,26
3817,ok,46.2712,46.2712,8
3818,ok,25.0691,25.0691,16
3819,ok,46.2235,46.2235,14
382,ok,43.7235,43.7235,51
3820,ok,32.1950,32.1950,35
3821,ok,42.1019,42.1019,23
3822,ok,44.8564,44.8564,23
3823,ok,46.7944,46.7944,33
3824,ok,32.4541,32.4541,23
3825,ok,48.0735,48.0735,32
3826,ok,43.8235,43.8235,13
3827,ok,30.8247,30.8247,12
3828,ok,39.0324,39.0324,16
3829,ok,44.2769,44.2769,14
383,ok,47.6406,47.6406,46
3830,ok,39.3290,39.3290,22
3831,ok,36.2050,36.2050,21
3832,ok,40.9339,40.9339,12
3833,ok,36.4138,35.9086,15
3834,ok,29.3441,29.3441,24
3835,ok,49.8678,48.2901,29
3836,ok,20.0540,19.8154,14
3837,ok,40.4561,40.4561,27
3838,ok,15.0486,15.0486,21
3839,ok,48.4796,48.4796,24
384,ok,46.7104,46.7104,15
3840,ok,46.4285,46.4285,19
3841,ok,25.2422,25.2422,14
3842,ok,36.3846,36.3845,13
3843,ok,38.8049,38.8049,20
3844,ok,47.2416,47.2416,22
3845,ok,49.7196,49.7196,35
3846,ok,48.3906,48.3906,48
3847,ok,20.2762,20.2762,16
3848,ok,31.3220,31.3220,26
3849,ok,47.4173,47.4173,13
385,ok,48.4851,48.4851,26
3850,ok,34.8244,34.8244,30
3851,ok,42.5067,42.5067,11
3852,ok,49.0844,49.0844,28
3853,ok,39.7878,39.7878,28
3854,ok,41.5535,41.5535,18
3855,ok,48.2149,48.2149,16
3856,ok,36.8444,36.8444,24
3857,ok,26.2094,26.2094,18
3858,ok,37.4304,37.4304,31
3859,ok,46.8081,46.8081,19
386,ok,51.4598,45.8480,13
3860,ok,49.8617,49.8617,42
3861,ok,39.0067,39.0067,24
3862,ok,46.3837,46.3837,10
3863,ok,38.2402,38.2402,27
3864,ok,36.4149,36.4149,31
3865,ok,39.9077,39.9077,22
3866,ok,43.9840,43.5086,36
3867,ok,46.6168,46.6168,35
3868,ok,40.8303,40.8303,12
3869,ok,44.5163,44.5163,25
387,ok,48.3253,48.3253,21
3870,ok,42.7247,42.7247,48
3871,ok,36.8569,36.8569,11
3872,ok,36.4232,36.4232,51
3873,ok,40.9015,40.9015,17
3874,ok,47.5108,47.5108,34
3875,ok,45.3345,45.3345,28
3876,ok,37.5874,37.5874,35
3877,ok,39.6172,39.6172,19
3878,ok,49.8629,49.8629,24
3879,ok,39.2187,39.2187,32
388,ok,42.8237,42.8237,27
3880,ok,49.9574,49.9574,22
3881,ok,19.2648,19.2648,10
3882,ok,33.1417,33.1417,17
3883,ok,38.5764,38.3054,32
3884,ok,45.1490,45.1490,21
3885,ok,45.2376,45.2376,26
3886,ok,34.7036,34.7036,26
3887,ok,38.1535,38.1535,31
3888,ok,33.4181,33.4181,25
3889,ok,49.2309,49.2309,32
389,ok,33.8637,32.4027,31
3890,ok,44.2909,44.2909,17
3891,ok,35.7289,35.7289,27
3892,ok,46.8880,46.8880,28
3893,ok,30.4894,30.4894,23
3894,ok,39.6884,39.6884,15
3895,ok,34.1111,34.1111,24
3896,ok,39.2823,39.2823,21
3897,ok,39.9282,39.9282,33
3898,ok,45.3853,45.3853,18
3899,ok,40.6846,40.6846,20
39,ok,24.6821,24.6821,17
390,ok,43.2092,43.2092,28
3900,ok,48.3349,48.3349,37
3901,ok,45.7239,45.7239,24
3902,ok,32.4451,32.4451,17
3903,ok,32.7850,32.7850,20
3904,ok,26.3106,26.3106,19
3905,ok,45.7418,45.7418,28
3906,ok,45.7764,45.7764,13
3907,ok,24.7979,24.7979,37
3908,ok,40.2127,40.2127,16
3909,ok,40.6933,40.6933,17
391,ok,47.4110,47.4110,16
3910,ok,45.6595,45.6595,19
3911,ok,30.0132,30.0132,16
3912,ok,47.1222,47.1222,17
3913,ok,45.5082,45.5082,23
3914,ok,49.8654,49.8654,15
3915,ok,37.6938,37.6938,21
3916,ok,25.2637,25.2637,10
3917,ok,51.5231,46.2074,23
3918,ok,30.2425,30.2425,19
3919,ok,47.5574,47.5574,22
392,ok,48.8233,48.8233,35
3920,ok,46.5382,46.5382,29
3921,ok,40.8521,40.8521,28
3922,ok,44.4700,44.4700,13
3923,ok,44.4132,44.4132,30
3924,ok,37.3367,37.3367,17
3925,ok,47.1314,47.1314,16
3926,ok,46.6428,46.6428,27
3927,ok,36.6789,36.6789,17
3928,ok,34.1507,34.1507,31
3929,ok,27.1007,24.1453,10
393,ok,47.4485,47.4485,29
3930,ok,1170.9016,50.5830,35
3931,ok,45.0715,45.0714,23
3932,ok,45.9096,45.9096,31
3933,ok,20.7980,20.7980,24
3934,ok,49.5915,49.5915,13
3935,ok,49.0014,49.0013,17
3936,ok,29.0587,29.0587,21
3937,ok,40.1862,40.1862,22
3938,ok,45.8157,45.8157,20
3939,ok,47.5612,47.5612,18
394,ok,36.1854,36.1854,26
3940,ok,36.2737,36.2737,25
3941,ok,41.5035,41.5035,16
3942,ok,44.4210,44.4209,14
3943,ok,48.5614,48.5614,25
3944,ok,47.2885,47.2885,23
3945,ok,30.5174,30.5174,25
3946,ok,42.7493,42.7493,14
3947,ok,41.5871,41.5871,31
3948,ok,49.0986,43.7443,16
3949,ok,18.6845,18.6845,19
395,ok,32.1283,32.1283,12
3950,ok,45.2594,45.2594,17
3951,ok,28.2598,28.2598,29
3952,ok,41.8156,41.8156,28
3953,ok,28.6913,28.6913,29
3954,ok,40.3531,40.3531,25
3955,ok,38.9763,34.7259,28
3956,ok,34.3935,34.3935,24
3957,ok,31.6363,31.6363,31
3958,ok,45.6277,45.6277,36
3959,ok,48.1019,48.1019,26
396,ok,45.8943,45.8943,24
3960,ok,40.7654,40.7654,21
3961,ok,45.8777,45.8777,21
3962,ok,41.1446,41.1446,26
3963,ok,26.0273,26.0273,32
3964,ok,47.3169,47.3169,35
3965,ok,39.9011,39.9011,29
3966,ok,48.5669,48.5669,25
3967,ok,23.0874,23.0874,21
3968,ok,37.6621,37.6621,13
3969,ok,43.9811,43.9811,24
397,ok,24.6773,24.6773,35
3970,ok,45.2042,45.2042,31
3971,ok,51.4683,45.8556,22
3973,ok,41.5368,41.5368,19
3974,ok,42.8020,42.8020,25
3975,ok,38.8939,38.8939,15
3976,ok,48.1231,48.1231,18
3977,ok,41.2363,41.2363,21
3978,ok,48.0721,48.0721,21
3979,ok,37.2911,37.2911,28
398,ok,48.0761,48.0761,11
3980,ok,34.9147,34.9147,24
3981,ok,22.6239,22.6239,12
3982,ok,41.3592,41.2169,32
3983,ok,34.9836,34.9836,22
3984,ok,35.9031,35.9031,16
3985,ok,47.0642,47.0642,23
3986,ok,42.8063,42.8063,15
3987,ok,21.8387,21.7013,11
3988,ok,49.1905,49.1905,16
3989,ok,46.8723,46.8723,17
399,ok,41.6815,41.6815,25
3991,ok,41.7652,41.7652,17
3992,ok,42.9477,42.9477,21
3993,ok,48.9819,48.9819,24
3994,ok,49.9025,49.9025,36
3995,ok,40.3332,40.3332,30
3996,ok,45.7260,45.7260,15
3997,ok,38.7340,38.7340,22
3998,ok,46.5894,46.5894,18
3999,ok,40.2646,40.2646,23
4,ok,22.5319,22.5319,25
40,ok,29.7074,29.0284,24
400,ok,26.4722,26.4722,23
4000,ok,31.1839,31.1839,29
4001,ok,36.8834,36.8834,13
4002,ok,49.3523,49.3523,34
4003,ok,41.6356,41.6356,19
4004,ok,47.7317,47.7317,9
4005,ok,41.4875,41.4875,25
4006,ok,40.7225,40.7225,19
4007,ok,37.2394,37.2394,20
4008,ok,47.8293,47.8293,14
4009,ok,27.0638,27.0638,25
401,ok,46.5561,46.5561,22
4010,ok,30.2670,30.2670,32
4011,ok,39.2314,39.2314,36
4012,ok,43.7924,43.7924,60
4013,ok,49.0590,49.0590,24
4014,ok,31.5196,31.5196,21
4015,ok,28.6102,28.6102,14
4016,ok,34.2550,34.2550,29
4017,ok,38.6240,38.6240,16
4018,ok,46.0820,46.0820,15
4019,ok,47.6239,47.6239,23
402,ok,46.8180,46.8180,28
4020,ok,39.3096,39.3096,18
4021,ok,39.9116,39.9116,27
4022,ok,37.0568,37.0568,32
4023,ok,37.4874,33.3993,11
4024,ok,43.2250,43.2250,18
4025,ok,41.3940,41.3940,39
4026,ok,40.5629,40.5629,34
4027,ok,47.2740,47.2740,16
4028,ok,42.2407,42.2407,14
4029,ok,44.3512,44.3512,12
403,ok,43.3574,43.3574,20
4030,ok,46.2441,46.2441,23
4031,ok,44.4408,44.4408,15
4032,ok,22.3225,22.3225,19
4033,ok,31.2333,31.2333,33
4034,ok,47.0907,44.0383,11
4035,ok,48.9337,48.9337,18
4036,ok,38.3812,38.3812,23
4037,ok,27.1769,27.1769,17
4038,ok,36.7572,36.7572,12
4039,ok,40.6222,40.6222,22
404,ok,40.6049,40.6049,17
4040,ok,39.6407,39.6407,26
4041,ok,36.4486,36.4486,26
4042,ok,45.7705,45.7705,33
4044,ok,39.8881,39.8881,22
4045,ok,49.4482,49.4482,15
4046,ok,22.9148,22.9148,22
4047,ok,40.4405,40.4405,21
4048,ok,38.6341,38.6341,18
4049,ok,38.6852,38.6852,17
4050,ok,45.3698,45.3698,19
4051,ok,48.9663,48.9663,41
4052,ok,35.3494,33.5416,20
4053,ok,48.0793,47.6734,27
4054,ok,48.2820,48.2820,19
4055,ok,48.2960,48.2960,15
4056,ok,47.5898,47.5898,22
4057,ok,48.4925,48.4925,32
4058,ok,35.3875,35.3875,33
4059,ok,44.2194,44.2194,33
406,ok,15.0416,15.0416,11
4060,ok,45.7192,45.7192,18
4061,ok,30.4739,30.4739,24
4062,ok,41.5928,41.5928,20
4063,ok,35.9898,35.9898,11
4064,ok,42.6885,42.6885,17
4065,ok,45.8182,45.8182,19
4066,ok,49.9788,49.9788,25
4067,ok,49.5508,49.5508,28
4068,ok,31.0092,31.0092,21
4069,ok,34.0255,34.0255,14
407,ok,38.1595,38.1595,22
4070,ok,22.3797,22.3797,8
4071,ok,39.7136,39.7136,11
4072,ok,48.7798,48.7798,30
4073,ok,39.4973,38.2857,17
4074,ok,39.4035,39.4035,28
4075,ok,32.1181,32.1181,32
4076,ok,49.8796,49.8796,30
4077,ok,36.3281,36.3281,18
4078,ok,43.6383,43.6383,38
4079,ok,25.2178,25.2178,22
408,ok,26.9493,26.9493,14
4080,ok,42.7655,42.7655,27
4081,ok,41.5643,41.5643,26
4082,ok,26.0163,26.0163,35
4083,ok,44.4537,44.4537,36
4084,ok,41.1767,41.1767,25
4085,ok,47.3855,47.3855,18
4086,ok,42.5509,42.5509,13
4087,ok,32.4563,32.4563,35
4088,ok,46.2617,46.2617,35
4089,ok,45.1559,45.1559,28
409,ok,44.7191,44.7191,17
4090,ok,48.8786,48.8786,31
4091,ok,40.2740,40.2740,18
4092,ok,49.5789,49.5789,15
4093,ok,79.1064,71.7890,38
4094,ok,48.5025,48.5025,31
4095,ok,49.7255,49.7255,15
4096,ok,45.6415,45.6415,18
4097,ok,49.8771,49.8771,30
4098,ok,42.1023,42.1023,25
4099,ok,30.2729,30.2729,17
41,ok,25.0960,25.0960,20
410,ok,45.9549,45.9549,32
4100,ok,44.0835,44.0835,27
4101,ok,44.7644,44.7644,38
4102,ok,48.7451,48.7451,16
4103,ok,44.8660,44.8660,26
4104,ok,31.8573,31.8573,11
4105,ok,48.4993,44.9494,18
4106,ok,36.2058,36.2058,26
4107,ok,44.5014,44.5014,18
4108,ok,30.4605,30.4605,33
4109,ok,46.3096,46.3096,35
411,ok,31.6581,31.6581,11
4110,ok,44.0908,44.0908,41
4111,ok,41.5790,41.5790,16
4112,ok,43.4158,43.4158,17
4113,ok,37.3109,37.3109,17
4114,ok,38.4834,38.4834,21
4115,ok,49.0213,49.0213,15
4116,ok,26.2403,26.2403,37
4117,ok,33.4891,33.4891,42
4118,ok,42.8515,42.8515,31
4119,ok,48.0300,48.0300,25
412,ok,26.9614,26.9614,15
4120,ok,35.8853,35.8853,19
4121,ok,26.2209,26.2209,21
4122,ok,46.4903,46.4903,31
4123,ok,55.4589,49.4110,20
4124,ok,49.7194,49.7194,25
4125,ok,36.3337,36.3337,25
4126,ok,45.5390,45.5390,34
4127,ok,37.1702,37.1702,34
4128,ok,49.8267,49.8267,25
4129,ok,47.3861,47.3861,31
413,ok,48.0558,48.0558,30
4130,ok,49.5750,49.5750,33
4131,ok,30.7522,30.7522,15
4132,ok,46.6358,46.6358,23
4133,ok,30.9724,30.9724,22
4134,ok,29.3194,29.3194,32
4135,ok,45.4634,43.6687,37
4136,ok,43.9008,43.9008,17
4137,ok,49.0075,49.0075,25
4138,ok,51.3771,48.3246,10
4139,ok,36.2327,36.2327,15
414,ok,40.4647,40.4647,20
4140,ok,42.5558,42.5558,21
4141,ok,41.5772,41.5772,32
4142,ok,38.0235,38.0235,36
4143,ok,36.6090,36.6090,15
4144,ok,48.1379,48.1379,20
4145,ok,42.0540,42.0540,31
4146,ok,35.4750,35.4750,15
4147,ok,47.3287,47.3287,17
4148,ok,41.9206,41.9206,21
4149,ok,27.1947,27.1947,25
415,ok,46.3896,46.3896,18
4150,ok,48.3724,48.3724,20
4151,ok,49.7124,49.7123,37
4152,ok,47.5686,47.5686,32
4153,ok,26.2817,26.2817,19
4154,ok,36.7640,36.7640,17
4155,ok,42.6545,42.6545,35
4156,ok,48.8718,48.8718,16
4157,ok,41.4538,41.4538,15
4158,ok,49.3879,49.3879,22
4159,ok,46.0049,46.0049,34
416,ok,40.7836,40.7836,11
4160,ok,40.1018,40.1018,27
4161,ok,45.3843,45.3843,23
4162,ok,39.1009,39.1009,32
4163,ok,49.8069,49.8069,32
4164,ok,37.9689,37.9689,31
4165,ok,37.7522,37.7522,17
4166,ok,39.8898,39.8898,15
4167,ok,36.7250,36.7250,26
4168,ok,30.5781,30.5781,22
4169,ok,22.4032,22.4032,20
417,ok,45.2336,45.2336,15
4170,ok,22.4326,22.4326,22
4171,ok,43.5738,43.5738,24
4172,ok,48.7699,48.7699,24
4173,ok,33.5327,33.5327,27
4174,ok,34.2689,34.2689,20
4175,ok,44.4129,40.7566,40
4176,ok,34.8187,34.8187,20
4177,ok,19.4634,19.4634,21
4178,ok,49.1171,49.1171,12
4179,ok,49.8148,49.8148,26
418,ok,36.0471,36.0470,17
4180,ok,36.7184,36.7184,12
4181,ok,43.2892,43.2892,14
4182,ok,31.7619,31.7619,18
4183,ok,47.8236,47.8236,29
4184,ok,48.6268,48.6268,28
4185,ok,41.2364,41.2364,39
4186,ok,46.9999,46.9999,12
4187,ok,41.2078,41.2078,29
4188,ok,23.8585,23.8585,38
4189,ok,36.0430,36.0430,20
419,ok,39.6967,39.6967,25
4190,ok,41.6099,41.6099,52
4191,ok,25.1593,25.1593,20
4192,ok,41.2600,41.2600,11
4193,ok,18.6292,18.6292,15
4194,ok,17.7316,17.7316,12
4195,ok,45.6919,45.0103,13
4196,ok,46.5369,46.5369,12
4197,ok,40.8359,40.8359,24
4198,ok,49.1271,49.1271,40
4199,ok,44.6604,44.6604,19
42,ok,40.5232,40.5232,28
420,ok,23.5625,23.5625,13
4200,ok,44.8701,44.8701,13
4201,ok,46.3010,46.3010,17
4203,ok,45.0245,45.0245,25
4204,ok,25.8348,25.8348,19
4205,ok,48.7839,48.7839,14
4206,ok,48.9974,48.9974,32
4207,ok,47.8945,47.8945,15
4208,ok,44.3683,44.3683,14
4209,ok,44.4617,44.4617,20
421,ok,49.0675,49.0675,24
4210,ok,47.9280,47.9280,38
4211,ok,38.6037,38.6037,21
4212,ok,47.3518,47.3518,20
4213,ok,34.4186,34.4186,38
4214,ok,33.9235,32.9163,32
4215,ok,38.6335,38.6335,17
4216,ok,44.7161,44.7161,12
4217,ok,32.2862,32.2862,17
4218,ok,46.4651,46.4651,28
4219,ok,41.4479,41.4479,12
422,ok,49.9371,49.4985,27
4220,ok,24.4795,24.4795,13
4221,ok,37.8660,37.8660,26
4222,ok,33.7153,33.7153,12
4223,ok,41.0057,41.0057,29
4224,ok,43.3629,43.3629,22
4225,ok,42.5086,42.5086,27
4226,ok,40.3442,40.3442,20
4227,ok,36.7062,36.7062,31
4228,ok,29.5115,29.5115,23
4229,ok,42.9366,42.9366,37
423,ok,46.1920,46.1920,18
4230,ok,39.4395,39.4395,22
4231,ok,20.8159,20.8159,30
4232,ok,46.1497,46.1497,23
4233,ok,45.4905,45.4905,25
4234,ok,43.9621,43.9621,16
4235,ok,33.5303,33.5303,16
4236,ok,48.3610,48.3610,34
4237,ok,46.4897,46.4897,16
4238,ok,48.7223,48.7223,44
4239,ok,41.1136,41.1136,9
4240,ok,44.2383,44.2383,23
4241,ok,39.9363,39.9363,12
4242,ok,44.3216,44.3216,41
4243,ok,43.6539,43.6539,22
4244,ok,20.7132,20.7132,11
4245,ok,43.0870,43.0870,34
4246,ok,16.9255,16.9255,14
4247,ok,45.5107,45.5107,25
4248,ok,35.2042,35.2042,28
4249,ok,25.1094,25.1094,19
425,ok,40.4337,40.4337,33
4250,ok,46.5412,46.5412,18
4251,ok,15.6867,15.6867,18
4252,ok,41.5733,41.5733,18
4253,ok,36.9277,36.9277,24
4254,ok,18.5109,18.5109,23
4255,ok,47.7550,47.7550,25
4256,ok,30.7193,30.7193,19
4257,ok,45.2796,45.2796,14
4258,ok,43.7046,42.1162,32
4259,ok,25.9179,25.9179,42
426,ok,47.6765,47.6765,20
4260,ok,40.3979,40.3979,32
4261,ok,24.5709,24.5709,49
4262,ok,42.1568,42.1568,24
4263,ok,45.9617,45.9617,14
4264,ok,44.7123,44.7123,26
4265,ok,52.1876,46.4964,16
4266,ok,45.6702,45.6702,29
4267,ok,43.8049,43.8049,26
4268,ok,18.6267,18.6267,12
4269,ok,43.0910,43.0910,28
427,ok,26.1072,26.1072,26
4270,ok,46.8102,46.8102,14
4271,ok,39.9875,39.9875,30
4272,ok,48.5249,48.5249,52
4273,ok,32.1119,32.1119,30
4275,ok,37.0869,37.0869,34
4276,ok,48.7567,48.5388,41
4277,ok,32.4510,32.4510,22
4278,ok,45.3760,45.3760,26
4279,ok,37.7914,37.7914,27
428,ok,38.6220,38.6220,12
4280,ok,29.4111,29.4111,14
4281,ok,46.0002,46.0002,23
4282,ok,25.6435,25.6435,27
4283,ok,48.6797,48.6797,31
4284,ok,43.8416,43.8416,19
4285,ok,45.1319,45.1319,21
4286,ok,48.2365,48.2365,12
4287,ok,45.6293,45.6293,16
4288,ok,43.7009,43.7009,19
4289,ok,49.7275,49.7275,20
429,ok,40.4310,40.4310,27
4290,ok,41.2420,41.2420,17
4291,ok,32.7024,32.7024,14
4292,ok,25.2286,25.2286,14
4293,ok,31.4920,31.4920,28
4294,ok,47.8250,47.8250,35
4295,ok,36.6658,36.6658,36
4296,ok,49.6356,49.6356,30
4297,ok,29.7436,29.7436,26
4298,ok,39.1063,39.1063,22
4299,ok,26.3928,26.3928,18
43,ok,43.2061,43.2061,45
430,ok,45.9787,45.9787,16
4300,ok,47.6896,47.6896,14
4301,ok,44.8895,44.8895,17
4302,ok,34.0721,34.0721,20
4303,ok,35.7582,35.7582,37
4304,ok,47.1124,47.1124,41
4305,ok,48.2210,48.2210,28
4306,ok,40.1764,40.1764,29
4308,ok,44.2553,44.2553,19
4309,ok,38.0801,38.0801,19
431,ok,47.7598,47.7598,11
4310,ok,44.4595,44.4595,24
4311,ok,41.1924,41.1924,27
4313,ok,44.0259,44.0259,20
4314,ok,37.2711,37.2711,20
4315,ok,29.0102,29.0102,36
4316,ok,46.0011,46.0011,31
4317,ok,29.0698,29.0698,18
4318,ok,46.5333,46.5333,17
4319,ok,21.4379,21.4379,34
432,ok,43.6259,43.6259,18
4320,ok,48.9997,48.9997,30
4321,ok,36.7284,36.7284,10
4322,ok,39.5795,39.5795,27
4323,ok,40.1015,40.1015,14
4324,ok,45.2112,45.2112,45
4325,ok,39.6821,39.6821,11
4326,ok,48.2816,48.2816,10
4327,ok,47.2750,47.2750,12
4328,ok,29.1651,29.1651,25
4329,ok,34.5059,34.5059,32
433,ok,44.3378,44.3378,12
4330,ok,40.8005,40.8005,21
4331,ok,46.5416,46.5416,13
4332,ok,36.2069,36.2069,18
4333,ok,45.7675,45.7675,23
4334,ok,23.6559,23.6559,28
4335,ok,39.9246,39.9246,33
4336,ok,46.5938,46.5938,28
4337,ok,37.5569,37.5569,24
4338,ok,26.3792,26.3792,25
4339,ok,44.6096,44.6096,35
434,ok,23.8549,23.8549,18
4340,ok,29.0649,29.0649,11
4341,ok,37.9881,37.9881,18
4342,ok,39.0528,39.0528,32
4343,ok,40.0354,40.0354,25
4344,ok,22.7522,22.7522,38
4345,ok,41.1276,41.1276,26
4346,ok,24.3279,24.3279,16
4347,ok,47.0570,47.0570,23
4348,ok,48.7055,48.7055,29
4349,ok,35.5205,35.5205,24
435,ok,35.5774,35.5774,33
4350,ok,42.5781,42.5781,47
4351,ok,35.3710,35.3710,21
4352,ok,23.2719,23.2719,14
4353,ok,28.5073,28.5073,33
4354,ok,43.2760,43.2760,11
4355,ok,27.2624,27.2624,31
4356,ok,45.1725,45.1725,26
4357,ok,36.3072,36.3072,17
4358,ok,38.0956,38.0956,27
4359,ok,40.6455,40.6455,33
436,ok,39.2000,39.2000,26
4360,ok,27.4186,27.4186,29
4361,ok,38.4870,38.4870,22
4362,ok,49.0873,49.0873,27
4364,ok,46.1446,46.1446,18
4365,ok,43.3380,43.3380,35
4366,ok,39.9820,39.9820,37
4367,ok,41.9577,41.9577,13
4368,ok,23.8825,23.8825,30
4369,ok,48.9592,48.9592,10
437,ok,37.6125,37.6125,20
4370,ok,39.7936,39.7936,25
4371,ok,37.6920,37.6920,23
4372,ok,28.0124,28.0124,19
4373,ok,40.2476,40.2476,20
4374,ok,33.0128,33.0128,22
4375,ok,27.7120,27.7120,22
4376,ok,38.1344,38.1344,32
4377,ok,36.8425,36.8425,21
4378,ok,44.7943,44.7943,27
4379,ok,17.1673,13.3557,5
438,ok,19.4937,19.4937,34
4380,ok,42.3318,42.3318,20
4381,ok,49.5605,49.5605,27
4382,ok,21.5351,21.5351,21
4383,ok,44.4425,44.4425,16
4384,ok,26.6420,26.6420,33
4385,ok,45.9599,45.9599,18
4386,ok,28.0256,28.0256,26
4387,ok,47.1694,47.1694,19
4388,ok,33.2576,29.6308,16
4389,ok,39.7145,39.7145,20
439,ok,40.4000,40.4000,17
4390,ok,44.0119,44.0119,23
4391,ok,39.1381,39.1381,20
4392,ok,40.7724,40.7724,17
4393,ok,48.4585,48.4585,20
4394,ok,49.4360,49.4360,26
4395,ok,37.8745,37.8745,15
4396,ok,31.9927,31.9927,32
4397,ok,42.7025,42.7025,20
4398,ok,46.0055,46.0055,31
4399,ok,30.3649,30.3649,25
44,ok,47.4988,47.4988,16
440,ok,28.5400,28.5400,16
4400,ok,49.5042,49.5042,24
4401,ok,23.5691,23.5691,19
4402,ok,45.5452,45.5452,38
4403,ok,35.0903,35.0903,18
4404,ok,38.2852,38.2852,41
4405,ok,25.3407,25.3407,16
4406,ok,45.6500,45.6499,36
4407,ok,47.2635,47.2635,26
4408,ok,49.2111,49.2111,27
4409,ok,43.7431,43.7431,16
441,ok,24.4328,24.4328,28
4410,ok,42.5531,42.5531,23
4411,ok,44.2994,44.2994,21
4412,ok,33.0347,31.3931,18
4413,ok,48.2022,48.2022,24
4414,ok,46.0003,46.0003,29
4415,ok,46.0784,46.0784,19
4416,ok,47.1617,47.1617,21
4417,ok,34.8838,34.8838,29
4418,ok,39.4020,39.4020,17
4419,ok,45.0824,45.0824,23
442,ok,31.0804,31.0804,32
4420,ok,39.8784,35.5296,11
4421,ok,44.5219,39.6667,18
4422,ok,34.1561,34.1561,41
4423,ok,47.1593,47.1593,35
4424,ok,49.5241,49.5241,31
4425,ok,34.4605,34.4605,15
4426,ok,49.4865,49.4865,38
4427,ok,28.0544,28.0544,12
4428,ok,24.8035,24.8035,17
4429,ok,30.5903,30.5903,22
443,ok,28.4082,28.4082,32
4430,ok,49.4106,49.4106,26
4431,ok,41.1509,41.1509,26
4432,ok,40.1318,38.7275,16
4433,ok,29.6997,29.6997,10
4434,ok,46.5582,46.5582,17
4435,ok,43.8049,43.8049,22
4436,ok,48.4849,48.4849,24
4437,ok,35.4340,35.4340,23
4438,ok,46.0388,46.0388,18
4439,ok,32.7436,32.7436,37
444,ok,28.5725,28.5725,16
4440,ok,40.1830,40.1830,19
4441,ok,38.2754,38.2754,27
4442,ok,33.2667,33.2667,16
4443,ok,46.7911,46.7911,21
4444,ok,48.5474,48.5474,15
4445,ok,43.5454,43.5454,15
4446,ok,35.0429,35.0429,14
4447,ok,31.5703,31.5703,42
4448,ok,48.0009,48.0009,15
4449,ok,36.6177,36.6177,23
445,ok,49.7790,49.7790,19
4450,ok,42.8929,42.8929,23
4451,ok,40.4004,40.4004,30
4453,ok,33.0790,33.0790,25
4454,ok,19.0123,19.0123,9
4455,ok,44.4821,44.4821,19
4456,ok,31.4016,31.4016,18
4457,ok,49.4706,49.4706,36
4458,ok,44.4283,44.4283,15
4459,ok,44.8307,44.8307,21
446,ok,29.8434,28.9804,20
4460,ok,46.6431,46.6431,29
4461,ok,43.1309,43.1309,31
4462,ok,46.7603,46.7603,22
4463,ok,35.5794,35.5794,19
4464,ok,45.9442,45.9442,13
4465,ok,46.4328,45.5670,22
4466,ok,46.4221,46.4221,23
4467,ok,48.5028,48.5028,16
4468,ok,37.9209,37.9209,24
4469,ok,41.4107,41.4107,12
447,ok,41.4844,41.4844,20
4470,ok,49.5020,49.5020,22
4471,ok,32.8442,32.8442,15
4472,ok,42.9301,42.9301,31
4473,ok,47.5901,47.5901,26
4474,ok,19.4658,19.4658,15
4475,ok,39.3894,39.3894,20
4476,ok,25.9473,25.9473,28
4477,ok,36.2485,36.2485,17
4478,ok,47.7788,47.7788,27
4479,ok,38.0928,38.0928,16
448,ok,47.8523,47.8523,15
4480,ok,49.8957,49.8957,28
4481,ok,24.9644,22.2419,15
4482,ok,46.4648,46.4648,15
4483,ok,48.8893,48.8893,38
4484,ok,37.6254,37.6254,29
4485,ok,40.6325,40.6325,26
4486,ok,18.0636,18.0636,28
4487,ok,37.8274,37.8274,37
4489,ok,42.5114,42.5114,13
449,ok,37.2915,37.2915,17
4490,ok,44.3235,44.3235,23
4491,ok,46.1271,46.1271,26
4492,ok,35.1406,35.1406,22
4493,ok,19.0036,19.0036,50
4494,ok,48.5196,48.3853,28
4495,ok,41.2329,41.2329,36
4496,ok,36.0880,36.0880,14
4497,ok,41.8571,41.8571,18
4498,ok,37.4079,37.4079,18
4499,ok,32.5902,32.5902,17
45,ok,51.6552,49.6870,31
450,ok,45.4016,45.4016,17
4500,ok,46.3850,45.6108,20
4501,ok,46.8846,46.8846,33
4502,ok,18.6137,18.3120,14
4503,ok,41.6203,41.6203,25
4504,ok,38.9802,38.9802,23
4505,ok,44.1976,44.1976,17
4506,ok,45.9501,45.9501,30
4507,ok,31.9970,31.9970,22
4508,ok,47.9502,47.9502,32
4509,ok,49.1838,49.1838,15
451,ok,29.7471,29.7471,36
4510,ok,29.8392,29.8392,23
4511,ok,44.5911,44.5911,27
4512,ok,32.5845,32.3741,27
4513,ok,30.9648,30.9648,14
4514,ok,31.9761,31.9761,14
4515,ok,46.2457,46.2457,17
4516,ok,49.0710,49.0710,17
4517,ok,46.9896,46.9896,14
4518,ok,49.4318,49.4318,20
4519,ok,49.7492,49.7492,24
452,ok,45.6847,44.1750,18
4520,ok,46.7891,46.7891,16
4521,ok,32.1374,32.1374,33
4522,ok,36.7865,36.7865,20
4523,ok,41.6749,41.6749,24
4524,ok,46.6926,46.6926,17
4525,ok,13.0553,13.0553,34
4526,ok,40.2854,40.2854,28
4527,ok,47.5113,47.5113,18
4528,ok,29.0369,29.0369,20
4529,ok,39.7311,39.7311,20
453,ok,44.8258,44.0780,38
4530,ok,32.9465,32.9465,18
4531,ok,46.6298,46.6298,26
4532,ok,45.7330,45.7330,28
4533,ok,49.8728,49.8728,29
4534,ok,44.8190,44.8190,30
4535,ok,54.3466,48.4200,19
4536,ok,36.2351,36.2351,42
4537,ok,44.1195,44.1195,22
4538,ok,32.4354,32.4354,29
4539,ok,44.9050,44.9050,19
454,ok,29.7247,29.7247,15
4540,ok,46.0997,46.0997,15
4541,ok,53.9501,48.0667,29
4542,ok,39.1374,39.1374,22
4543,ok,30.5904,30.5904,33
4544,ok,42.3850,42.3850,25
4545,ok,49.4714,49.4714,24
4546,ok,36.1865,36.1865,27
4547,ok,44.6427,44.6427,28
4548,ok,41.2674,41.2674,22
4549,ok,36.5230,36.3424,21
455,ok,34.4223,34.4223,10
4550,ok,47.9712,47.9712,16
4551,ok,47.3254,47.3254,29
4552,ok,32.2161,32.2161,14
4553,ok,30.1369,30.1369,31
4554,ok,48.0168,48.0168,17
4556,ok,41.6205,41.6205,64
4557,ok,38.4723,38.4723,40
4558,ok,37.7255,37.7255,27
4559,ok,42.2681,41.6834,19
456,ok,34.3026,34.3026,21
4560,ok,45.4412,45.4412,20
4561,ok,37.2858,37.2858,15
4562,ok,32.1418,32.1418,15
4563,ok,34.3894,34.3894,23
4564,ok,49.9106,49.9106,26
4565,ok,35.5552,35.5552,25
4566,ok,31.6413,31.4108,21
4568,ok,33.5115,33.5115,16
4569,ok,42.1971,42.1971,13
457,ok,46.3474,46.3474,22
4570,ok,49.0039,49.0039,31
4571,ok,46.6126,46.6126,17
4572,ok,32.5260,32.5260,18
4573,ok,27.7184,27.7184,32
4574,ok,46.6981,46.6981,16
4575,ok,45.4291,45.4291,27
4576,ok,45.4101,45.4101,22
4577,ok,25.2161,25.2161,34
4578,ok,38.5874,38.5874,17
4579,ok,48.7589,48.7589,12
458,ok,51.1770,45.5961,18
4580,ok,48.5828,48.5828,23
4581,ok,44.5845,44.5845,44
4582,ok,46.6806,46.6806,22
4583,ok,47.1676,47.1676,24
4584,ok,45.8753,45.8753,19
4585,ok,38.1898,38.1898,25
4586,ok,46.3893,46.3893,27
4587,ok,41.7576,41.7576,31
4588,ok,48.4856,48.4856,34
4589,ok,33.6367,33.6367,27
459,ok,43.3476,43.3476,11
4590,ok,44.0246,44.0246,42
4591,ok,45.2161,45.2161,20
4592,ok,49.4631,44.4002,17
4593,ok,48.1940,48.1940,20
4594,ok,39.8372,39.8372,22
4595,ok,12.6721,12.6721,17
4596,ok,33.5380,33.5380,20
4597,ok,47.1863,47.1863,27
4598,ok,49.7103,49.7103,26
4599,ok,31.7306,31.7306,31
46,ok,32.3331,32.3331,34
460,ok,49.2607,49.2607,15
4600,ok,39.5339,39.5339,26
4601,ok,44.5374,44.5374,13
4602,ok,35.9203,35.9203,23
4603,ok,39.1940,39.1940,16
4604,ok,40.5924,40.5924,18
4606,ok,46.3615,46.3615,15
4607,ok,35.3043,35.3043,25
4608,ok,49.3877,49.3877,13
4609,ok,40.6373,40.6373,31
461,ok,47.4648,47.4648,18
4610,ok,47.7579,47.7579,15
4611,ok,38.6515,38.6515,19
4612,ok,36.2901,36.2901,30
4613,ok,43.9956,43.9956,22
4614,ok,44.3893,44.3893,17
4615,ok,47.9047,47.9047,17
4616,ok,43.9298,43.9298,14
4617,ok,46.8133,46.8133,44
4618,ok,49.7553,49.7553,48
4619,ok,38.4414,38.4414,41
462,ok,45.5202,45.5202,24
4620,ok,22.8926,22.8926,14
4621,ok,41.1160,41.1160,19
4622,ok,36.5381,36.5381,17
4623,ok,27.6247,27.6247,34
4624,ok,47.7717,47.7717,16
4625,ok,48.8756,48.8756,34
4626,ok,46.0974,46.0973,14
4627,ok,46.0645,46.0315,33
4628,ok,34.4321,34.4321,31
4629,ok,30.0872,30.0872,12
463,ok,35.2920,35.2920,25
4630,ok,40.4144,40.4144,15
4631,ok,45.4507,45.4507,19
4632,ok,38.2160,38.2160,23
4633,ok,28.3546,28.3546,13
4634,ok,37.4412,37.4412,29
4635,ok,29.1757,29.1757,14
4636,ok,36.4410,36.4410,25
4637,ok,41.6753,41.6753,12
4638,ok,45.4021,45.4021,19
4639,ok,45.1118,45.1118,32
464,ok,44.4724,44.4724,22
4640,ok,27.8630,27.8630,38
4641,ok,22.3402,22.3402,32
4642,ok,39.2993,39.2993,13
4643,ok,44.7833,44.7833,23
4644,ok,28.7914,27.2772,20
4645,ok,40.6628,40.6628,16
4646,ok,48.8005,48.8005,26
4647,ok,19.2778,19.2778,29
4648,ok,41.2790,41.2790,32
4649,ok,38.7723,38.7723,33
465,ok,46.2738,46.2738,22
4650,ok,43.2336,43.2336,27
4651,ok,47.1959,47.1959,22
4652,ok,39.5908,39.5908,15
4653,ok,34.4652,34.4652,13
4654,ok,33.5954,33.5954,21
4655,ok,39.6503,39.6503,28
4656,ok,44.4656,44.4656,26
4657,ok,46.7475,46.7475,20
4658,ok,30.9497,30.9497,29
4659,ok,41.1781,41.1781,13
466,ok,39.2738,39.2738,25
4660,ok,24.9283,24.9283,21
4661,ok,35.2903,35.2903,12
4662,ok,48.6875,46.4798,27
4663,ok,35.1122,35.1122,19
4664,ok,44.3305,44.3305,16
4665,ok,29.1714,29.1714,21
4666,ok,44.9039,44.9039,26
4667,ok,45.6626,45.6626,27
4668,ok,39.9044,39.9044,10
4669,ok,33.4202,31.7157,33
467,ok,43.7098,43.7098,23
4670,ok,48.5343,48.5343,37
4671,ok,44.3302,44.3302,28
4672,ok,48.7759,48.7759,19
4673,ok,44.4059,44.4059,20
4674,ok,41.3988,41.3988,12
4675,ok,49.0135,49.0135,21
4676,ok,36.9651,36.9651,22
4677,ok,52.9972,47.2177,32
4678,ok,40.1432,40.1432,19
468,ok,32.2423,32.2423,31
4680,ok,44.9852,44.9852,36
4681,ok,29.7419,29.7419,16
4682,ok,22.0900,21.2287,11
4683,ok,38.5189,38.5189,16
4684,ok,30.7640,30.7640,22
4685,ok,39.1460,39.1460,15
4686,ok,46.9996,46.9996,20
4687,ok,25.8087,25.8087,30
4688,ok,39.8986,39.8986,16
4689,ok,28.8970,28.8970,23
469,ok,20.1240,20.1240,24
4690,ok,48.6414,48.6414,23
4691,ok,44.3739,44.3739,42
4692,ok,49.4881,49.4881,14
4693,ok,45.2368,45.2368,18
4694,ok,42.6799,42.6799,12
4695,ok,49.1410,49.1410,25
4697,ok,44.5664,44.5664,28
4698,ok,41.1238,41.1238,17
4699,ok,31.5821,31.5821,22
47,ok,30.9345,30.9345,21
470,ok,29.1215,29.1215,28
4700,ok,48.3116,48.3116,16
4701,ok,39.6925,39.0587,37
4702,ok,30.2661,30.2661,27
4703,ok,42.6555,42.6555,38
4705,ok,39.0250,39.0250,47
4706,ok,38.7720,38.7720,29
4707,ok,49.4658,49.4658,23
4708,ok,44.9025,44.5397,29
4709,ok,41.6443,41.6443,55
471,ok,34.2544,34.2544,29
4710,ok,31.4534,31.4534,39
4711,ok,40.2325,40.2325,37
4712,ok,46.8208,46.8208,46
4713,ok,37.6287,37.6287,12
4714,ok,34.5546,34.5546,18
4715,ok,48.1605,48.1605,19
4716,ok,28.1050,28.1050,28
4717,ok,36.9938,36.9938,17
4718,ok,39.1347,39.1347,10
4719,ok,36.3613,36.3613,21
472,ok,49.7119,49.7119,31
4720,ok,48.5895,48.5895,26
4721,ok,23.3356,23.3356,39
4722,ok,44.3213,44.3213,12
4723,ok,49.5533,49.5533,29
4724,ok,49.2880,49.2880,23
4725,ok,32.1404,32.1404,45
4726,ok,48.6782,48.6782,17
4727,ok,32.8443,32.8443,19
4728,ok,24.2028,24.2028,20
4729,ok,38.7132,38.7132,18
473,ok,45.1285,45.1285,28
4730,ok,45.6056,45.6056,27
4731,ok,41.6737,41.6737,25
4732,ok,40.7681,40.7681,28
4733,ok,49.2931,49.2931,29
4734,ok,41.5678,41.5678,34
4735,ok,19.1886,19.1886,22
4736,ok,41.9535,41.9535,29
4737,ok,31.7068,31.7068,43
4738,ok,36.2283,36.2283,19
4739,ok,41.8475,41.8475,20
474,ok,33.5088,33.5088,46
4740,ok,31.2447,31.2447,33
4741,ok,45.7763,45.7763,28
4742,ok,34.8049,34.8049,44
4743,ok,49.9550,49.9550,25
4744,ok,32.2836,32.2836,19
4745,ok,47.5361,47.4875,31
4746,ok,49.9046,49.9046,21
4747,ok,42.0919,42.0919,27
4748,ok,38.5658,38.5658,18
4749,ok,29.2231,29.2231,26
475,ok,41.6859,41.6859,11
4750,ok,20.3333,20.2838,21
4751,ok,46.4987,46.4987,34
4752,ok,49.3277,49.3277,29
4753,ok,32.7817,32.7817,15
4755,ok,37.2476,37.2476,36
4756,ok,45.8573,45.8573,30
4757,ok,49.8681,49.8681,14
4758,ok,48.4980,48.4980,12
4759,ok,39.9272,39.9272,20
476,ok,42.6193,42.6193,18
4760,ok,15.7689,15.7689,27
4761,ok,44.0426,43.8718,12
4762,ok,38.2496,38.2496,17
4763,ok,45.7334,45.7334,20
4764,ok,45.4908,45.4908,16
4765,ok,49.7132,49.7132,32
4766,ok,31.8529,31.8529,25
4767,ok,42.1466,42.1466,18
4768,ok,39.6487,39.6487,22
4769,ok,47.6892,47.6892,27
477,ok,48.2986,48.2986,36
4770,ok,44.2956,44.2956,15
4771,ok,46.3532,46.3532,15
4772,ok,44.2974,44.2974,14
4773,ok,42.6211,42.6211,55
4774,ok,34.5939,34.5939,19
4775,ok,30.8722,30.8722,27
4776,ok,37.7275,37.7275,31
4777,ok,48.9401,48.9401,22
4778,ok,32.1013,32.1013,12
4779,ok,35.0200,35.0200,12
478,ok,43.1870,43.1870,20
4780,ok,43.7194,43.7194,9
4781,ok,33.2256,33.2256,35
4782,ok,37.0457,34.9093,23
4783,ok,46.0727,42.9053,19
4784,ok,30.5713,30.5713,10
4785,ok,38.7895,38.7895,22
4786,ok,40.8720,40.0521,27
4787,ok,46.4398,46.4398,26
4788,ok,29.3263,29.3263,15
4789,ok,40.3523,40.3523,27
479,ok,44.3548,43.2448,42
4790,ok,44.8403,44.8403,17
4791,ok,46.8109,46.8109,35
4792,ok,24.6369,24.6369,22
4793,ok,38.3864,38.3864,19
4794,ok,46.9243,46.9243,31
4795,ok,48.1332,42.8842,30
4796,ok,40.4422,40.4422,12
4797,ok,45.7513,45.7513,18
4798,ok,48.1425,48.1425,15
4799,ok,47.0695,47.0695,24
48,ok,37.2369,37.2369,18
480,ok,51.3639,47.8248,9
4800,ok,44.2102,43.5081,27
4801,ok,47.0841,47.0841,15
4802,ok,37.7648,37.7648,23
4803,ok,38.6683,38.6683,27
4804,ok,36.3395,36.3395,18
4805,ok,41.8550,41.8550,30
4806,ok,48.7418,48.7418,23
4807,ok,47.1273,47.1273,27
4808,ok,36.1053,36.1053,19
4809,ok,46.1144,46.1144,38
481,ok,48.1184,48.1184,14
4810,ok,47.2854,47.2854,40
4812,ok,37.1285,37.1285,35
4813,ok,37.0921,37.0921,26
4814,ok,43.5508,43.5508,11
4815,ok,31.7708,31.7708,44
4816,ok,42.4358,42.4358,17
4817,ok,40.2055,38.1381,21
4818,ok,46.1587,46.1587,43
4819,ok,43.5470,43.5470,16
482,ok,45.3821,45.3821,34
4820,ok,36.8292,36.8292,22
4821,ok,47.4689,47.4689,12
4822,ok,44.8921,44.8921,32
4823,ok,36.4031,36.4031,28
4824,ok,38.3398,38.3398,22
4825,ok,25.6807,25.6807,33
4826,ok,45.9010,45.9010,33
4827,ok,28.3623,27.8182,19
4828,ok,42.9491,41.6778,17
4829,ok,34.1413,34.1413,18
483,ok,39.4559,39.4559,22
4830,ok,48.3505,48.3505,30
4831,ok,28.4414,28.4414,22
4832,ok,37.4898,37.4898,28
4833,ok,48.2678,48.2678,19
4834,ok,30.2508,30.2508,23
4835,ok,43.7337,43.7337,32
4836,ok,48.7686,48.7686,41
4837,ok,46.5682,46.5682,22
4838,ok,46.0598,46.0598,26
4839,ok,34.0675,34.0675,22
484,ok,44.0814,44.0814,19
4840,ok,33.2404,33.2404,15
4842,ok,35.5628,35.5628,33
4843,ok,35.0878,35.0878,15
4844,ok,44.3819,44.3819,24
4845,ok,36.4149,36.4149,11
4846,ok,32.2015,32.2015,33
4847,ok,42.5136,42.5136,11
4848,ok,45.1564,45.1564,41
4849,ok,46.4997,46.4997,12
485,ok,44.0230,44.0230,43
4850,ok,35.6277,35.6277,36
4851,ok,42.5430,42.5430,23
4852,ok,41.7417,41.7417,32
4853,ok,35.3202,35.3202,11
4854,ok,36.7444,36.7444,25
4855,ok,42.8526,42.8526,22
4856,ok,44.6532,44.6532,23
4857,ok,47.1674,47.1674,21
4858,ok,38.2367,38.2367,21
4859,ok,30.8882,30.8882,23
486,ok,34.0050,34.0050,9
4860,ok,46.7555,46.7555,17
4861,ok,24.4616,24.0065,10
4862,ok,47.2542,47.2542,42
4863,ok,40.4681,40.4681,13
4864,ok,47.1589,47.1589,27
4865,ok,44.1060,44.1060,12
4866,ok,38.5420,38.5420,29
4867,ok,48.3916,48.3916,25
4868,ok,49.5698,49.5698,16
4869,ok,42.5390,42.5390,24
487,ok,33.3775,33.3775,16
4870,ok,41.2872,41.2872,39
4871,ok,20.0056,20.0056,22
4872,ok,39.0145,39.0145,38
4873,ok,46.8742,46.8742,31
4874,ok,34.1805,34.1805,10
4875,ok,35.3179,35.3179,22
4876,ok,41.4246,41.4246,36
4877,ok,41.1869,36.6954,16
4878,ok,19.0846,19.0846,20
4879,ok,42.4382,42.4382,17
488,ok,28.2542,28.2542,15
4880,ok,47.5494,47.5494,25
4881,ok,21.3030,21.3030,18
4882,ok,45.6283,45.6283,29
4883,ok,34.8178,34.8178,20
4884,ok,39.0013,39.0013,14
4885,ok,47.4967,47.4967,25
4886,ok,47.2277,47.2277,17
4887,ok,17.1452,17.1452,16
4888,ok,35.8050,31.9004,14
4889,ok,37.6900,37.6900,16
489,ok,49.6115,49.6115,23
4890,ok,48.8267,48.8267,29
4891,ok,42.9829,42.9829,24
4892,ok,45.6088,45.6088,22
4893,ok,47.8520,47.8520,31
4894,ok,46.1027,46.1027,38
4895,ok,45.0092,45.0092,25
4896,ok,18.3179,18.3179,13
4897,ok,45.8756,45.8756,17
4898,ok,49.3816,49.3816,29
4899,ok,44.4594,44.4594,27
49,ok,34.9183,34.9183,34
490,ok,46.2324,46.2324,27
4900,ok,34.6737,34.6737,22
4901,ok,40.6176,40.6176,36
4902,ok,46.4892,46.4892,22
4903,ok,27.5911,27.5911,21
4904,ok,44.7675,44.7675,14
4905,ok,31.0276,31.0276,20
4906,ok,38.0789,38.0789,30
4907,ok,48.0237,48.0237,24
4908,ok,23.1310,23.1310,15
4909,ok,35.3556,35.3556,23
491,ok,49.0671,49.0671,20
4910,ok,40.4453,40.4453,22
4911,ok,35.4033,35.4033,24
4912,ok,42.9236,42.9236,40
4913,ok,48.5501,48.5501,20
4914,ok,45.2842,45.2842,16
4915,ok,49.5493,49.5493,16
4916,ok,47.7978,47.7978,20
4917,ok,33.6928,33.6928,19
4918,ok,42.6604,42.6604,21
4919,ok,44.0394,44.0394,28
492,ok,34.9144,34.9144,21
4920,ok,41.6028,41.6028,26
4921,ok,47.4915,47.4915,23
4922,ok,48.8110,48.8110,18
4923,ok,44.2584,44.2584,23
4924,ok,48.6229,48.6229,36
4925,ok,46.9044,46.9044,22
4926,ok,37.9534,37.9534,38
4927,ok,41.0406,41.0330,30
4928,ok,45.9624,45.9624,24
4929,ok,39.7095,39.7095,17
493,ok,27.0406,27.0406,19
4930,ok,41.1904,41.1904,17
4931,ok,42.5318,42.5318,11
4932,ok,44.4508,44.4508,26
4933,ok,42.3392,42.3392,24
4934,ok,47.3687,47.3687,17
4935,ok,35.4845,35.4845,20
4936,ok,36.5999,36.5999,18
4938,ok,43.6502,43.6502,24
4939,ok,46.9182,46.9182,18
494,ok,47.2063,47.2063,16
4940,ok,48.2953,48.2953,21
4941,ok,29.9257,29.9257,29
4942,ok,32.8167,32.8167,31
4943,ok,38.5187,38.5187,30
4944,ok,33.6374,33.6374,8
4945,ok,35.8115,35.8115,19
4946,ok,35.8288,35.8288,28
4947,ok,49.4797,49.4797,18
4948,ok,47.2415,47.2415,18
4949,ok,44.9565,40.0539,16
495,ok,49.6660,49.6660,24
4950,ok,46.6691,46.6691,18
4951,ok,22.9060,22.9060,21
4952,ok,36.3778,36.3778,35
4953,ok,39.0927,39.0927,18
4954,ok,34.1345,34.1345,34
4955,ok,33.4768,33.4768,16
4956,ok,599.3534,35.4041,42
4957,ok,40.0959,40.0959,20
4958,ok,37.0670,37.0670,43
4959,ok,32.4211,32.4211,23
496,ok,33.0447,33.0447,28
4960,ok,44.9076,44.9076,21
4961,ok,39.5184,39.5184,29
4962,ok,37.6350,37.6350,34
4963,ok,39.8241,39.8241,17
4964,ok,21.5205,21.5205,21
4965,ok,40.9353,40.9353,24
4966,ok,40.1627,36.4471,10
4967,ok,42.4520,42.4520,28
4968,ok,23.6915,23.6915,21
4969,ok,38.3577,38.3577,18
497,ok,43.8893,42.8940,32
4970,ok,47.0396,47.0396,25
4971,ok,47.1143,47.1143,14
4972,ok,41.5526,41.5526,26
4973,ok,30.4790,30.4790,25
4974,ok,35.4957,35.4957,21
4975,ok,46.3372,46.3372,23
4976,ok,43.2096,43.2096,18
4977,ok,38.8657,38.8657,13
4978,ok,42.3022,39.5230,14
4979,ok,41.8441,41.8441,15
498,ok,40.0396,40.0396,16
4980,ok,45.2714,45.2714,10
4981,ok,48.5755,48.5755,54
4982,ok,34.5266,34.5266,16
4983,ok,28.9609,28.9609,16
4984,ok,28.0856,28.0856,16
4985,ok,40.8675,32.2702,48
4986,ok,44.7298,44.7298,36
4987,ok,47.6417,47.6417,24
4988,ok,42.3893,42.3893,37
4989,ok,44.8805,44.8805,14
499,ok,43.0879,43.0879,23
4990,ok,41.7659,41.7659,29
4991,ok,49.0052,49.0052,29
4992,ok,43.1341,43.1341,17
4993,ok,33.8664,33.8664,27
4994,ok,43.6789,43.6789,21
4995,ok,44.9421,44.9421,25
4996,ok,44.8577,44.8577,22
4997,ok,45.9527,45.9527,19
4998,ok,33.1787,33.1787,18
4999,ok,38.8394,38.8394,23
5,ok,39.2082,39.2082,32
50,ok,46.4145,46.4145,21
500,ok,45.3539,45.3539,10
5000,ok,41.1206,41.1206,30
5001,ok,35.0372,35.0372,34
5002,ok,47.8868,47.8868,17
5003,ok,44.5624,44.5624,21
5004,ok,49.7568,49.7568,21
5005,ok,33.9971,33.9971,36
5006,ok,49.4853,47.6990,19
5007,ok,37.0273,37.0273,26
5008,ok,45.0568,44.5043,19
5009,ok,35.3548,35.3548,23
501,ok,48.7311,48.7311,19
5010,ok,42.2095,37.6064,11
5011,ok,46.1384,46.1384,22
5012,ok,31.5730,31.5730,20
5013,ok,45.0835,45.0835,25
5014,ok,37.2700,37.2700,14
5015,ok,46.3973,46.3973,19
5016,ok,48.9182,48.9182,19
5017,ok,28.4547,28.4547,26
5018,ok,42.6047,42.6047,9
5019,ok,42.1951,42.1951,20
502,ok,39.4193,39.4193,18
5020,ok,41.1630,41.1630,35
5021,ok,44.6381,44.6381,31
5022,ok,39.1257,39.1257,23
5023,ok,37.3359,37.3359,15
5024,ok,45.1671,45.1671,34
5025,ok,47.0024,47.0024,23
5026,ok,44.6669,44.6669,20
5027,ok,39.0058,39.0058,25
5028,ok,43.1079,43.1079,33
5029,ok,42.7261,42.7261,15
503,ok,33.4989,33.4989,29
5030,ok,40.2201,40.2201,25
5031,ok,43.2870,43.2870,18
5032,ok,24.8210,24.8210,25
5033,ok,34.6937,34.6937,27
5034,ok,33.1764,33.1764,13
5035,ok,47.3863,47.3863,29
5036,ok,45.4949,45.4949,27
5037,ok,49.2010,49.2010,22
5039,ok,36.7337,36.7337,28
504,ok,31.0628,31.0628,43
5040,ok,27.4070,27.4070,21
5041,ok,41.3048,41.3048,25
5042,ok,39.0570,39.0570,22
5043,ok,48.3841,48.3841,40
5044,ok,49.0259,49.0259,17
5045,ok,43.5570,43.5570,18
5046,ok,39.9212,39.9212,11
5047,ok,47.7162,47.7162,29
5048,ok,41.0297,41.0297,26
5049,ok,21.3797,21.3797,33
505,ok,47.5568,47.5568,25
5050,ok,43.5734,43.5734,24
5051,ok,44.3270,44.3270,19
5052,ok,46.8135,46.8135,22
5053,ok,25.6483,25.6483,14
5054,ok,39.3431,39.3431,19
5055,ok,34.3596,30.6126,14
5056,ok,30.7406,30.7406,21
5057,ok,28.3428,28.3428,18
5058,ok,49.5004,49.5004,21
5059,ok,42.5074,42.5074,26
506,ok,46.8759,46.8759,24
5060,ok,31.0365,31.0365,18
5061,ok,37.2992,37.2992,29
5062,ok,37.8373,37.8373,23
5063,ok,43.2254,43.2254,21
5064,ok,38.9355,38.9355,23
5065,ok,37.3093,37.3093,17
5066,ok,41.5496,41.5496,20
5067,ok,49.5802,49.5802,17
5068,ok,48.0562,48.0562,22
5069,ok,28.5042,28.5042,14
507,ok,39.1338,39.1338,42
5070,ok,43.4754,43.4754,35
5071,ok,39.1955,39.1955,27
5072,ok,41.8594,41.8594,19
5073,ok,49.2541,49.2541,20
5074,ok,41.0321,41.0321,13
5075,ok,33.9734,33.9734,33
5076,ok,38.4800,38.4800,16
5077,ok,45.9713,45.9713,20
5078,ok,44.7686,44.7686,15
5079,ok,36.5367,36.5367,36
508,ok,45.0503,45.0503,28
5080,ok,45.1026,45.1026,15
5081,ok,46.3854,46.3854,34
5082,ok,1792.5305,56.7961,23
5083,ok,35.2399,35.2399,34
5084,ok,37.0514,37.0514,14
5085,ok,42.5075,42.5075,34
5086,ok,36.4952,36.4952,8
5087,ok,48.0909,48.0909,32
5088,ok,24.9807,24.9807,10
509,ok,37.5854,37.5854,15
5090,ok,47.8403,47.8403,16
5091,ok,47.3375,47.3375,32
5092,ok,45.6767,45.6767,20
5093,ok,40.7667,40.7667,34
5094,ok,44.1737,44.1737,30
5095,ok,13.4282,13.4281,21
5096,ok,38.0103,38.0103,22
5097,ok,38.5986,38.5986,23
5098,ok,44.2871,44.2871,26
5099,ok,44.3898,41.9267,31
51,ok,36.5592,36.5592,16
510,ok,45.9577,45.9577,18
5100,ok,48.7204,48.7204,40
5101,ok,38.3585,38.3585,19
5102,ok,50.3706,49.1563,24
5103,ok,48.8004,48.8004,38
5104,ok,37.4109,37.4109,15
5105,ok,39.9284,39.9284,29
5106,ok,38.0995,38.0995,17
5107,ok,49.7247,49.7247,13
5108,ok,47.3348,47.3348,36
5109,ok,39.9451,39.9451,16
511,ok,45.5835,45.5835,30
5110,ok,49.1017,49.1017,19
5111,ok,44.8888,44.8888,11
5112,ok,42.6983,42.6983,15
5113,ok,47.5400,47.5400,21
5114,ok,49.5625,49.5625,18
5115,ok,47.1774,42.0326,13
5116,ok,45.5520,45.5520,11
5117,ok,47.2162,47.2162,33
5118,ok,42.2076,42.2076,35
5119,ok,43.7707,43.7707,14
512,ok,37.2284,37.2284,21
5120,ok,25.6349,25.6349,16
5121,ok,47.1019,47.1019,24
5122,ok,43.4417,43.4417,25
5123,ok,46.9656,46.9656,29
5124,ok,37.8659,37.8659,22
5125,ok,22.4754,22.4754,25
5126,ok,34.2510,34.2510,34
5127,ok,45.8589,45.8589,18
5128,ok,33.2673,33.2673,29
5129,ok,44.3076,44.3076,35
513,ok,48.9616,48.9616,25
5130,ok,40.6590,40.6590,22
5131,ok,30.0249,30.0249,34
5132,ok,44.4240,44.4240,29
5133,ok,40.1096,40.1096,23
5134,ok,28.7879,28.7879,13
5135,ok,35.6932,35.6932,22
5136,ok,37.8194,37.8194,19
5137,ok,43.8058,43.8058,27
5138,ok,28.5157,28.5157,14
5139,ok,48.0655,48.0655,23
514,ok,30.9614,30.9614,21
5140,ok,48.8770,48.8770,20
5141,ok,42.6197,42.6197,26
5142,ok,28.9298,28.9298,19
5143,ok,39.7524,39.7524,18
5144,ok,17.2400,17.2400,22
5145,ok,41.3598,41.3598,37
5146,ok,43.1371,43.1371,32
5147,ok,49.7613,49.7613,30
5148,ok,36.3787,36.3787,18
5149,ok,25.8459,25.8459,26
515,ok,45.8720,45.8720,28
5150,ok,39.8795,39.8795,22
5151,ok,43.3190,43.3190,27
5152,ok,47.6750,47.6750,43
5153,ok,37.5475,37.5475,17
5154,ok,38.2174,38.2174,26
5155,ok,47.4561,47.4561,16
5156,ok,47.0988,47.0988,31
5157,ok,46.7468,46.7468,23
5158,ok,29.7560,29.7560,21
5159,ok,35.7732,35.7732,27
516,ok,30.9857,30.9857,20
5160,ok,44.0595,44.0595,19
5161,ok,45.4348,45.4348,22
5162,ok,36.6737,36.6737,30
5163,ok,44.2503,44.2503,32
5164,ok,43.1249,43.1249,31
5165,ok,37.8903,37.8903,14
5166,ok,35.0857,35.0857,12
5167,ok,47.5553,47.5553,21
5168,ok,48.3025,48.3025,20
5169,ok,36.3888,36.3888,22
517,ok,38.6264,38.6264,19
5170,ok,44.3636,44.3636,19
5171,ok,35.9673,35.9673,23
5172,ok,43.4614,43.4614,12
5173,ok,47.1044,47.1044,24
5174,ok,38.6739,38.6739,11
5175,ok,49.5655,44.1603,18
5176,ok,45.4510,45.4510,25
5177,ok,39.1755,39.1755,14
5178,ok,49.8049,49.8049,30
5179,ok,48.4100,48.4100,17
518,ok,47.3149,46.9828,17
5180,ok,32.9855,32.9855,29
5181,ok,43.2513,43.2513,25
5182,ok,48.1904,48.1904,22
5183,ok,35.8956,35.8956,15
5184,ok,49.7379,49.7379,24
5185,ok,34.7104,34.7104,24
5186,ok,31.5606,31.5606,18
5187,ok,46.3219,46.3219,19
5188,ok,49.1233,49.1233,17
5189,ok,43.4271,43.4271,21
519,ok,32.9095,32.9095,19
5190,ok,47.8413,47.8413,21
5191,ok,49.1317,49.1317,23
5192,ok,29.9875,29.9875,26
5193,ok,39.2800,38.9240,27
5194,ok,32.3063,32.3063,17
5195,ok,45.6076,45.6076,19
5196,ok,43.2285,43.2285,14
5197,ok,20.5907,20.5907,18
5198,ok,35.4859,35.4859,23
5199,ok,40.8219,40.8219,17
52,ok,36.1330,36.1330,16
520,ok,39.9938,39.9938,44
5200,ok,38.6473,38.6473,51
5201,ok,48.2108,48.2108,31
5202,ok,17.6533,17.6533,18
5203,ok,32.1690,32.1690,24
5204,ok,38.0320,38.0320,15
5205,ok,31.1265,31.1265,32
5206,ok,36.2307,36.2307,11
5207,ok,29.6858,29.6858,29
5208,ok,48.6822,48.6822,40
5209,ok,33.1390,33.1389,19
521,ok,46.3079,46.3079,41
5210,ok,32.2868,32.2868,14
5211,ok,44.8302,44.8302,27
5212,ok,46.0344,46.0344,21
5213,ok,43.8680,43.8680,30
5214,ok,41.2152,41.2152,19
5215,ok,42.8890,42.8890,36
5216,ok,43.6421,43.6421,30
5217,ok,47.2658,47.2658,39
5218,ok,33.0381,33.0381,29
5219,ok,31.3454,31.3454,20
522,ok,28.4741,28.4741,25
5220,ok,40.2110,40.2110,25
5221,ok,40.2963,40.2963,15
5222,ok,38.1204,38.1204,17
5223,ok,21.0438,21.0438,27
5224,ok,35.0334,35.0334,24
5225,ok,43.7585,42.9635,19
5226,ok,43.3555,43.3555,22
5227,ok,49.3948,49.3948,19
5228,ok,27.2672,27.2672,24
5229,ok,46.9608,46.9608,42
523,ok,45.3228,45.3216,33
5230,ok,40.1065,40.1065,24
5231,ok,45.8755,45.8755,16
5232,ok,39.5055,39.5055,41
5233,ok,47.7262,47.7262,13
5234,ok,43.1913,42.9085,32
5235,ok,32.2151,32.2151,15
5236,ok,47.3750,47.3750,23
5237,ok,37.9081,37.9081,35
5238,ok,40.8201,40.8201,13
5239,ok,48.4427,48.4427,27
524,ok,45.3098,45.3098,17
5240,ok,48.7319,48.7319,25
5241,ok,48.0460,48.0460,28
5242,ok,24.4340,24.4340,34
5244,ok,31.5033,31.5033,13
5245,ok,32.2690,32.2690,23
5246,ok,15.9316,15.9316,30
5247,ok,49.9128,47.7963,25
5248,ok,47.0828,47.0828,42
5249,ok,46.2767,46.2767,60
525,ok,28.6406,28.6406,38
5250,ok,41.4939,41.4939,17
5251,ok,44.4273,43.8294,18
5252,ok,47.0288,47.0288,18
5253,ok,45.4177,45.4177,21
5254,ok,34.7667,34.7667,44
5255,ok,43.4169,43.4169,38
5256,ok,38.4668,38.4668,24
5257,ok,37.3747,37.3740,24
5258,ok,35.0956,35.0956,25
5259,ok,33.6871,33.6871,30
526,ok,43.2040,43.2040,17
5260,ok,34.5941,34.5941,22
5261,ok,40.3733,40.3733,22
5262,ok,48.4446,48.4446,29
5263,ok,41.8079,41.8079,14
5264,ok,48.4039,48.4039,26
5265,ok,42.6912,42.6912,42
5266,ok,45.5619,45.5619,13
5267,ok,21.6829,21.6829,37
5268,ok,41.5738,41.5738,19
5269,ok,45.7328,45.7328,30
527,ok,42.7177,42.7177,44
5270,ok,25.7675,25.7675,21
5271,ok,27.6291,27.6291,39
5272,ok,49.0569,49.0569,41
5273,ok,35.4351,35.4351,14
5274,ok,49.6499,49.6499,12
5275,ok,38.6761,38.6761,19
5276,ok,30.6405,30.6405,20
5277,ok,36.6424,36.6424,19
5278,ok,44.8585,44.8585,30
5279,ok,40.4752,40.4752,25
528,ok,46.9166,46.9166,14
5280,ok,44.6870,44.6870,18
5281,ok,44.6559,44.6559,22
5282,ok,36.4348,36.4348,24
5283,ok,48.7712,48.7712,24
5284,ok,38.5812,38.5812,22
5285,ok,38.0593,38.0593,15
5286,ok,22.4705,22.4705,15
5287,ok,29.7134,29.7134,31
5288,ok,45.4228,45.4228,36
5289,ok,47.9938,47.9938,19
529,ok,47.3125,47.3125,28
5290,ok,34.5223,34.5223,11
5291,ok,22.9484,22.9484,28
5292,ok,48.9340,48.9340,19
5293,ok,30.1692,30.1692,20
5294,ok,49.4708,49.4708,28
5295,ok,43.6569,43.6569,20
5296,ok,40.9773,40.9773,25
5297,ok,49.5014,49.5014,20
5298,ok,42.9152,42.4672,18
5299,ok,42.3395,42.3395,34
53,ok,47.3681,47.3681,36
530,ok,43.8399,43.0617,26
5300,ok,34.6996,34.6996,20
5301,ok,24.9120,24.9120,20
5302,ok,46.9534,46.9534,34
5303,ok,47.2445,47.2445,24
5304,ok,31.4376,31.4376,19
5305,ok,20.0103,20.0103,18
5306,ok,39.5468,39.5468,19
5307,ok,22.2493,22.2493,19
5308,ok,46.2998,46.2998,32
5309,ok,39.2423,39.2423,36
531,ok,44.3005,44.3005,31
5310,ok,45.9414,45.9414,22
5311,ok,34.4276,34.4276,20
5312,ok,42.0718,40.9278,30
5313,ok,34.6112,34.6112,22
5314,ok,41.5035,41.5035,14
5315,ok,39.8823,39.8823,18
5316,ok,41.0925,41.0925,24
5317,ok,32.9678,32.9678,16
5318,ok,35.2401,35.2401,30
532,ok,43.9932,43.9932,33
5320,ok,32.4004,32.4004,19
5321,ok,31.8128,31.8128,42
5322,ok,46.6292,46.6292,33
5323,ok,36.9090,36.9090,42
5324,ok,48.6970,48.6970,20
5325,ok,37.1730,37.1730,25
5326,ok,35.4977,35.4977,20
5327,ok,45.6382,45.6382,18
5329,ok,16.6433,16.6433,39
533,ok,43.3713,43.3713,34
5330,ok,41.2605,41.2605,23
5331,ok,29.6659,29.6659,14
5332,ok,45.1737,45.1737,16
5333,ok,44.4354,44.4354,16
5334,ok,47.3881,47.3881,25
5335,ok,49.1248,49.1248,14
5336,ok,48.4222,48.4222,34
5337,ok,34.2304,34.2304,16
5338,ok,33.7715,33.7715,14
5339,ok,41.9255,41.9255,18
534,ok,49.0727,49.0727,10
5340,ok,47.3861,47.3861,26
5341,ok,34.2994,34.2994,23
5342,ok,48.9941,48.9941,46
5343,ok,34.8050,34.8050,45
5344,ok,35.1126,35.1126,14
5345,ok,49.4880,49.4880,37
5346,ok,47.4083,47.4083,35
5347,ok,31.7264,31.7264,29
5348,ok,48.5984,48.5984,20
5349,ok,43.3060,43.3060,27
535,ok,38.2744,38.2744,19
5350,ok,36.9442,36.7454,19
5351,ok,46.7756,46.7756,26
5352,ok,26.1292,26.1292,23
5353,ok,45.9058,45.9058,9
5354,ok,39.3879,39.3879,16
5355,ok,49.3355,49.3355,27
5356,ok,18.0019,18.0019,28
5357,ok,49.0241,49.0241,24
5358,ok,23.8347,23.8347,43
5359,ok,16.9068,16.9068,15
536,ok,38.2601,38.2601,14
5360,ok,41.2396,41.2396,38
5361,ok,41.0011,41.0011,19
5362,ok,49.6376,49.6376,12
5363,ok,27.5542,27.5542,34
5364,ok,49.7393,49.7393,20
5365,ok,49.9923,49.9923,20
5366,ok,22.0269,22.0269,16
5367,ok,49.6750,49.6750,18
5368,ok,17.0468,17.0468,15
5369,ok,41.3280,41.3280,30
537,ok,29.0111,29.0111,25
5370,ok,39.8651,39.8651,25
5371,ok,38.7591,38.7591,27
5372,ok,44.5839,44.5839,11
5373,ok,45.4637,45.4637,20
5374,ok,35.6266,35.6266,29
5375,ok,47.4141,47.4140,29
5376,ok,47.9156,47.9156,16
5377,ok,45.8356,45.8356,12
5378,ok,31.8193,31.8193,10
5379,ok,38.1203,38.1203,27
538,ok,26.1409,26.1409,27
5380,ok,29.0486,29.0486,20
5381,ok,36.2503,36.2503,27
5382,ok,35.9932,35.9932,18
5383,ok,42.0228,42.0228,24
5384,ok,27.2918,27.2918,22
5385,ok,40.9041,40.9041,12
5386,ok,49.0383,49.0383,17
5387,ok,28.7212,28.7212,19
5388,ok,44.2271,44.2271,20
5389,ok,42.1294,42.1294,14
539,ok,25.1507,25.1507,35
5390,ok,43.1267,43.1267,29
5391,ok,49.6358,49.6358,14
5392,ok,49.6432,49.6432,26
5393,ok,44.9314,44.9314,29
5394,ok,39.1554,39.1553,17
5395,ok,47.4451,47.4451,22
5396,ok,26.7975,26.7975,19
5397,ok,33.7179,33.7179,20
5398,ok,48.5088,48.5088,12
5399,ok,41.7787,41.7787,13
54,ok,48.0722,45.6501,17
540,ok,38.4789,38.4789,19
5400,ok,45.9277,45.9277,49
5401,ok,45.9926,45.9926,15
5402,ok,30.5550,30.5550,33
5403,ok,49.9561,49.9561,29
5404,ok,40.2514,40.2514,23
5405,ok,32.7480,32.7480,26
5406,ok,30.2171,30.2171,17
5407,ok,22.9806,22.9806,27
5408,ok,38.4168,38.4168,15
5409,ok,48.4628,48.4628,27
541,ok,36.6943,36.6943,18
5410,ok,31.1955,31.1955,14
5411,ok,45.6067,45.6067,33
5412,ok,49.6379,49.6379,18
5413,ok,24.2981,24.2981,18
5414,ok,26.9251,26.9251,22
5415,ok,43.4442,43.4442,31
5416,ok,44.8001,44.8001,10
5417,ok,47.6229,47.6229,14
5418,ok,37.2140,37.2140,25
5419,ok,39.7761,39.7761,36
542,ok,41.9213,41.9213,15
5420,ok,43.3781,43.3781,24
5421,ok,34.3391,34.3391,49
5422,ok,47.0919,47.0919,16
5423,ok,43.7311,43.7311,21
5424,ok,49.7094,49.7094,46
5425,ok,45.1611,45.1611,28
5426,ok,43.2710,43.2710,36
5427,ok,30.6477,30.6477,22
5428,ok,49.5320,49.5320,27
5429,ok,46.5376,46.5376,14
543,ok,43.5776,43.5776,38
5430,ok,49.0746,49.0746,25
5431,ok,29.6952,29.6952,29
5432,ok,32.2832,32.2832,12
5433,ok,35.1594,35.1594,22
5434,ok,43.0464,43.0464,15
5435,ok,47.1528,47.1528,26
5436,ok,39.0786,39.0786,14
5437,ok,38.8722,38.8722,16
5438,ok,30.4060,30.4060,24
5439,ok,39.7297,39.7297,26
544,ok,46.4678,46.4678,20
5440,ok,38.8696,35.1447,33
5441,ok,48.9812,48.9812,35
5442,ok,46.9289,46.9289,21
5443,ok,47.5222,47.5222,15
5444,ok,37.4056,37.4056,26
5445,ok,49.6251,49.6251,72
5446,ok,42.6047,42.6047,18
5447,ok,47.6045,47.6045,43
5448,ok,43.3144,43.3144,26
5449,ok,35.6651,35.6651,31
545,ok,48.1775,48.1775,13
5450,ok,39.4907,39.4907,19
5451,ok,41.6288,41.6288,17
5452,ok,32.9551,32.9551,22
5453,ok,41.0488,41.0488,16
5454,ok,44.1974,44.1974,22
5455,ok,24.3980,24.3980,20
5456,ok,34.4295,34.4295,21
5457,ok,35.1712,35.1712,35
5458,ok,35.6421,35.6421,31
5459,ok,36.6073,36.6073,17
546,ok,39.6494,39.6494,24
5460,ok,49.7716,49.7716,14
5461,ok,38.1788,38.1788,21
5462,ok,68.5538,49.9135,41
5463,ok,41.8820,41.8820,38
5464,ok,41.9516,41.9516,17
5465,ok,29.7992,28.1960,23
5466,ok,45.7451,45.7451,26
5467,ok,27.3292,27.3292,26
5468,ok,31.7079,31.7079,36
5469,ok,33.8153,33.8153,31
547,ok,32.9706,32.9706,22
5470,ok,49.4456,49.4456,29
5471,ok,35.9635,35.9635,27
5472,ok,45.6715,45.6715,14
5473,ok,31.1668,31.1668,30
5474,ok,28.7656,28.7656,38
5475,ok,45.4811,45.4811,26
5476,ok,43.3045,43.3045,12
5477,ok,44.9313,44.9313,59
5478,ok,49.9289,49.6962,14
5479,ok,31.8192,31.8192,16
548,ok,29.1456,29.1456,11
5480,ok,28.8706,28.8706,18
5481,ok,31.0697,31.0697,21
5482,ok,39.0965,39.0965,37
5483,ok,46.9034,46.9034,17
5484,ok,48.3292,48.3292,23
5485,ok,37.9780,37.9780,25
5486,ok,44.2719,44.2719,30
5487,ok,33.5969,33.5969,21
5488,ok,46.8598,46.8598,25
5489,ok,31.9493,31.9493,13
549,ok,50.4164,49.2611,21
5490,ok,38.9412,38.9412,25
5491,ok,35.1504,35.1504,20
5492,ok,44.4192,44.4192,27
5493,ok,20.8816,20.8816,21
5494,ok,34.6534,34.6534,26
5495,ok,38.0528,38.0528,26
5496,ok,41.0272,41.0272,18
5497,ok,42.7647,42.7647,17
5498,ok,24.4776,24.4776,17
5499,ok,22.0818,22.0818,17
55,ok,38.3660,38.3660,36
550,ok,24.8654,24.8654,27
5500,ok,38.9515,38.9515,16
5501,ok,49.4769,49.4769,12
5502,ok,33.6551,33.6551,24
5503,ok,43.5802,43.5802,11
5504,ok,30.4111,30.4111,19
5505,ok,40.5973,40.5973,24
5506,ok,35.7287,35.7287,27
5507,ok,45.1178,45.1178,18
5508,ok,49.3990,49.3990,28
5509,ok,48.0881,48.0881,20
551,ok,28.2753,28.2753,19
5510,ok,46.4014,46.4014,31
5511,ok,49.6083,49.6083,19
5512,ok,48.0408,48.0408,29
5513,ok,45.8257,45.8257,19
5514,ok,27.1138,27.1138,28
5515,ok,38.4014,38.4014,25
5516,ok,28.7355,28.7355,22
5517,ok,44.2485,39.4231,19
5518,ok,26.8041,26.8041,31
5519,ok,46.2451,46.2451,41
552,ok,41.1467,41.1467,24
5520,ok,27.7762,27.7762,20
5521,ok,33.5089,33.5089,15
5522,ok,46.6453,46.6453,15
5523,ok,48.9417,48.9417,27
5524,ok,47.5934,47.5934,16
5525,ok,36.4412,36.4412,20
5526,ok,43.7326,43.7326,20
5527,ok,49.5288,49.5288,30
5528,ok,48.0125,48.0125,26
5529,ok,49.5682,49.5682,40
553,ok,38.6125,38.6125,25
5530,ok,47.8025,47.8025,17
5531,ok,40.7985,40.7985,14
5532,ok,48.1947,48.1947,28
5533,ok,32.7524,32.7524,26
5534,ok,29.7340,29.7340,18
5535,ok,39.4413,39.4413,16
5536,ok,39.8247,39.8247,26
5537,ok,29.8601,29.8601,16
5538,ok,39.4444,39.4444,19
5539,ok,42.1792,42.1792,19
554,ok,49.8094,49.8094,19
5540,ok,31.5805,31.5805,11
5541,ok,49.1949,49.1949,10
5542,ok,48.4827,48.4827,27
5543,ok,44.6286,44.6286,9
5544,ok,48.9674,48.9674,17
5545,ok,35.7598,35.7598,36
5546,ok,39.9941,39.9941,24
5547,ok,46.1028,46.1028,19
5548,ok,40.4090,40.4090,19
5549,ok,47.2592,47.2592,22
555,ok,48.9164,48.9164,32
5550,ok,44.9806,44.9806,37
5551,ok,38.0803,38.0803,21
5552,ok,37.4925,37.4925,16
5553,ok,36.9991,36.7292,16
5554,ok,41.1504,41.1504,24
5555,ok,43.5254,43.5254,21
5556,ok,36.9750,36.9750,11
5557,ok,49.7240,49.7240,15
5558,ok,44.0706,44.0706,34
5559,ok,47.5242,47.5242,28
556,ok,20.1948,20.1948,12
5560,ok,42.6467,42.6467,16
5561,ok,49.6795,49.6795,42
5562,ok,39.7815,39.7815,11
5563,ok,40.8874,40.8874,17
5564,ok,28.1844,28.1844,22
5565,ok,35.0529,33.8557,39
5566,ok,40.6706,40.6706,23
5567,ok,46.1990,46.1990,22
5568,ok,39.2332,38.6967,27
5569,ok,22.2068,22.2068,23
557,ok,41.5249,41.5249,26
5570,ok,43.7150,43.7150,44
5571,ok,49.8107,49.8107,13
5572,ok,37.7701,37.7701,21
5573,ok,24.4548,24.4548,19
5574,ok,30.1479,30.1479,23
5575,ok,40.0963,40.0963,27
5577,ok,44.1245,43.8537,34
5578,ok,42.0324,42.0324,20
5579,ok,45.8200,45.8200,23
558,ok,46.5461,46.5461,18
5580,ok,22.5911,22.5911,27
5581,ok,27.8752,27.8752,19
5582,ok,22.1808,22.1808,23
5583,ok,45.4272,45.4272,23
5584,ok,47.9382,47.9382,21
5585,ok,33.7310,33.7310,18
5586,ok,43.1232,43.1232,19
5587,ok,55.9465,49.8454,13
5588,ok,32.5640,32.5640,25
5589,ok,48.2435,48.2435,20
559,ok,48.1879,48.1879,14
5590,ok,43.7790,43.7790,19
5591,ok,52.2144,46.5203,14
5592,ok,46.9356,46.9356,28
5593,ok,32.6694,32.6694,32
5594,ok,34.1351,34.1351,30
5595,ok,38.5832,38.5832,21
5596,ok,20.5199,20.5199,30
5597,ok,41.0131,41.0131,26
5598,ok,41.2856,41.2856,21
5599,ok,51.9795,46.3110,18
56,ok,47.5815,47.5815,35
560,ok,43.5471,43.5471,14
5600,ok,33.8616,33.8616,32
5602,ok,25.6157,25.6157,32
5603,ok,47.6625,47.6625,24
5604,ok,37.5015,37.5015,28
5605,ok,48.0703,48.0703,12
5606,ok,37.5825,37.5825,26
5607,ok,36.2440,36.2440,21
5608,ok,45.9023,45.9023,29
5609,ok,49.3447,49.3447,11
561,ok,41.4695,41.4695,26
5610,ok,40.3604,40.3604,33
5611,ok,46.4728,46.4728,14
5612,ok,42.4288,42.4288,16
5613,ok,36.0946,36.0946,17
5614,ok,26.8711,26.8711,33
5615,ok,37.5915,37.5915,19
5616,ok,41.6014,41.6014,20
5617,ok,33.8155,33.8155,14
5618,ok,48.9250,48.9250,36
5619,ok,39.4492,39.4492,23
562,ok,45.9756,45.9756,23
5620,ok,51.1048,49.5676,26
5621,ok,35.4018,35.4018,15
5622,ok,39.4440,39.4440,19
5623,ok,34.0865,34.0865,17
5624,ok,39.7443,39.7443,22
5625,ok,44.5644,44.5644,19
5626,ok,34.7158,34.7158,19
5627,ok,49.0003,49.0003,20
5628,ok,48.7232,48.7232,20
5629,ok,38.1090,38.1090,17
563,ok,43.0133,43.0133,26
5630,ok,35.5001,33.6814,10
5631,ok,47.0418,47.0418,29
5632,ok,40.8914,40.8914,24
5633,ok,23.2776,23.2776,16
5634,ok,44.3527,44.3527,26
5635,ok,37.6980,37.6980,38
5636,ok,47.8506,47.8506,35
5637,ok,46.7046,46.7046,30
5638,ok,26.6509,26.6509,21
5639,ok,50.0711,44.6108,11
564,ok,40.9245,40.9245,28
5640,ok,39.6038,39.6038,26
5641,ok,43.5733,43.5733,40
5642,ok,35.0499,35.0499,14
5643,ok,49.5493,49.5493,28
5644,ok,46.1970,46.1970,26
5645,ok,34.8931,34.8931,16
5646,ok,46.9001,46.9001,30
5647,ok,49.3903,49.3903,39
5648,ok,24.0735,24.0735,16
5649,ok,42.0722,42.0722,20
565,ok,46.6410,41.5547,19
5650,ok,34.5538,30.7856,15
5651,ok,32.3050,32.3050,24
5652,ok,42.2654,42.2654,36
5653,ok,48.2724,48.2724,23
5654,ok,45.2327,45.2327,42
5655,ok,48.3205,48.3205,42
5656,ok,46.1429,45.3790,15
5657,ok,49.5389,49.5389,28
5658,ok,42.3865,42.3865,23
5659,ok,49.5404,49.5404,27
566,ok,49.9500,44.5029,14
5660,ok,44.1778,44.1778,30
5661,ok,44.8538,44.2076,23
5662,ok,49.0320,49.0320,27
5663,ok,49.2457,49.2457,17
5664,ok,39.3282,39.3282,18
5665,ok,26.5446,26.5446,35
5666,ok,45.9720,45.9720,33
5667,ok,33.0330,33.0330,18
5668,ok,35.4778,35.4778,24
5669,ok,43.2215,43.2215,16
567,ok,25.7700,25.7700,23
5670,ok,27.7908,27.7908,11
5671,ok,49.0646,49.0646,24
5672,ok,40.4982,40.4982,42
5673,ok,47.7195,47.7195,20
5674,ok,34.5439,34.5439,21
5675,ok,48.1025,48.1025,44
5676,ok,25.0121,25.0121,21
5677,ok,40.2570,40.2570,13
5678,ok,49.3940,49.3940,25
5679,ok,33.5173,33.5173,32
568,ok,41.5657,41.5657,33
5680,ok,40.4794,40.4794,21
5681,ok,40.0779,39.7155,35
5682,ok,34.0458,34.0458,25
5683,ok,45.1110,45.1110,14
5684,ok,45.9516,45.9516,21
5685,ok,49.2652,49.2652,17
5686,ok,49.1379,49.1379,12
5687,ok,49.5171,49.5171,23
5688,ok,44.1586,44.1586,19
5689,ok,45.3366,45.3366,19
569,ok,31.6154,31.6154,21
5690,ok,45.8793,45.8793,25
5691,ok,15.7963,15.7963,19
5692,ok,38.5557,38.5557,31
5693,ok,39.7619,39.7619,13
5694,ok,31.8636,31.8636,21
5695,ok,40.2706,40.2706,25
5696,ok,34.8730,34.8730,15
5697,ok,49.3343,49.3343,14
5698,ok,47.2446,47.2446,50
5699,ok,32.3067,31.6552,17
57,ok,33.9556,33.9556,35
570,ok,27.5827,27.5827,35
5700,ok,36.0969,36.0969,29
5701,ok,32.9570,32.9570,35
5702,ok,49.4189,49.4189,24
5703,ok,47.0141,47.0141,26
5704,ok,48.2325,48.2325,16
5705,ok,15.4634,15.4634,23
5706,ok,23.3133,23.3133,23
5707,ok,38.0503,38.0503,37
5708,ok,30.0533,30.0533,20
5709,ok,43.2679,43.2679,34
571,ok,42.1045,42.1045,19
5710,ok,37.3301,37.3301,32
5711,ok,36.2122,36.2122,23
5712,ok,32.5069,32.5069,33
5713,ok,48.4293,48.4293,22
5714,ok,41.4886,41.4886,25
5715,ok,29.7737,29.7737,25
5716,ok,24.9318,24.9318,35
5717,ok,49.3769,49.3769,35
5718,ok,36.7592,36.7592,21
5719,ok,48.4229,46.5653,24
572,ok,35.7174,35.7174,31
5720,ok,43.4072,43.4072,14
5721,ok,42.2693,42.2693,27
5722,ok,45.8936,45.8936,30
5723,ok,47.2228,47.2228,29
5724,ok,46.1510,46.1510,31
5725,ok,46.2554,46.1949,26
5726,ok,41.2283,41.2283,17
5727,ok,43.2369,43.2369,21
5728,ok,44.5457,44.5457,19
5729,ok,36.6195,36.6195,31
573,ok,41.3325,41.3325,13
5730,ok,30.7277,30.7277,38
5731,ok,27.5615,27.5615,17
5732,ok,44.0593,44.0593,22
5733,ok,35.9706,35.9706,21
5734,ok,47.2774,47.2774,21
5735,ok,29.6228,29.6228,11
5736,ok,41.2207,41.2207,21
5737,ok,42.0381,42.0381,18
5738,ok,27.1716,27.1716,24
5739,ok,44.0813,44.0813,14
574,ok,39.7961,35.4563,23
5740,ok,47.7223,47.7223,12
5741,ok,46.3798,46.3798,15
5742,ok,42.9584,42.9584,20
5743,ok,46.1219,46.1219,39
5744,ok,44.5978,44.5978,16
5745,ok,38.8523,38.8523,29
5746,ok,42.0300,42.0300,41
5747,ok,42.9421,42.9421,21
5748,ok,37.9770,37.9770,34
5749,ok,29.7338,28.8150,35
575,ok,45.0742,45.0742,28
5750,ok,43.3816,43.3816,29
5752,ok,34.8247,34.8247,33
5753,ok,46.6625,46.6625,31
5754,ok,46.2603,46.2603,19
5755,ok,40.0103,40.0086,19
5756,ok,17.1048,16.6059,30
5757,ok,30.4007,30.4007,20
5758,ok,46.1735,46.1735,22
5759,ok,43.4123,43.4123,25
576,ok,44.0066,44.0066,24
5760,ok,22.0379,21.7129,16
5761,ok,43.5084,43.5084,23
5762,ok,35.1092,35.1092,17
5763,ok,46.6382,46.6382,18
5764,ok,25.8550,25.8550,23
5765,ok,49.4057,49.4057,21
5766,ok,40.6315,40.6315,22
5767,ok,46.5073,41.4356,23
5768,ok,42.2575,42.2575,19
5769,ok,42.2784,42.2784,35
577,ok,39.1060,39.1060,17
5770,ok,34.3479,34.3479,19
5771,ok,36.3880,36.3880,17
5772,ok,16.0512,16.0512,22
5773,ok,37.5263,37.5263,17
5774,ok,40.7278,40.7278,18
5775,ok,48.9233,48.9233,26
5776,ok,19.1561,19.1561,29
5777,ok,40.2394,40.2394,20
5778,ok,39.9416,39.9416,30
5779,ok,31.4937,31.4937,21
578,ok,44.2386,44.2386,21
5780,ok,45.7311,45.7311,13
5781,ok,44.0721,44.0721,25
5782,ok,42.2028,42.2028,20
5783,ok,29.5502,26.3277,23
5784,ok,43.1382,43.1382,18
5785,ok,45.7547,45.7547,21
5786,ok,45.5081,45.5081,17
5787,ok,37.4019,37.4019,8
5788,ok,34.0505,33.2118,28
5789,ok,46.9062,46.9062,16
579,ok,40.2475,40.2475,22
5790,ok,42.7046,42.7046,20
5791,ok,40.8342,40.8342,26
5792,ok,34.4730,34.4730,30
5793,ok,47.0435,47.0435,19
5794,ok,36.3454,36.3454,10
5795,ok,42.7868,42.7868,14
5796,ok,47.4365,47.4365,19
5797,ok,39.1948,39.1948,17
5798,ok,30.0350,30.0350,19
5799,ok,30.7416,30.7416,50
58,ok,48.0725,48.0725,32
580,ok,49.4736,49.4736,13
5800,ok,43.9307,43.9307,36
5801,ok,13.4297,13.4297,19
5802,ok,49.8242,49.8242,12
5803,ok,38.2037,38.2037,28
5804,ok,47.5715,47.5715,30
5805,ok,46.3234,46.3234,17
5806,ok,42.8150,42.8150,35
5807,ok,34.6729,34.6729,14
5808,ok,45.2372,45.2372,15
5809,ok,32.5930,32.5930,32
581,ok,42.3408,42.3408,12
5810,ok,17.2645,17.2645,23
5811,ok,46.5871,46.5871,25
5812,ok,49.6782,49.6782,35
5813,ok,17.6813,17.6813,42
5814,ok,48.8110,48.8110,31
5815,ok,49.5814,49.5814,19
5816,ok,34.8924,34.8924,17
5817,ok,46.8166,46.8166,20
5818,ok,44.0231,44.0231,26
5819,ok,30.3152,30.3152,25
582,ok,38.9141,38.9141,32
5820,ok,41.3670,40.5104,26
5821,ok,36.3010,32.3423,19
5822,ok,34.1842,34.1842,11
5823,ok,42.7507,42.7507,22
5824,ok,34.3413,34.3413,20
5825,ok,46.2408,43.8424,17
5826,ok,47.7808,47.7808,17
5827,ok,46.3596,46.3596,20
5828,ok,53.8349,47.7513,16
5829,ok,43.7017,43.7017,19
583,ok,38.5481,38.5481,16
5830,ok,45.8706,45.8706,17
5831,ok,34.5013,30.7389,13
5832,ok,46.4072,46.4072,12
5833,ok,40.8974,40.8974,23
5834,ok,41.1503,41.1503,18
5835,ok,34.9094,34.9094,20
5836,ok,36.4775,36.4775,28
5837,ok,37.2023,37.2023,15
5838,ok,36.4656,36.4656,27
5839,ok,47.6238,47.6238,15
584,ok,45.0253,45.0253,25
5840,ok,48.5176,48.5176,19
5842,ok,46.4471,46.4471,22
5843,ok,37.4674,37.4674,11
5844,ok,37.3144,37.3144,19
5845,ok,35.6384,35.6384,28
5846,ok,41.2288,41.2288,42
5847,ok,45.6197,45.6197,12
5848,ok,49.1851,49.1851,22
5849,ok,43.9409,43.9409,19
585,ok,38.2236,38.2236,35
5850,ok,25.4466,25.4466,24
5852,ok,46.5418,46.5418,13
5853,ok,41.9948,41.9948,17
5854,ok,49.5823,49.5823,15
5855,ok,38.1822,38.1822,18
5856,ok,47.8760,47.8760,32
5857,ok,47.7143,47.7143,10
5858,ok,43.4638,43.4638,25
5859,ok,30.3156,30.3156,17
586,ok,31.6014,31.6014,32
5860,ok,28.4541,28.4541,28
5861,ok,39.4785,39.4785,17
5862,ok,45.1080,45.1080,30
5863,ok,36.6755,36.6755,32
5864,ok,45.4066,45.4066,28
5866,ok,30.2048,30.2048,28
5867,ok,26.3685,26.3685,22
5868,ok,47.7823,47.7823,9
5869,ok,16.7976,16.7942,14
587,ok,47.9835,47.9835,14
5870,ok,41.7960,41.7960,24
5871,ok,44.2554,44.2554,15
5872,ok,48.3948,48.3948,20
5873,ok,47.0268,44.6021,18
5874,ok,31.1547,31.1547,23
5875,ok,48.8798,48.8798,27
5876,ok,26.9433,26.9433,17
5877,ok,45.5819,45.5819,18
5878,ok,40.2148,40.2148,18
5879,ok,34.6991,34.6991,24
588,ok,25.0144,25.0144,20
5880,ok,32.1214,32.1214,24
5881,ok,39.5818,39.5818,28
5882,ok,42.2344,42.2344,24
5883,ok,43.9892,43.9892,17
5884,ok,33.9311,33.9311,14
5885,ok,45.9762,45.9762,12
5886,ok,25.8603,25.8603,21
5887,ok,49.8259,49.8259,16
5888,ok,47.2156,47.2156,12
5889,ok,43.6790,43.6790,19
589,ok,47.2147,47.2147,20
5890,ok,35.0312,35.0312,29
5891,ok,47.2144,45.3314,27
5892,ok,35.5404,35.5404,22
5893,ok,38.7995,38.7995,32
5894,ok,38.0976,38.0976,17
5895,ok,45.4655,45.4655,25
5896,ok,35.5163,35.5163,25
5897,ok,47.2684,47.2684,31
5898,ok,46.8526,46.8526,27
5899,ok,46.4222,46.4222,16
59,ok,32.3736,32.3736,16
590,ok,44.3592,44.3592,29
5900,ok,46.9765,46.9765,15
5901,ok,49.9283,49.9283,22
5902,ok,26.6135,26.6135,17
5903,ok,43.8987,43.8987,17
5904,ok,22.5344,22.5344,12
5905,ok,49.4128,49.4128,19
5906,ok,46.2423,46.2423,14
5907,ok,38.4002,38.4002,27
5908,ok,41.8793,41.8793,21
5909,ok,41.4950,41.4950,34
591,ok,41.4760,41.4760,20
5910,ok,29.9527,29.9527,13
5911,ok,46.3338,46.3338,39
5912,ok,44.5948,44.5948,28
5913,ok,48.1933,48.1933,11
5914,ok,46.3422,46.3422,27
5915,ok,23.6017,23.6017,27
5916,ok,44.9534,44.9534,14
5917,ok,31.0530,31.0530,9
5918,ok,39.3786,39.3786,10
5919,ok,46.9158,46.9158,34
5920,ok,47.3954,47.3954,20
5921,ok,38.0814,38.0814,25
5922,ok,39.9264,39.9264,14
5923,ok,43.0071,43.0071,27
5924,ok,45.4894,45.4894,16
5925,ok,40.3551,40.3551,21
5926,ok,34.4100,34.4100,17
5927,ok,25.1350,25.1350,21
5928,ok,46.4157,46.4157,24
5929,ok,48.1737,48.1737,19
593,ok,42.2056,42.2056,11
5930,ok,41.5999,41.5999,25
5931,ok,43.6230,43.6230,20
5932,ok,39.9338,39.9338,15
5933,ok,39.0195,39.0195,22
5934,ok,47.7855,47.7855,26
5935,ok,32.8010,32.8010,32
5936,ok,36.3366,36.3366,17
5937,ok,33.5728,33.5728,10
5938,ok,47.6405,47.6405,17
5939,ok,35.2437,35.2437,29
594,ok,36.2338,36.2338,31
5940,ok,36.6104,36.6104,16
5942,ok,28.5946,28.5946,42
5943,ok,22.8552,22.8552,16
5944,ok,49.9905,49.9905,24
5945,ok,31.6641,31.6641,27
5946,ok,44.3862,44.3862,20
5947,ok,33.7505,33.7505,20
5948,ok,42.0140,42.0140,17
5949,ok,43.7333,43.7333,18
595,ok,49.1097,49.1097,21
5950,ok,20.7641,20.7641,30
5951,ok,24.4911,24.4911,19
5952,ok,23.2621,23.2621,41
5953,ok,38.2909,38.2909,32
5954,ok,39.9359,39.9359,17
5955,ok,43.9467,43.9467,15
5956,ok,41.2955,41.2955,27
5957,ok,46.3485,46.3485,21
5958,ok,49.9509,49.9509,17
5959,ok,32.2193,32.2193,17
596,ok,41.1913,41.1913,22
5960,ok,49.2117,49.2117,27
5961,ok,49.9842,49.9842,18
5962,ok,32.1818,32.1818,25
5963,ok,31.9761,31.9761,30
5964,ok,49.9305,49.5585,18
5965,ok,39.1065,39.1065,14
5966,ok,43.3072,43.3072,36
5967,ok,39.1288,39.1288,37
5968,ok,44.9320,44.9320,34
5969,ok,61.1703,46.6695,21
597,ok,42.9320,42.9320,21
5970,ok,43.4034,43.4034,15
5971,ok,37.0769,37.0769,12
5972,ok,45.5300,45.5300,9
5973,ok,28.4385,28.4385,17
5974,ok,33.7027,33.7027,12
5975,ok,30.7038,30.7038,21
5976,ok,38.0305,38.0305,32
5977,ok,35.4296,35.4296,24
5978,ok,28.3530,27.9847,31
5979,ok,30.9830,30.9830,32
598,ok,44.0939,44.0939,32
5980,ok,34.3397,34.3397,21
5981,ok,47.2415,47.2415,21
5982,ok,22.6181,22.6181,30
5983,ok,48.6536,48.6536,27
5984,ok,49.7504,49.7504,22
5985,ok,33.5179,33.5179,26
5986,ok,45.1288,45.1288,19
5987,ok,39.5154,39.5154,11
5988,ok,48.2453,48.2453,22
5989,ok,42.5755,42.5755,20
599,ok,49.9974,49.3755,29
5990,ok,40.8158,40.8158,33
5991,ok,41.7467,41.7467,22
5992,ok,47.8856,47.8856,14
5993,ok,36.7949,36.7949,15
5994,ok,48.3476,48.3476,12
5995,ok,52.1036,45.6132,21
5996,ok,28.8472,28.8472,37
5997,ok,35.8161,35.8161,37
5998,ok,49.9740,49.9740,27
5999,ok,35.9271,35.9271,23
6,ok,30.6744,30.2036,44
60,ok,44.3870,44.3870,15
6000,ok,48.5935,48.5935,26
6001,ok,45.5272,45.5272,31
6002,ok,45.4617,45.4617,18
6003,ok,44.0675,44.0675,15
6004,ok,43.8761,43.8761,26
6005,ok,30.9683,30.9683,32
6006,ok,43.6053,43.6053,16
6007,ok,41.9034,41.9034,22
6008,ok,40.2495,40.2495,22
6009,ok,44.6250,44.6250,30
601,ok,30.0432,30.0432,30
6010,ok,34.2783,34.2783,23
6011,ok,36.6968,36.6968,16
6012,ok,44.7462,44.7462,16
6013,ok,43.6167,38.8602,17
6014,ok,42.4815,42.4815,26
6015,ok,42.2828,42.2828,17
6016,ok,36.7776,36.7776,17
6017,ok,49.4662,49.4662,32
6018,ok,48.1336,48.1336,14
6019,ok,44.5272,44.5272,35
602,ok,23.9001,23.9001,18
6020,ok,28.7236,28.7236,35
6021,ok,44.5502,44.5502,29
6022,ok,43.8082,43.8082,19
6023,ok,34.0455,34.0455,17
6024,ok,49.7724,49.7724,15
6025,ok,30.5536,30.5536,14
6026,ok,31.2902,31.2902,47
6027,ok,44.7473,44.7473,24
6028,ok,45.3414,45.3414,30
6029,ok,46.4301,46.4301,31
603,ok,37.5618,37.5618,30
6030,ok,46.6087,46.6087,14
6031,ok,49.4720,49.4720,24
6032,ok,36.0150,36.0150,19
6033,ok,36.0730,36.0730,19
6034,ok,41.1909,41.1909,29
6035,ok,47.7979,47.7979,35
6036,ok,31.7153,31.7153,15
6037,ok,49.1162,49.1162,37
6038,ok,39.3216,39.3216,13
6039,ok,33.2339,33.2339,24
604,ok,43.0145,43.0145,29
6040,ok,49.2173,49.2173,26
6041,ok,33.8269,33.8269,39
6042,ok,43.8324,43.8324,33
6043,ok,30.3454,30.3454,11
6044,ok,40.7571,40.7571,23
6045,ok,30.8311,30.8311,17
6046,ok,47.9994,47.9994,28
6047,ok,40.5319,40.5319,17
6048,ok,47.4257,47.4257,29
6049,ok,48.8600,48.8600,25
605,ok,25.3138,25.3138,12
6050,ok,47.1358,47.1358,17
6051,ok,32.4127,32.4127,29
6052,ok,48.6052,48.6052,27
6053,ok,47.4444,47.4444,17
6054,ok,16.3552,16.3552,19
6055,ok,38.5291,38.5291,20
6056,ok,44.0740,44.0740,25
6057,ok,23.6530,23.6530,15
6058,ok,32.3210,32.3210,29
6059,ok,37.0166,37.0166,28
606,ok,27.1930,27.1930,21
6060,ok,45.2463,45.2463,30
6061,ok,23.3343,23.3343,34
6062,ok,17.9791,17.9791,44
6063,ok,37.9840,37.9840,11
6064,ok,21.9116,21.9116,35
6065,ok,47.8592,47.8592,16
6066,ok,29.1105,29.1105,21
6067,ok,42.1829,42.1829,26
6068,ok,40.8772,40.8772,20
6069,ok,47.6964,47.6964,19
607,ok,43.6873,42.0795,27
6071,ok,47.0078,47.0078,33
6072,ok,35.8627,35.8627,22
6073,ok,44.7905,44.7905,40
6074,ok,34.9808,34.9808,44
6075,ok,42.2204,42.2204,26
6076,ok,43.9355,43.9355,13
6077,ok,48.9863,48.9863,14
6078,ok,26.5059,26.5059,19
6079,ok,22.0281,22.0281,25
608,ok,39.3954,39.3954,21
6080,ok,31.8568,31.8568,21
6081,ok,30.1849,26.0760,27
6082,ok,41.9427,41.9427,17
6083,ok,45.9504,45.9504,42
6084,ok,49.0043,49.0043,24
6085,ok,40.8824,40.8824,24
6086,ok,31.5264,31.5264,23
6087,ok,20.9769,20.9769,25
6088,ok,43.5939,43.5939,14
6089,ok,46.2016,46.2016,25
609,ok,42.7862,42.7862,29
6090,ok,42.0985,42.0985,24
6091,ok,31.2127,31.2127,22
6092,ok,43.3572,43.3572,17
6093,ok,48.9250,48.9250,25
6094,ok,47.1582,47.1582,23
6095,ok,17.4295,17.4295,23
6096,ok,32.7603,32.7603,27
6097,ok,40.4428,40.4428,14
6098,ok,22.9605,20.9470,35
6099,ok,48.6650,48.6650,25
61,ok,42.2117,42.2117,19
610,ok,47.3929,47.3929,24
6100,ok,27.5397,27.5397,15
6101,ok,38.1207,38.1207,34
6102,ok,34.0215,34.0215,20
6103,ok,49.6226,49.6226,19
6104,ok,47.7742,47.7742,11
6105,ok,48.6088,48.6088,29
6106,ok,35.8465,35.3400,29
6107,ok,31.8993,29.1831,18
6108,ok,43.1545,43.1545,16
6109,ok,43.0479,43.0479,17
611,ok,37.8562,37.8562,45
6110,ok,38.1822,38.1822,40
6111,ok,46.5282,46.5282,24
6112,ok,46.3403,46.3403,48
6113,ok,33.7152,33.7152,29
6114,ok,47.7958,47.7958,41
6115,ok,49.7510,49.7510,22
6116,ok,49.7081,49.7081,19
6117,ok,48.9167,48.9167,15
6118,ok,45.5323,45.5323,25
6119,ok,46.9518,46.9518,22
612,ok,37.3556,37.3556,30
6120,ok,30.9393,30.9393,30
6121,ok,38.1297,38.1297,36
6122,ok,40.4812,40.4812,32
6123,ok,49.4874,49.4874,14
6124,ok,49.8002,49.8002,42
6125,ok,17.9850,17.9850,12
6126,ok,47.9490,47.9490,10
6127,ok,49.6534,44.2386,16
6128,ok,48.7985,48.7985,37
6129,ok,40.4997,40.4997,32
613,ok,36.5722,36.5722,13
6130,ok,47.3291,47.3291,43
6131,ok,48.8971,48.8971,14
6132,ok,38.8272,38.8272,30
6133,ok,48.8335,48.8335,15
6134,ok,43.9909,43.9909,16
6135,ok,49.2015,49.2015,24
6136,ok,46.2677,46.2677,30
6137,ok,41.8803,41.8803,17
6138,ok,47.2217,47.2217,24
6139,ok,29.7302,29.7302,22
614,ok,44.3380,44.3380,12
6140,ok,31.5630,31.5630,31
6141,ok,19.2944,16.6320,5
6142,ok,42.6963,42.6963,26
6144,ok,38.0529,38.0529,17
6145,ok,28.0042,28.0042,27
6146,ok,45.8382,45.8382,16
6147,ok,37.9492,37.9492,26
6148,ok,46.7443,46.7443,22
6149,ok,28.0523,28.0523,25
615,ok,38.2081,36.6447,9
6150,ok,86.6738,37.2540,19
6151,ok,46.0391,46.0391,29
6152,ok,33.4003,33.4003,16
6153,ok,45.6042,45.6042,21
6154,ok,46.5039,46.5039,18
6155,ok,45.6334,45.6334,23
6156,ok,35.4456,35.4456,23
6157,ok,21.7175,21.7175,21
6158,ok,24.6977,24.6977,16
6159,ok,44.3526,44.3526,17
616,ok,42.4247,42.4247,13
6160,ok,45.0682,45.0682,32
6161,ok,36.7233,32.7186,26
6162,ok,14.9832,14.9832,27
6163,ok,21.1528,21.1528,22
6164,ok,40.9326,40.9326,34
6165,ok,38.9086,38.9086,22
6166,ok,29.9012,29.9012,17
6167,ok,45.8013,45.8013,25
6168,ok,44.8067,44.8067,21
6169,ok,45.1285,45.1285,10
617,ok,29.8046,29.8046,16
6170,ok,24.6074,24.6074,22
6171,ok,28.1935,28.1935,16
6172,ok,46.5121,46.5121,26
6173,ok,43.4719,43.4719,29
6174,ok,46.6161,46.6161,19
6175,ok,47.7506,47.7506,19
6176,ok,45.4544,45.4544,19
6177,ok,36.7557,36.7557,19
6178,ok,47.1321,47.1321,32
6179,ok,42.1541,42.1541,21
618,ok,48.7537,48.7537,22
6180,ok,47.2408,47.2408,16
6181,ok,36.7868,36.7868,36
6182,ok,29.9279,28.8987,18
6183,ok,44.9743,44.9743,29
6184,ok,40.7417,40.7417,17
6185,ok,36.2331,36.2331,26
6186,ok,36.2154,36.2154,16
6187,ok,45.9034,45.9034,10
6188,ok,41.3221,39.7280,19
6189,ok,46.3746,46.3746,24
619,ok,50.0724,48.4983,52
6190,ok,41.7402,41.7402,16
6191,ok,45.5145,43.7888,17
6192,ok,48.6679,48.6679,21
6193,ok,31.1684,31.1684,28
6194,ok,47.8312,47.8312,21
6195,ok,55.6599,49.5900,14
6196,ok,27.1351,27.1351,16
6197,ok,34.5099,34.5099,24
6198,ok,44.7689,44.7689,42
6199,ok,21.1897,21.1897,16
62,ok,44.1104,44.1104,13
6200,ok,42.4177,42.4177,42
6201,ok,43.8938,43.8938,14
6202,ok,48.7403,48.7403,32
6203,ok,45.2762,45.2762,30
6204,ok,20.3129,20.3129,17
6205,ok,38.8013,38.8013,30
6206,ok,49.8464,49.8464,28
6207,ok,45.1878,45.1878,20
6208,ok,43.1404,43.1404,24
6209,ok,49.3976,49.3976,25
621,ok,47.4530,47.4530,31
6211,ok,28.4828,28.4828,26
6212,ok,45.2172,45.2171,19
6213,ok,45.3201,45.3201,27
6214,ok,44.9565,44.9565,32
6215,ok,47.9659,47.9659,10
6216,ok,43.8387,43.8387,15
6217,ok,36.8671,36.8671,8
6218,ok,31.3549,31.3549,26
6219,ok,33.7057,33.7057,24
622,ok,40.6811,40.6811,18
6220,ok,35.8579,35.8579,29
6221,ok,49.3324,49.3324,27
6222,ok,32.7048,32.7048,10
6223,ok,45.1855,43.5826,24
6224,ok,46.4658,46.4658,40
6225,ok,49.2914,49.2914,14
6226,ok,47.3763,43.8835,17
6227,ok,49.1828,49.1828,25
6228,ok,29.3393,29.3393,16
623,ok,49.8768,49.8768,15
6230,ok,40.4725,40.4725,17
6231,ok,46.0966,46.0966,25
6232,ok,29.6647,29.6647,31
6233,ok,49.9213,49.9213,23
6234,ok,46.6767,46.6767,33
6235,ok,42.8023,42.8023,36
6236,ok,29.5013,29.5013,43
6237,ok,50.8096,45.2687,22
6238,ok,35.5397,35.5397,37
6239,ok,47.4403,47.2758,23
624,ok,44.0608,39.2559,21
6240,ok,48.5033,48.5033,18
6241,ok,47.1256,47.1256,11
6242,ok,41.3443,41.3443,32
6243,ok,20.1488,20.1488,33
6244,ok,36.1061,36.1061,33
6245,ok,42.7340,42.7340,21
6246,ok,44.5303,44.5303,18
6247,ok,24.5169,24.5169,33
6248,ok,48.1461,48.1461,19
6249,ok,43.4862,43.4862,27
625,ok,42.7739,42.7739,34
6250,ok,36.9858,32.9524,20
6251,ok,43.4601,43.4601,37
6252,ok,45.1184,45.1184,14
6253,ok,32.2875,32.2875,16
6254,ok,39.4607,39.4607,29
6255,ok,38.7366,38.7366,21
6256,ok,28.3935,28.3935,26
6257,ok,46.4313,46.4313,38
6258,ok,49.5187,49.5187,17
6259,ok,40.2202,39.2327,38
626,ok,48.3631,48.3631,34
6260,ok,34.1955,34.1955,28
6261,ok,40.0850,40.0850,21
6262,ok,44.3487,44.3487,23
6263,ok,41.0765,41.0765,12
6264,ok,36.9990,36.9990,22
6265,ok,47.6267,47.6267,18
6266,ok,30.0230,30.0230,14
6267,ok,39.7532,39.7532,17
6268,ok,37.1827,37.1827,39
6269,ok,49.2560,49.2560,22
627,ok,42.9797,42.9797,19
6270,ok,45.5672,45.5672,27
6271,ok,38.1626,38.1626,18
6272,ok,42.3586,42.3586,19
6273,ok,39.7030,38.2741,29
6274,ok,54.6132,48.6575,43
6275,ok,45.3284,45.3284,30
6276,ok,21.2045,21.2045,21
6277,ok,33.2464,33.2464,17
6278,ok,44.2729,44.2729,22
6279,ok,30.4844,30.4844,28
628,ok,19.7572,19.7572,24
6280,ok,42.5453,42.5453,28
6281,ok,30.8760,30.8760,20
6282,ok,39.9767,39.9767,29
6283,ok,32.0212,32.0212,24
6284,ok,35.1510,34.4905,27
6285,ok,44.0923,44.0923,20
6286,ok,42.4253,42.4253,23
6287,ok,29.3701,29.3701,15
6288,ok,37.4382,37.4382,21
629,ok,43.1603,43.1603,16
6290,ok,39.0589,39.0589,27
6291,ok,40.5920,40.5920,18
6292,ok,47.5366,47.5366,26
6293,ok,49.7612,44.3346,27
6294,ok,40.0022,40.0022,20
6295,ok,44.8388,44.8388,33
6296,ok,38.2613,38.2613,16
6297,ok,44.8438,44.8438,27
6298,ok,40.5897,40.5897,12
6299,ok,40.5222,40.5222,37
63,ok,20.4946,20.4946,24
630,ok,43.4998,43.4998,33
6300,ok,48.0328,48.0328,14
6301,ok,44.4700,44.4700,11
6302,ok,42.5759,42.5759,18
6303,ok,46.5129,46.5129,23
6304,ok,28.8530,28.8530,24
6305,ok,47.5565,47.5565,17
6306,ok,41.8392,41.8392,31
6307,ok,30.0605,29.3249,24
6308,ok,33.2897,32.7815,40
6309,ok,34.7861,34.2972,11
631,ok,45.9496,45.9496,21
6310,ok,45.6071,45.6071,18
6311,ok,35.0322,35.0322,20
6312,ok,45.1725,45.1725,29
6313,ok,29.6267,29.6267,23
6314,ok,30.9650,30.9650,37
6315,ok,49.9825,49.6062,16
6316,ok,30.0527,30.0527,18
6317,ok,43.7663,43.7663,32
6318,ok,35.4654,35.4654,20
6319,ok,45.9038,45.9038,26
632,ok,42.0659,42.0659,26
6320,ok,38.3335,38.3335,16
6321,ok,37.5584,37.5584,27
6322,ok,44.7545,44.7545,14
6323,ok,47.7416,47.7416,19
6324,ok,38.6313,38.6313,16
6325,ok,25.2998,25.2998,14
6326,ok,38.0312,38.0312,20
6328,ok,48.6724,48.6724,9
6329,ok,40.7433,40.7433,17
633,ok,25.5677,25.5677,18
6330,ok,49.9022,49.9022,44
6331,ok,18.3409,18.3409,16
6332,ok,22.6544,22.6544,27
6333,ok,42.1515,42.1515,19
6334,ok,32.1538,32.1538,15
6335,ok,38.2709,38.2709,33
6336,ok,27.2741,27.2741,26
6337,ok,37.8426,37.8426,22
6338,ok,45.9559,45.9559,23
6339,ok,31.3064,31.3064,41
634,ok,47.5041,47.5041,27
6340,ok,45.7052,45.7052,37
6341,ok,49.8665,49.8665,32
6342,ok,40.3301,40.3301,14
6343,ok,46.7287,46.7287,37
6344,ok,35.2051,35.2051,41
6345,ok,40.1078,40.1078,29
6346,ok,42.3989,42.3989,36
6347,ok,46.1424,46.1424,17
6348,ok,49.3994,49.3994,19
6349,ok,43.6756,43.6756,19
635,ok,46.2269,46.2269,43
6350,ok,48.4121,48.4121,18
6351,ok,43.7366,43.7366,27
6352,ok,43.7867,43.7867,17
6353,ok,42.9473,42.9473,28
6354,ok,49.1212,49.1212,23
6355,ok,49.9572,49.9572,16
6356,ok,42.0711,42.0711,29
6357,ok,40.7153,40.7153,12
6358,ok,30.9804,30.9804,22
6359,ok,47.9607,47.9607,20
636,ok,48.3842,48.3842,26
6360,ok,43.2203,43.2203,29
6361,ok,34.5052,34.5051,24
6362,ok,47.6001,47.6001,18
6363,ok,48.5353,48.5353,14
6364,ok,43.7424,43.7424,25
6365,ok,41.8348,41.8348,23
6366,ok,40.5539,40.5539,10
6367,ok,40.9724,40.9724,27
6368,ok,43.8701,43.8701,9
6369,ok,31.5830,31.5830,32
637,ok,41.2943,41.2943,25
6370,ok,46.9757,46.9757,22
6371,ok,42.0495,42.0495,23
6372,ok,38.9838,38.9838,23
6373,ok,47.2367,47.2367,16
6374,ok,44.6043,44.6043,33
6375,ok,45.3846,45.3846,17
6376,ok,31.7170,31.7170,26
6377,ok,49.9947,49.9947,16
6378,ok,44.8292,44.8292,38
6379,ok,45.1665,45.1665,28
638,ok,45.5869,45.5869,28
6380,ok,42.0846,42.0846,29
6381,ok,40.2139,40.2139,14
6383,ok,39.0108,39.0108,22
6384,ok,43.6941,43.6941,16
6385,ok,37.4009,37.4009,10
6386,ok,42.0790,42.0790,42
6387,ok,37.1439,37.1439,20
6388,ok,50.2826,48.6208,24
6389,ok,36.6547,36.6547,27
639,ok,37.2390,37.2390,16
6390,ok,47.9603,47.9603,22
6391,ok,34.8480,34.8480,15
6392,ok,47.6886,44.3877,25
6393,ok,33.1094,33.1094,22
6394,ok,34.5164,34.5164,24
6395,ok,42.2583,42.2583,32
6396,ok,45.3080,45.3080,21
6397,ok,31.1718,31.1718,22
6398,ok,109.7296,36.6399,31
6399,ok,47.0691,47.0691,11
64,ok,35.3267,35.3267,14
640,ok,47.4250,47.4250,24
6400,ok,41.8011,41.8011,21
6401,ok,42.7255,42.7255,26
6402,ok,48.1052,48.1052,23
6403,ok,37.0378,37.0378,23
6404,ok,45.9649,45.9649,18
6405,ok,39.0308,34.7744,27
6406,ok,40.7869,40.7869,39
6407,ok,40.8853,40.8853,15
6409,ok,46.5790,46.5790,21
641,ok,46.5116,46.5116,27
6410,ok,45.4295,40.4754,22
6411,ok,38.7206,38.7206,38
6412,ok,33.6994,33.6994,32
6413,ok,39.9968,39.9968,18
6414,ok,35.0818,35.0818,33
6415,ok,48.0226,48.0226,20
6416,ok,43.9661,43.9661,22
6417,ok,44.2538,44.2538,70
6418,ok,23.7737,23.7737,16
6419,ok,47.2273,47.2273,37
642,ok,37.2120,37.2120,14
6420,ok,49.9016,49.9016,28
6421,ok,39.2715,39.2715,18
6422,ok,31.1181,31.1181,28
6423,ok,40.2899,40.2899,17
6424,ok,39.4498,39.4498,31
6425,ok,36.9657,36.9657,29
6426,ok,43.9937,43.9937,27
6427,ok,41.9971,41.9971,18
6428,ok,31.3180,30.2805,27
6429,ok,40.5191,40.5191,10
643,ok,46.2046,46.2046,37
6430,ok,40.0314,40.0314,36
6431,ok,47.3880,47.3880,18
6432,ok,39.5183,39.5183,20
6433,ok,47.6455,47.6455,24
6434,ok,32.9512,32.9512,22
6435,ok,49.3030,49.3030,19
6436,ok,45.2284,45.2284,19
6437,ok,19.8863,19.8863,21
6438,ok,32.6054,32.6054,28
6439,ok,39.0774,39.0774,26
644,ok,37.9602,37.9602,24
6440,ok,30.8355,30.8355,16
6441,ok,46.0192,46.0192,25
6442,ok,32.3438,32.3438,23
6443,ok,43.0503,43.0503,29
6444,ok,38.7476,38.7476,8
6445,ok,47.1591,47.1591,11
6446,ok,49.5445,49.5445,27
6447,ok,41.6623,41.6623,18
6448,ok,20.0634,20.0634,57
6449,ok,47.2138,47.2138,15
645,ok,39.4129,39.4129,22
6450,ok,18.9436,18.9436,9
6451,ok,42.9766,42.9766,35
6452,ok,37.8395,37.8395,22
6453,ok,42.4100,42.4100,26
6454,ok,44.9531,44.9531,32
6455,ok,48.4487,48.4487,18
6456,ok,35.7009,35.7009,12
6457,ok,48.7737,48.7737,31
6458,ok,30.1387,30.1387,21
6459,ok,40.4472,40.4472,27
646,ok,43.3985,43.3985,34
6460,ok,33.1064,33.1064,20
6461,ok,38.4557,38.4557,14
6462,ok,36.1566,36.1566,27
6463,ok,31.3023,31.3023,26
6464,ok,46.5237,46.5237,30
6466,ok,32.2484,32.2484,21
6467,ok,43.2399,43.2399,22
6468,ok,18.2341,18.2341,37
6469,ok,48.4917,48.4917,16
647,ok,28.5136,28.5136,30
6470,ok,32.0115,32.0115,14
6471,ok,46.7353,46.5843,27
6472,ok,48.1509,48.1509,16
6473,ok,29.7856,29.7856,13
6474,ok,45.1128,45.1128,22
6475,ok,46.1941,46.1941,32
6476,ok,44.5029,44.5029,15
6477,ok,38.2163,38.2163,34
6478,ok,26.8707,26.8707,25
6479,ok,41.6063,41.6063,27
648,ok,28.6446,28.6446,18
6480,ok,36.9399,36.9399,19
6481,ok,47.8109,47.8109,25
6482,ok,37.2681,37.2681,11
6483,ok,38.5785,38.5785,17
6484,ok,34.7197,34.7197,24
6485,ok,38.9010,38.9010,25
6486,ok,48.9729,48.9729,12
6487,ok,43.3251,43.3251,29
6488,ok,41.0774,41.0774,23
6489,ok,35.3550,35.3550,36
649,ok,37.0438,37.0438,14
6490,ok,44.8667,44.8667,29
6491,ok,45.8561,45.8561,27
6492,ok,48.5069,48.5069,17
6493,ok,36.7895,36.7895,13
6494,ok,23.8650,23.8650,40
6495,ok,41.8670,41.8670,23
6496,ok,47.9771,47.9771,47
6497,ok,46.0739,46.0739,36
6498,ok,41.3262,41.3262,21
6499,ok,46.8555,46.8554,26
65,ok,36.6016,36.6016,29
650,ok,40.1214,40.1214,19
6500,ok,35.1162,35.1162,31
6501,ok,40.7376,40.7376,18
6502,ok,44.1582,44.1581,17
6503,ok,36.7414,36.7414,29
6504,ok,18.8719,18.8719,26
6505,ok,48.8986,48.8986,21
6506,ok,41.7126,41.7126,25
6507,ok,37.8178,37.8178,32
6508,ok,41.1547,41.1547,24
6509,ok,25.4362,25.4362,22
651,ok,46.8015,46.8015,28
6510,ok,39.7165,39.7165,31
6511,ok,25.7192,25.7192,27
6512,ok,32.9027,32.9027,17
6513,ok,34.1358,34.1358,33
6514,ok,45.0881,45.0881,41
6515,ok,34.9355,34.9355,14
6516,ok,39.1103,39.1103,15
6517,ok,41.0329,41.0329,14
6518,ok,112.1428,37.7621,25
6519,ok,36.6054,36.6054,32
652,ok,49.9273,47.6587,31
6520,ok,49.2742,49.2742,19
6521,ok,37.1974,37.1974,35
6522,ok,34.4089,34.4089,10
6523,ok,48.5125,48.5125,27
6524,ok,41.9282,41.9282,12
6525,ok,42.7875,42.7875,39
6526,ok,34.4811,34.4811,36
6527,ok,43.1262,43.1262,17
6528,ok,16.4061,16.4061,23
6529,ok,49.1053,49.1053,26
653,ok,39.2710,39.2710,27
6530,ok,44.9018,44.9018,14
6531,ok,31.1964,31.1964,14
6532,ok,50.2615,45.4011,25
6533,ok,23.3527,23.3527,18
6534,ok,43.0669,43.0669,28
6535,ok,48.2323,46.7623,27
6536,ok,34.8418,34.8418,27
6537,ok,28.4389,28.4389,32
6538,ok,28.2864,28.2864,27
6539,ok,27.6818,27.6818,10
654,ok,34.9177,34.9177,40
6540,ok,44.0780,44.0780,19
6541,ok,49.2745,49.2745,47
6542,ok,39.4960,39.4960,27
6543,ok,48.3709,48.3709,30
6544,ok,23.5491,23.5491,35
6545,ok,43.3537,43.3537,30
6546,ok,44.8990,44.8990,14
6547,ok,47.1074,47.1074,34
6548,ok,34.8811,34.8811,23
6549,ok,43.9008,43.9008,27
655,ok,39.9492,39.9492,22
6550,ok,38.6613,38.6613,24
6551,ok,29.4460,29.4460,26
6552,ok,37.9370,37.9370,12
6553,ok,41.6562,41.6562,13
6554,ok,40.2374,40.2374,25
6555,ok,45.6020,45.6020,21
6556,ok,39.3694,39.3694,12
6557,ok,30.9160,30.9160,20
6558,ok,39.4358,39.4358,25
6559,ok,41.5514,41.5514,48
656,ok,35.4427,35.4427,27
6560,ok,33.8890,33.8890,20
6561,ok,48.1149,48.1149,14
6562,ok,42.3967,42.0027,26
6563,ok,42.9031,42.9031,16
6564,ok,28.6903,28.6903,27
6565,ok,31.8894,31.8894,16
6566,ok,40.7632,40.7632,31
6567,ok,48.6784,48.6784,33
6568,ok,20.3024,20.3024,26
6569,ok,33.2297,33.2297,18
657,ok,32.1112,32.1112,24
6570,ok,37.3030,37.3030,25
6571,ok,28.8566,28.8566,34
6572,ok,49.6562,49.6562,28
6573,ok,45.6714,45.6714,17
6574,ok,45.7335,45.7335,37
6575,ok,35.9253,35.9253,30
6576,ok,36.4643,36.4643,20
6577,ok,34.4033,34.4033,28
6578,ok,42.6904,42.6904,14
6579,ok,20.1425,20.1425,18
658,ok,50.5869,45.0703,32
6580,ok,43.0669,43.0669,22
6581,ok,33.7917,33.7917,25
6582,ok,39.9034,39.9034,15
6583,ok,48.6666,48.6666,16
6584,ok,26.8701,26.8701,21
6585,ok,41.2574,41.2574,23
6586,ok,36.6914,36.6914,24
6587,ok,43.0662,43.0662,29
6588,ok,48.8141,48.8141,28
6589,ok,48.0562,48.0562,30
659,ok,32.2877,32.2877,16
6590,ok,39.5032,39.5032,10
6591,ok,47.0726,47.0726,39
6592,ok,29.9408,29.9408,40
6593,ok,39.4945,39.4945,28
6594,ok,48.0300,48.0300,15
6596,ok,43.8927,43.8927,22
6597,ok,39.3141,39.3141,26
6598,ok,41.2708,41.2708,34
6599,ok,43.7281,43.7281,13
66,ok,42.5849,42.5849,42
660,ok,40.2536,40.2536,31
6600,ok,37.9438,37.9438,17
6601,ok,40.8231,40.8231,13
6602,ok,36.5745,36.5745,18
6603,ok,45.7260,45.7260,29
6604,ok,24.7512,24.7512,17
6605,ok,36.5603,36.5603,32
6606,ok,37.8585,37.8585,21
6607,ok,36.9149,36.9149,14
6608,ok,34.3942,34.3942,16
6609,ok,24.7870,24.7870,24
661,ok,22.2562,22.2562,24
6610,ok,27.5501,27.5501,16
6611,ok,31.3956,31.3956,30
6612,ok,38.1919,38.1919,13
6613,ok,22.0266,22.0266,19
6614,ok,37.5394,37.5394,23
6615,ok,47.5054,47.5054,16
6616,ok,40.7810,40.7810,25
6617,ok,24.4121,24.4121,24
6618,ok,44.0120,44.0120,16
6619,ok,46.1174,46.1174,35
6620,ok,48.1576,48.1576,17
6621,ok,43.1797,43.1797,15
6622,ok,48.6066,48.6066,35
6623,ok,27.9786,27.9786,30
6624,ok,34.5789,34.5789,34
6625,ok,32.0202,32.0202,17
6626,ok,33.5673,33.5673,27
6627,ok,40.7085,40.7085,31
6628,ok,47.3394,47.3394,16
6629,ok,36.6352,36.6352,27
663,ok,41.1252,41.1252,38
6630,ok,46.0045,46.0045,27
6631,ok,39.6926,39.6926,14
6632,ok,48.8930,48.8930,24
6633,ok,37.2079,37.2079,28
6634,ok,21.7325,21.7325,23
6635,ok,32.5215,32.5215,35
6636,ok,43.9963,43.9963,23
6637,ok,38.5119,38.5119,20
6638,ok,48.0430,48.0430,26
6639,ok,41.1419,41.1419,22
664,ok,48.3228,48.3228,21
6640,ok,40.3412,40.3412,21
6641,ok,40.0736,40.0736,17
6642,ok,44.5820,44.5820,31
6643,ok,45.7763,45.7763,31
6644,ok,43.9633,43.9633,17
6645,ok,33.4267,33.4267,17
6646,ok,39.5941,39.5941,28
6647,ok,50.0372,44.5806,20
6648,ok,34.9757,34.9757,15
6649,ok,42.3964,42.3964,33
665,ok,40.8290,40.8290,22
6650,ok,45.5046,45.5046,14
6651,ok,47.3222,42.1616,14
6652,ok,32.4340,32.4340,37
6653,ok,45.9187,45.9187,22
6654,ok,31.6613,31.6613,16
6655,ok,45.9737,45.9737,14
6656,ok,23.6477,23.6477,54
6657,ok,38.6377,38.6377,26
6658,ok,45.2593,45.2593,36
6659,ok,41.2413,41.2413,24
666,ok,47.8233,47.8233,19
6660,ok,28.0053,25.8589,24
6661,ok,45.7324,45.7324,34
6662,ok,47.3634,47.3634,38
6663,ok,41.1524,41.1524,23
6664,ok,49.6402,49.6402,19
6665,ok,38.0339,38.0339,39
6666,ok,47.7902,47.7902,26
6667,ok,45.6902,45.6902,14
6668,ok,49.1224,49.1224,39
6669,ok,45.5775,45.5775,15
667,ok,38.6189,38.6189,30
6670,ok,31.8614,31.8614,29
6671,ok,49.3979,49.3979,39
6672,ok,44.7222,44.7222,10
6673,ok,35.2475,35.2475,18
6674,ok,34.8868,34.8868,26
6675,ok,42.5421,42.5421,26
6676,ok,48.7085,48.7085,25
6677,ok,48.6850,48.6850,27
6678,ok,41.6823,41.6823,42
6679,ok,35.3218,35.3218,32
668,ok,36.6880,36.6880,26
6680,ok,40.8370,40.8370,26
6681,ok,40.6589,40.6589,21
6682,ok,42.3610,42.3610,39
6683,ok,32.7885,32.7885,37
6684,ok,39.7326,39.4214,29
6685,ok,21.2101,21.2101,11
6686,ok,36.3901,36.3901,29
6687,ok,38.5065,38.5065,18
6688,ok,45.7725,41.1463,28
6689,ok,44.3355,44.3355,19
6690,ok,46.4834,46.4834,19
6691,ok,28.6555,28.6555,28
6692,ok,48.7005,48.7005,27
6693,ok,43.5541,43.5541,32
6694,ok,46.0673,46.0673,21
6695,ok,41.0895,41.0895,37
6696,ok,33.7287,33.7287,13
6697,ok,34.1742,34.1742,38
6698,ok,44.4675,44.4675,32
6699,ok,41.1297,41.1297,27
67,ok,29.7108,29.7108,22
670,ok,46.0723,44.9359,15
6700,ok,19.3403,19.3403,18
6701,ok,31.8870,31.8870,28
6702,ok,42.8649,42.8642,35
6703,ok,48.4208,48.4208,24
6704,ok,45.9627,45.9627,19
6705,ok,47.2985,47.2985,22
6706,ok,48.5690,48.5690,27
6707,ok,33.3035,33.3035,27
6708,ok,38.9008,38.9008,19
6709,ok,33.4539,33.4539,23
671,ok,43.6423,43.6423,18
6710,ok,28.6053,28.6053,34
6712,ok,47.4156,47.4156,9
6713,ok,34.4098,34.4098,28
6714,ok,39.4551,39.4551,15
6715,ok,41.9672,41.9672,31
6716,ok,30.5592,30.5592,36
6717,ok,42.1029,42.1029,17
6718,ok,40.4013,40.4013,36
6719,ok,35.9844,35.9844,21
672,ok,49.7342,49.7342,26
6720,ok,40.7245,40.7245,34
6721,ok,42.1969,42.1969,28
6722,ok,49.6323,49.6323,28
6723,ok,40.6881,40.6881,23
6724,ok,39.5080,39.5080,14
6725,ok,44.9136,44.9136,26
6726,ok,36.9591,36.9591,22
6727,ok,35.2679,35.2679,24
6728,ok,40.0076,40.0076,36
6729,ok,32.0854,32.0854,20
673,ok,37.9877,37.9877,18
6730,ok,16.5394,16.5394,24
6731,ok,34.5311,34.5311,29
6732,ok,48.9256,48.9256,42
6733,ok,17.5686,17.5686,31
6734,ok,37.3740,37.3740,14
6735,ok,48.2071,48.2071,26
6736,ok,44.5323,44.5323,35
6737,ok,23.8287,23.8287,20
6738,ok,41.9882,41.9882,24
6739,ok,38.6506,38.6506,16
674,ok,36.6652,36.6652,16
6740,ok,49.9560,49.9560,26
6741,ok,31.4732,31.4732,17
6742,ok,44.2021,44.2021,32
6743,ok,43.4255,43.4255,20
6744,ok,45.0751,45.0751,37
6745,ok,33.9790,33.9790,18
6746,ok,46.5344,46.5344,11
6747,ok,47.0585,47.0585,22
6748,ok,48.6141,48.6141,22
6749,ok,49.2954,49.2954,31
675,ok,45.7931,45.7931,17
6750,ok,40.3075,40.3075,20
6751,ok,41.7155,41.6904,34
6752,ok,45.2222,45.2222,20
6753,ok,46.9411,46.9411,19
6754,ok,37.1846,33.1296,10
6755,ok,34.3384,34.3384,23
6756,ok,45.7138,45.7138,23
6757,ok,46.5816,46.5816,11
6758,ok,39.2499,39.2499,25
6759,ok,15.7933,15.7933,25
676,ok,44.5233,44.5233,12
6760,ok,45.1090,45.1090,14
6761,ok,33.7414,33.7414,36
6762,ok,28.8727,28.8727,24
6764,ok,49.6450,49.6450,15
6765,ok,29.7059,29.7059,17
6766,ok,44.5994,44.5994,17
6767,ok,34.7163,34.7163,18
6768,ok,49.5418,49.5418,27
6769,ok,49.9524,49.9524,24
677,ok,44.9204,44.9204,21
6770,ok,35.7936,35.7936,19
6771,ok,45.1112,45.1112,19
6772,ok,37.4911,37.4911,44
6773,ok,23.2036,23.2036,33
6774,ok,33.6424,33.6424,21
6775,ok,33.3074,33.3074,25
6776,ok,41.3664,41.3664,34
6777,ok,45.3304,45.3304,32
6778,ok,42.0241,42.0241,20
6779,ok,34.0300,34.0300,19
678,ok,41.7409,41.7409,12
6780,ok,36.0650,36.0650,19
6781,ok,39.8006,39.8006,19
6782,ok,41.1442,41.1442,15
6783,ok,40.6399,40.6399,28
6784,ok,48.9006,48.9006,24
6785,ok,44.8566,44.8566,32
6786,ok,41.3868,41.3868,32
6787,ok,35.7194,35.2942,16
6788,ok,33.9773,33.9773,43
6789,ok,35.2139,35.2139,22
679,ok,44.5317,44.5317,28
6790,ok,34.1293,34.1293,38
6791,ok,40.5820,40.5820,24
6792,ok,29.2058,29.2058,25
6793,ok,48.5798,46.3096,21
6794,ok,46.2567,45.9097,29
6795,ok,43.6430,40.7088,39
6796,ok,35.0282,35.0282,29
6797,ok,37.9745,37.9745,13
6798,ok,36.5081,36.5081,20
6799,ok,37.9739,37.9739,16
68,ok,45.2845,45.2845,20
680,ok,47.0963,47.0963,16
6800,ok,39.5506,39.5506,20
6801,ok,42.3503,42.3503,22
6802,ok,43.0021,43.0021,17
6803,ok,24.5429,24.5429,26
6804,ok,28.7402,28.7402,29
6805,ok,45.9220,45.9220,37
6806,ok,32.5501,32.5501,19
6807,ok,28.1276,28.1276,32
6808,ok,32.9766,32.9766,15
6809,ok,23.8549,23.8549,19
681,ok,43.7393,43.7393,17
6810,ok,43.2413,43.2413,29
6811,ok,32.5207,32.5207,31
6812,ok,32.6143,32.6143,58
6813,ok,20.2831,20.2831,36
6814,ok,47.3185,47.3185,26
6815,ok,48.2848,48.2848,23
6816,ok,43.8008,43.8008,22
6817,ok,47.0386,47.0386,29
6818,ok,43.1747,43.1747,14
6819,ok,41.7193,41.7193,11
682,ok,43.5441,43.5441,17
6820,ok,49.2839,49.2839,25
6821,ok,41.4271,41.4271,25
6822,ok,25.1951,25.1951,35
6823,ok,38.2412,38.2412,15
6824,ok,39.9661,39.9661,16
6825,ok,44.6715,44.6715,15
6826,ok,50.5998,48.8703,25
6827,ok,44.0636,44.0636,36
6828,ok,48.6070,48.6070,22
6829,ok,31.6530,31.6530,23
683,ok,54.3920,48.8752,10
6830,ok,38.0925,37.2902,26
6831,ok,49.8014,49.8014,19
6832,ok,48.1622,48.1622,16
6833,ok,45.1633,45.1633,23
6834,ok,42.5655,42.5655,25
6835,ok,49.3060,47.8651,27
6836,ok,19.2084,19.2084,13
6837,ok,30.4615,30.4615,11
6838,ok,47.8981,47.8981,20
6839,ok,46.3230,46.3230,27
684,ok,23.1709,23.1709,13
6840,ok,43.9346,43.9346,30
6841,ok,33.6754,33.6754,15
6842,ok,44.6672,44.6672,21
6843,ok,49.0113,49.0113,14
6844,ok,44.0513,44.0513,9
6845,ok,38.5624,38.5624,29
6846,ok,37.5346,37.5346,14
6847,ok,33.3706,33.3706,37
6848,ok,37.7256,37.7256,9
6849,ok,39.9541,38.7283,15
685,ok,40.3028,40.3028,16
6850,ok,18.5237,18.5237,22
6851,ok,32.9792,30.7355,20
6852,ok,48.6993,48.6993,36
6853,ok,47.7243,47.7243,37
6854,ok,34.5201,34.5201,16
6855,ok,34.8248,34.8248,18
6856,ok,25.8901,25.8901,22
6857,ok,41.6334,41.6334,23
6858,ok,49.4894,49.4894,20
6859,ok,49.8698,49.8698,19
686,ok,36.0511,36.0511,18
6860,ok,47.9414,47.9414,30
6861,ok,37.0793,37.0793,20
6862,ok,32.8362,32.8362,28
6863,ok,49.2491,49.2491,22
6864,ok,21.4419,21.4419,11
6865,ok,32.7472,32.7472,36
6866,ok,38.3492,38.3492,34
6867,ok,44.3026,44.3026,30
6868,ok,41.3826,41.3826,21
6869,ok,36.6403,36.6403,19
687,ok,27.3370,27.3370,25
6870,ok,36.3449,35.7272,33
6871,ok,39.5920,39.5920,21
6872,ok,28.1370,28.1370,22
6873,ok,38.8720,38.8720,18
6874,ok,49.7180,49.7180,24
6875,ok,40.8066,40.8066,11
6876,ok,33.1977,33.1977,19
6877,ok,31.3657,31.3657,36
6878,ok,49.4116,49.4116,24
6879,ok,33.7386,33.7386,22
688,ok,49.9522,49.9522,11
6880,ok,32.5552,32.5552,16
6881,ok,39.8265,39.8265,28
6882,ok,42.5656,42.5656,16
6883,ok,40.1760,40.1760,23
6884,ok,30.4826,30.4826,46
6885,ok,36.5543,36.5543,27
6886,ok,41.4671,41.4671,36
6887,ok,45.9828,45.9828,13
6888,ok,48.9620,48.9620,22
6889,ok,40.2419,40.2419,35
689,ok,44.2147,44.2147,22
6890,ok,47.3884,47.3884,25
6891,ok,47.1671,47.1671,33
6892,ok,44.9737,44.9737,14
6893,ok,33.0169,33.0169,23
6894,ok,35.0278,35.0278,17
6895,ok,45.6884,43.5403,20
6896,ok,45.6223,45.6223,29
6897,ok,43.8884,43.8884,12
6898,ok,47.0297,47.0297,11
6899,ok,41.3755,41.3755,27
69,ok,40.2912,40.2912,25
690,ok,49.8659,49.8213,20
6900,ok,34.1933,34.1933,50
6901,ok,45.9930,45.9930,24
6902,ok,41.9156,41.9156,37
6903,ok,40.9184,40.9184,24
6904,ok,40.2758,40.2758,21
6905,ok,49.1610,49.1610,25
6906,ok,29.5295,29.5295,26
6907,ok,44.8004,44.8004,26
6908,ok,44.5462,44.5462,18
6909,ok,38.9972,38.9972,26
691,ok,32.3040,32.3040,34
6910,ok,48.1777,48.1777,24
6911,ok,44.9796,44.9796,20
6912,ok,47.8738,47.8738,24
6913,ok,46.7253,46.7253,21
6914,ok,36.5626,36.5626,12
6915,ok,46.5691,46.5691,17
6916,ok,39.1313,39.1313,22
6917,ok,40.5404,40.5404,22
6918,ok,36.1248,36.1248,34
6919,ok,45.6365,45.6365,15
692,ok,29.4473,29.4473,36
6920,ok,49.3711,49.3711,28
6921,ok,50.0844,49.5729,30
6922,ok,37.4995,37.4995,23
6923,ok,32.0762,32.0762,20
6924,ok,46.1127,46.1127,18
6925,ok,13.1543,13.1543,32
6926,ok,44.1126,44.1126,22
6927,ok,40.2529,40.2529,22
6928,ok,48.7143,48.7143,20
6929,ok,42.1504,42.1504,29
693,ok,35.4254,35.4254,42
6931,ok,59.8936,45.3320,27
6932,ok,38.9161,38.9161,22
6933,ok,46.1919,46.1919,41
6934,ok,45.2975,45.2975,31
6935,ok,35.2325,35.2325,24
6936,ok,48.2391,48.2391,24
6937,ok,40.7184,40.7184,28
6938,ok,49.0047,49.0047,13
6939,ok,34.1437,34.1437,15
694,ok,35.8125,35.8125,11
6940,ok,19.7413,19.7413,18
6941,ok,37.9026,37.9026,22
6942,ok,47.4704,47.4704,24
6943,ok,17.4763,17.4763,24
6944,ok,37.3009,37.3009,24
6945,ok,39.9776,35.6179,19
6947,ok,34.3940,34.3940,26
6948,ok,48.5642,48.5642,9
6949,ok,43.3838,42.7774,32
695,ok,28.4424,28.4424,16
6950,ok,46.9482,46.9482,29
6951,ok,46.8970,46.8969,13
6952,ok,48.3138,48.3138,31
6953,ok,49.0350,49.0350,17
6954,ok,32.2576,32.2576,22
6955,ok,46.8814,43.2122,30
6956,ok,40.8963,40.8963,22
6957,ok,32.1575,32.1575,24
6958,ok,49.2871,49.2871,33
6959,ok,36.6155,36.6155,16
696,ok,49.6506,49.6506,49
6960,ok,25.5465,25.5465,20
6961,ok,44.8064,44.8064,24
6962,ok,38.5497,38.5497,28
6963,ok,45.3718,45.3718,26
6964,ok,48.8896,48.8896,28
6965,ok,42.8971,42.8971,23
6966,ok,39.4881,39.4881,13
6967,ok,48.2969,48.2969,15
6968,ok,47.8554,47.8554,27
6969,ok,44.6491,44.6491,20
697,ok,43.7529,43.7529,12
6970,ok,43.8258,43.8258,23
6971,ok,47.0590,47.0590,25
6972,ok,47.2887,42.1318,22
6973,ok,46.7822,46.7822,19
6974,ok,40.1843,40.1843,24
6975,ok,38.1442,38.1442,41
6976,ok,47.9553,47.9553,19
6977,ok,48.2147,48.2147,30
6978,ok,48.2041,48.2041,21
6979,ok,48.9744,48.9744,34
698,ok,34.5852,34.5852,45
6980,ok,28.3393,28.3393,12
6981,ok,47.0200,47.0200,43
6982,ok,43.8099,43.8099,24
6983,ok,48.8705,48.8704,20
6984,ok,51.7499,48.1960,19
6985,ok,47.6327,47.6327,24
6986,ok,35.1200,35.1200,28
6987,ok,41.7371,41.7370,16
6988,ok,37.1192,37.1192,16
6989,ok,30.0799,29.8594,27
699,ok,44.6770,44.6770,32
6990,ok,44.1308,44.1308,23
6991,ok,36.4056,36.4056,20
6992,ok,34.3588,34.3588,26
6993,ok,42.9302,42.9302,20
6994,ok,42.0973,42.0973,23
6995,ok,49.9733,49.9733,29
6996,ok,19.0444,19.0444,50
6997,ok,35.5310,33.8453,25
6998,ok,46.0316,46.0316,25
6999,ok,36.1265,36.1265,31
7,ok,36.9757,36.9757,32
70,ok,35.0622,35.0622,26
700,ok,42.3038,42.3038,25
7000,ok,46.7277,46.7277,21
7001,ok,48.4197,48.4197,18
7002,ok,48.5972,48.5972,30
7003,ok,46.8024,46.8024,28
7004,ok,45.2697,45.2697,22
7005,ok,48.2901,48.2901,23
7006,ok,45.3635,45.3635,16
7007,ok,46.6067,46.6067,16
7008,ok,31.6013,31.6013,27
7009,ok,46.3315,46.3315,14
701,ok,22.2690,22.2690,13
7010,ok,28.2117,28.2117,23
7011,ok,45.8061,45.8061,11
7012,ok,47.0763,47.0763,23
7013,ok,41.1526,41.1526,25
7014,ok,39.4576,39.0619,11
7015,ok,16.8173,16.8173,23
7016,ok,40.1872,40.1872,10
7017,ok,42.0347,41.9897,29
7018,ok,46.5445,46.5445,15
7019,ok,42.7094,42.7094,40
702,ok,48.6841,48.6841,27
7020,ok,44.3421,44.3421,24
7021,ok,46.8197,46.8197,12
7022,ok,47.1769,47.1769,33
7023,ok,39.3842,39.3842,20
7024,ok,41.9117,41.9117,23
7025,ok,49.7845,49.7845,22
7026,ok,31.8910,31.8910,26
7027,ok,32.3963,32.3963,15
7028,ok,48.8423,48.8423,21
7029,ok,27.8193,27.8193,36
703,ok,26.1547,26.1547,45
7030,ok,48.1241,48.1241,25
7031,ok,37.0642,36.5726,17
7032,ok,37.8100,37.8100,18
7033,ok,30.8027,30.5166,29
7034,ok,18.0880,18.0880,29
7035,ok,27.9382,27.9382,18
7036,ok,55.5128,49.4590,28
7037,ok,31.1705,31.1705,15
7038,ok,38.2136,38.2136,17
7039,ok,46.1944,46.1944,15
704,ok,49.7784,49.7784,16
7040,ok,45.5676,45.5676,39
7041,ok,48.3711,48.3711,9
7042,ok,46.7974,46.7974,16
7043,ok,40.8462,40.8462,26
7044,ok,37.7466,37.7466,37
7045,ok,31.9769,28.4898,38
7046,ok,39.5479,39.5479,18
7047,ok,47.8968,47.8968,14
7048,ok,43.3820,43.3820,18
7049,ok,47.2433,47.2433,31
705,ok,47.1373,47.1373,19
7050,ok,36.8710,36.8710,30
7051,ok,46.5267,46.5267,25
7052,ok,45.5512,45.5512,34
7053,ok,43.0050,43.0050,20
7054,ok,49.6030,49.6030,14
7055,ok,48.6023,48.6023,16
7056,ok,48.6729,46.9435,30
7057,ok,46.1545,46.1545,26
7058,ok,40.3533,40.3533,23
7059,ok,46.2496,46.2496,22
706,ok,31.9752,31.9752,23
7060,ok,47.6659,47.6659,19
7061,ok,31.3174,31.3174,16
7062,ok,30.5338,30.5338,21
7063,ok,40.0489,40.0489,18
7064,ok,34.2780,34.2780,23
7065,ok,41.0938,41.0938,30
7066,ok,47.9831,42.7504,39
7067,ok,49.4997,49.4997,21
7068,ok,37.0174,37.0174,11
7069,ok,46.7838,46.7838,20
707,ok,35.8780,35.8780,21
7070,ok,45.8772,42.1891,18
7071,ok,21.6579,21.6579,23
7072,ok,40.9960,40.9960,29
7073,ok,35.9112,35.9112,35
7074,ok,20.6200,20.6200,22
7075,ok,47.2003,47.2003,42
7076,ok,49.5109,49.5109,23
7077,ok,42.5910,42.5910,14
7078,ok,41.8033,41.8033,21
7079,ok,19.5867,19.5867,48
708,ok,36.9110,36.9110,13
7080,ok,26.9518,26.9518,35
7081,ok,32.3168,32.3168,19
7082,ok,33.7957,33.7957,23
7083,ok,38.9628,38.9628,15
7084,ok,44.6516,44.6516,15
7085,ok,45.2199,45.2199,33
7086,ok,43.7178,43.7178,16
7087,ok,43.3665,43.3665,13
7088,ok,47.1949,47.1949,28
7089,ok,49.8756,49.8756,11
709,ok,49.4769,49.4769,30
7090,ok,49.5074,49.5074,25
7091,ok,44.2831,44.2831,47
7092,ok,47.3674,47.3674,21
7093,ok,36.7957,36.7957,20
7094,ok,47.2190,47.2190,20
7095,ok,32.6238,32.6238,11
7096,ok,37.5732,37.5732,20
7097,ok,30.2882,30.2882,31
7098,ok,18.8772,18.8772,31
7099,ok,44.8379,44.8379,20
71,ok,43.4954,43.4954,25
710,ok,45.1103,45.1103,19
7100,ok,30.1639,30.1639,21
7101,ok,40.1537,40.1537,38
7102,ok,37.7258,37.7258,25
7103,ok,26.7507,26.7507,30
7104,ok,49.2288,49.2288,28
7105,ok,48.2264,48.2264,27
7106,ok,49.9898,49.9898,35
7107,ok,33.0696,33.0696,12
7108,ok,46.2721,46.2721,16
7109,ok,28.7615,28.7615,30
711,ok,38.4601,38.4601,31
7111,ok,24.7995,24.7995,28
7112,ok,47.9449,47.9449,14
7113,ok,32.5675,32.5675,28
7114,ok,48.0875,48.0875,39
7115,ok,44.0233,44.0233,16
7116,ok,30.5712,30.5712,22
7117,ok,44.8398,44.8398,21
7118,ok,39.1552,39.1552,30
7119,ok,43.4826,43.4826,20
712,ok,47.1935,47.1935,16
7120,ok,44.4673,44.4673,17
7121,ok,41.9555,41.9555,32
7122,ok,41.3365,41.3365,21
7123,ok,49.2216,49.2216,19
7124,ok,45.4730,45.4730,21
7125,ok,47.2382,47.2382,18
7126,ok,44.3426,44.3426,26
7127,ok,18.5049,18.5049,13
7128,ok,47.2010,47.2010,21
7129,ok,39.7050,39.7050,13
713,ok,47.5413,47.5413,13
7130,ok,30.2994,30.2994,24
7131,ok,47.5401,47.5401,30
7132,ok,38.6632,38.6632,36
7133,ok,46.9195,46.9195,28
7135,ok,37.7732,37.7732,20
7136,ok,48.4176,48.4176,23
7137,ok,46.7707,46.7707,38
7138,ok,34.5443,34.5443,24
7139,ok,27.0181,27.0181,18
714,ok,47.5864,47.5864,26
7140,ok,46.9016,46.9016,9
7141,ok,26.4629,26.4629,15
7142,ok,39.0581,39.0581,23
7143,ok,51.7815,46.1346,18
7144,ok,39.2815,39.2815,16
7145,ok,44.6694,44.6694,39
7146,ok,39.9427,39.9427,39
7147,ok,32.8257,32.8257,18
7148,ok,24.8208,24.8208,17
7149,ok,48.4225,48.4225,38
715,ok,40.5732,40.5732,13
7150,ok,41.1056,41.1056,16
7151,ok,46.0463,46.0463,30
7152,ok,38.3117,38.3117,27
7153,ok,43.9609,39.1669,28
7154,ok,37.4504,37.4504,28
7155,ok,44.1700,44.1700,22
7156,ok,31.1221,31.1221,30
7157,ok,24.4075,24.4075,29
7158,ok,40.3604,40.3604,27
7159,ok,45.1565,45.1565,27
716,ok,43.4136,42.7032,17
7160,ok,47.2909,47.2909,27
7161,ok,43.5811,43.5811,23
7162,ok,42.5794,42.5794,25
7163,ok,42.0137,42.0137,24
7164,ok,46.8401,46.8401,12
7165,ok,21.6703,21.1215,18
7166,ok,40.1167,40.1167,14
7167,ok,47.2186,47.2186,23
7168,ok,43.0464,43.0464,15
7169,ok,36.2359,36.2359,17
717,ok,46.4415,46.4415,13
7170,ok,45.6263,43.2934,24
7171,ok,45.0558,45.0558,13
7172,ok,39.9124,39.9124,32
7173,ok,35.5697,35.5697,29
7174,ok,48.1315,48.1315,43
7175,ok,39.4756,39.4756,30
7176,ok,43.8832,43.8832,32
7177,ok,42.3473,42.3473,27
7178,ok,40.6927,40.6927,23
7179,ok,48.5137,48.5137,20
718,ok,40.5728,40.5728,17
7180,ok,37.4416,37.4416,17
7181,ok,35.3025,35.3025,17
7182,ok,28.8438,28.8438,25
7183,ok,39.4151,39.4151,30
7184,ok,46.6693,46.6693,24
7186,ok,35.1806,35.1806,19
7187,ok,44.5002,44.5002,28
7188,ok,39.9122,39.9122,39
7189,ok,43.1023,43.1023,21
719,ok,43.8935,43.8935,24
7190,ok,46.4048,46.4048,17
7191,ok,35.1332,35.1332,26
7192,ok,30.5661,30.5661,21
7193,ok,42.8252,42.8252,32
7194,ok,20.9200,20.9200,35
7195,ok,39.3898,39.3898,18
7196,ok,46.0564,46.0564,31
7197,ok,41.0350,41.0350,10
7198,ok,43.2938,43.2938,33
7199,ok,36.9253,36.9253,27
72,ok,47.2439,47.2439,11
720,ok,25.8869,25.8869,18
7200,ok,49.8160,49.8160,22
7201,ok,35.5491,35.5491,34
7202,ok,43.8852,43.8852,29
7204,ok,47.6746,47.6746,24
7205,ok,43.7186,43.7186,32
7206,ok,30.0359,30.0359,27
7207,ok,36.7401,36.7401,29
7208,ok,49.5712,49.5712,33
7209,ok,39.8696,39.8696,21
721,ok,33.5748,33.5748,28
7210,ok,44.0998,44.0998,23
7211,ok,21.3397,21.3397,14
7212,ok,36.2219,36.2219,12
7213,ok,53.6821,47.8279,13
7214,ok,44.7189,44.7189,30
7215,ok,44.8824,44.8824,26
7216,ok,42.5789,42.5789,19
7217,ok,46.6746,46.6746,19
7218,ok,46.7353,46.7353,33
7219,ok,43.4356,43.4356,16
722,ok,30.1304,30.1304,35
7220,ok,30.9155,30.9155,22
7221,ok,47.3898,47.3898,27
7222,ok,38.5261,38.5261,16
7223,ok,34.3640,34.3640,17
7224,ok,31.8167,31.8167,28
7225,ok,37.6977,37.6977,23
7226,ok,28.7560,28.7560,40
7227,ok,55.7907,49.7066,22
7228,ok,30.4028,30.4028,23
7229,ok,24.1406,24.1406,25
723,ok,47.1244,47.1244,35
7230,ok,49.7157,49.7157,38
7231,ok,45.1905,45.1905,32
7232,ok,36.6595,36.6595,28
7233,ok,37.9200,37.9200,16
7234,ok,49.6472,49.6472,18
7235,ok,42.9091,42.9091,17
7236,ok,37.9682,37.9682,27
7237,ok,46.5280,46.5280,27
7238,ok,49.1143,49.1143,26
7239,ok,48.0861,48.0861,30
724,ok,48.4134,48.4134,17
7240,ok,23.8413,23.8413,11
7241,ok,42.4899,42.4899,23
7242,ok,28.7159,28.7159,13
7243,ok,49.3254,49.3254,19
7244,ok,44.9579,44.9579,19
7245,ok,45.3769,45.3769,23
7246,ok,46.0193,46.0193,23
7247,ok,42.6268,42.6268,27
7248,ok,42.3585,42.3585,22
7249,ok,49.4048,49.4048,16
725,ok,49.8446,49.8446,20
7250,ok,48.6765,48.6765,12
7251,ok,43.1603,43.1603,24
7252,ok,37.0806,37.0806,23
7253,ok,39.2637,39.2637,22
7254,ok,38.4431,38.4431,20
7255,ok,28.2062,28.2062,22
7256,ok,43.6392,43.6392,23
7257,ok,35.4196,35.4196,26
7258,ok,49.5083,49.5083,21
7259,ok,44.1811,44.1811,25
726,ok,44.2654,44.2654,27
7260,ok,37.1070,37.1070,41
7261,ok,49.9063,49.9063,33
7262,ok,35.0951,35.0951,25
7263,ok,37.8715,37.8715,11
7264,ok,39.5239,39.5239,15
7265,ok,47.1825,47.1825,20
7266,ok,29.8310,29.8310,20
7267,ok,46.0551,41.0327,10
7268,ok,36.6657,36.6657,10
7269,ok,20.5176,20.5176,21
727,ok,40.6349,40.6349,24
7270,ok,22.9187,22.9187,20
7271,ok,47.8936,47.8936,19
7272,ok,33.3382,33.3382,36
7273,ok,29.9830,29.9830,13
7274,ok,21.1729,21.1729,20
7275,ok,43.8221,43.8221,17
7276,ok,38.0445,38.0445,23
7277,ok,45.5498,45.5498,15
7278,ok,49.5746,49.5746,18
7279,ok,49.4206,49.4206,17
728,ok,25.6923,25.6923,16
7280,ok,43.0396,43.0396,9
7281,ok,42.2818,42.2818,27
7282,ok,44.7795,44.7795,13
7283,ok,47.4645,42.2884,23
7284,ok,47.8249,47.8249,23
7285,ok,53.7551,47.8930,27
7286,ok,39.1212,39.1212,22
7287,ok,33.0562,33.0562,38
7288,ok,49.2043,49.2043,17
729,ok,39.0582,37.7437,21
7290,ok,48.7198,48.7198,32
7291,ok,33.7912,33.7912,17
7292,ok,44.3488,44.3488,37
7293,ok,46.9755,46.9754,50
7294,ok,40.2036,40.2036,24
7295,ok,49.2166,49.2166,37
7296,ok,42.2791,42.2791,17
7297,ok,38.4837,38.4837,13
7298,ok,48.2205,48.2205,52
7299,ok,41.6736,41.6736,50
73,ok,45.7983,45.7983,22
730,ok,30.1517,30.1517,39
7300,ok,46.5290,46.5290,20
7301,ok,46.9207,46.9207,37
7302,ok,25.2694,25.2694,15
7303,ok,40.1470,40.1470,19
7304,ok,46.7034,46.7034,26
7305,ok,28.2143,28.2143,35
7306,ok,28.6746,28.6746,44
7307,ok,34.7030,34.7030,19
7308,ok,36.0744,36.0744,22
7309,ok,42.7816,42.7816,29
731,ok,49.5359,47.1910,32
7310,ok,42.0153,42.0153,13
7311,ok,46.5506,46.5506,27
7312,ok,41.9979,41.9979,15
7313,ok,29.9151,29.9151,32
7314,ok,34.1964,34.1964,15
7315,ok,30.6483,30.6483,26
7316,ok,42.8795,42.8795,31
7317,ok,42.4748,42.4748,17
7318,ok,43.0613,43.0613,28
7319,ok,42.4747,42.4747,27
732,ok,48.8693,48.8693,30
7320,ok,44.9724,44.8918,13
7321,ok,42.8445,42.8445,40
7322,ok,44.0950,44.0950,40
7323,ok,23.0061,23.0061,47
7324,ok,36.1897,36.1897,29
7325,ok,32.7464,32.7464,38
7326,ok,35.5875,35.5875,12
7327,ok,29.9452,29.9452,16
7328,ok,48.6171,48.6171,30
7329,ok,46.2106,46.2106,29
733,ok,47.3776,47.3776,17
7330,ok,43.7387,43.7387,16
7331,ok,42.1303,42.1303,39
7332,ok,44.1145,44.1145,21
7333,ok,34.4588,34.4588,28
7334,ok,27.1609,27.1609,18
7335,ok,38.8724,38.8724,29
7336,ok,47.3606,47.3606,42
7337,ok,37.3899,36.5407,13
7338,ok,43.1662,43.1662,27
7339,ok,48.6145,48.6145,15
734,ok,37.8356,37.8356,40
7340,ok,44.3369,44.3369,21
7341,ok,47.1439,47.1439,14
7342,ok,42.9613,42.9613,36
7343,ok,44.4464,44.4464,21
7344,ok,35.4284,35.4284,31
7345,ok,36.5970,36.5970,25
7346,ok,47.8349,47.8349,28
7347,ok,32.5379,32.5379,17
7348,ok,46.1581,46.1581,26
7349,ok,46.0265,46.0265,27
735,ok,46.9033,46.9033,15
7350,ok,29.0688,29.0688,21
7351,ok,36.8867,36.8867,39
7352,ok,49.7004,49.7004,33
7353,ok,47.9308,47.9308,23
7354,ok,55.6274,49.5611,23
7355,ok,42.7956,42.7956,29
7356,ok,46.0974,46.0974,47
7357,ok,39.3051,39.3051,19
7358,ok,49.0677,49.0677,24
7359,ok,35.1398,35.1398,10
736,ok,47.6890,47.6890,20
7360,ok,41.0517,41.0517,23
7361,ok,49.2999,49.2999,21
7362,ok,46.2332,46.2332,16
7363,ok,44.0554,44.0554,24
7364,ok,22.5209,22.5209,24
7365,ok,46.1739,46.1739,22
7366,ok,31.0160,31.0160,18
7367,ok,49.6938,49.6938,38
7368,ok,46.8072,46.8072,34
7369,ok,30.6266,30.6266,37
737,ok,42.9789,42.9789,11
7370,ok,24.1682,24.1682,23
7371,ok,46.8047,46.8047,32
7372,ok,31.2131,30.7122,29
7373,ok,45.3711,45.3711,11
7374,ok,41.1347,41.1347,19
7375,ok,37.4154,37.4154,17
7376,ok,49.4742,49.4742,18
7377,ok,18.5370,18.5370,28
7378,ok,39.8864,39.8864,14
7379,ok,22.9246,21.4896,23
738,ok,34.7712,34.7712,27
7380,ok,35.0240,35.0240,16
7381,ok,46.2767,46.2767,22
7382,ok,47.1375,47.1375,19
7383,ok,35.7579,35.7579,16
7384,ok,45.8025,45.8025,17
7385,ok,46.7392,46.7392,16
7386,ok,47.3586,47.3586,23
7387,ok,44.3747,44.3747,15
7389,ok,32.8738,32.8738,27
739,ok,39.6744,39.6744,21
7390,ok,32.8926,32.8926,35
7391,ok,49.7467,49.7467,36
7392,ok,38.4053,38.4053,36
7393,ok,47.0838,47.0838,19
7394,ok,39.1051,39.1051,30
7395,ok,45.8965,45.8965,12
7396,ok,41.9846,41.9846,22
7397,ok,40.5260,40.5260,28
7398,ok,32.6489,32.6489,13
7399,ok,44.7160,44.7160,30
74,ok,47.3518,47.3518,20
740,ok,39.0954,39.0954,27
7400,ok,48.9021,48.9021,21
7401,ok,31.6127,31.6127,38
7402,ok,45.4377,40.4826,12
7403,ok,47.7148,47.7148,38
7404,ok,32.3436,32.2933,21
7405,ok,35.3002,35.3002,24
7407,ok,40.3028,40.3028,44
7408,ok,47.4804,47.4804,25
7409,ok,35.7066,35.7066,38
741,ok,33.3925,33.3925,27
7410,ok,33.3903,33.3903,19
7411,ok,48.7854,48.7854,32
7412,ok,42.6166,42.6166,12
7413,ok,20.2190,19.2205,25
7414,ok,46.8789,46.8789,13
7415,ok,34.2521,34.2521,13
7416,ok,46.0170,46.0170,17
7417,ok,45.4385,45.4385,21
7418,ok,49.5221,49.5221,17
7419,ok,32.2451,32.2451,34
742,ok,38.8970,38.8970,31
7420,ok,32.0796,32.0796,17
7421,ok,28.9218,28.9218,24
7422,ok,37.4569,37.4569,15
7423,ok,46.7648,46.7648,14
7424,ok,47.1115,47.1115,22
7425,ok,37.5677,37.5677,14
7426,ok,38.7238,38.7238,21
7427,ok,47.4127,47.4127,19
7428,ok,44.2602,44.2602,25
7429,ok,31.1087,31.1087,24
743,ok,48.1628,48.1628,20
7430,ok,46.8588,46.8588,13
7431,ok,38.4687,38.4687,25
7432,ok,48.7121,48.7121,32
7433,ok,22.0706,22.0706,13
7434,ok,45.9329,45.9329,18
7436,ok,42.8677,42.8677,11
7437,ok,34.5849,34.5849,20
7438,ok,49.9750,49.9750,51
7439,ok,43.8825,43.8825,16
744,ok,41.1612,41.1612,22
7440,ok,48.8750,48.8750,31
7441,ok,34.3590,34.3590,11
7442,ok,41.6499,41.6499,21
7443,ok,44.3242,44.3242,19
7444,ok,45.0744,45.0744,32
7445,ok,33.4667,33.4667,19
7446,ok,49.8685,49.8685,14
7447,ok,46.7672,46.7672,10
7448,ok,46.0975,46.0975,34
7449,ok,44.2304,44.2304,20
745,ok,32.7851,32.7851,31
7450,ok,45.6127,45.6127,12
7451,ok,35.9408,35.9408,22
7452,ok,34.5087,34.5087,39
7453,ok,35.8077,35.8077,19
7454,ok,47.1195,47.1195,16
7455,ok,47.3383,47.3383,16
7456,ok,41.3057,41.3057,34
7457,ok,36.8932,36.8932,13
7458,ok,24.1582,24.1582,20
7459,ok,42.7168,42.7168,15
746,ok,49.3491,49.3491,21
7460,ok,32.0581,32.0581,25
7461,ok,23.1229,23.1229,21
7462,ok,49.5391,49.5391,29
7463,ok,43.0528,43.0528,22
7464,ok,47.7388,47.7388,25
7465,ok,41.4959,41.4959,20
7466,ok,26.4026,26.4026,41
7467,ok,42.4417,42.4417,14
7468,ok,40.1036,40.1036,13
7469,ok,46.7973,46.7973,25
747,ok,41.3400,41.3400,20
7470,ok,45.7965,45.7965,25
7471,ok,24.9257,24.9257,18
7472,ok,25.8328,25.8328,17
7473,ok,49.6783,49.6783,24
7474,ok,29.8289,29.8289,14
7475,ok,45.8151,45.8151,34
7476,ok,37.8395,37.8395,21
7477,ok,47.6961,47.6961,23
7478,ok,43.6688,43.6688,23
7479,ok,45.9722,45.9722,15
748,ok,38.0408,38.0408,25
7480,ok,36.8125,36.8125,12
7481,ok,46.1239,46.1239,12
7482,ok,46.5735,46.5735,22
7483,ok,45.6520,45.6520,37
7484,ok,29.9319,29.9319,33
7485,ok,48.5522,48.5522,44
7486,ok,40.2607,40.2607,23
7487,ok,30.0118,30.0118,16
7488,ok,42.8881,41.2789,13
7489,ok,21.9521,21.9521,9
749,ok,29.3489,29.3489,28
7490,ok,49.4912,49.4912,29
7491,ok,41.0815,41.0815,29
7492,ok,32.1014,32.1014,17
7493,ok,47.5803,47.5803,18
7494,ok,26.8767,26.8767,37
7495,ok,44.5180,44.5180,21
7496,ok,43.9162,43.9162,17
7497,ok,28.6015,28.6015,29
7498,ok,27.6937,27.6937,28
7499,ok,49.1589,49.1589,17
75,ok,34.7203,34.7203,12
750,ok,45.6910,45.6910,36
7500,ok,40.4406,40.4406,24
7501,ok,48.0369,48.0369,22
7502,ok,47.7260,47.7260,42
7503,ok,49.0542,49.0542,22
7504,ok,37.3653,37.3653,32
7505,ok,30.1858,30.1858,12
7506,ok,43.0978,43.0978,34
7507,ok,45.1965,45.1965,24
7508,ok,37.9160,37.9160,21
7509,ok,48.4617,48.4617,27
751,ok,39.3802,39.3802,23
7510,ok,45.6546,45.6546,13
7511,ok,46.8159,46.8159,21
7512,ok,47.7481,47.7481,17
7513,ok,45.1397,45.1397,28
7514,ok,47.3071,47.3071,22
7515,ok,31.1269,31.1269,23
7516,ok,46.0606,46.0606,15
7518,ok,33.4544,33.4544,19
7519,ok,48.7129,48.7129,23
752,ok,39.8517,39.8517,26
7520,ok,28.6176,28.6176,24
7521,ok,38.8498,38.8498,23
7522,ok,33.9442,33.9442,25
7523,ok,23.1301,23.1301,43
7524,ok,42.9382,42.9382,22
7525,ok,39.8723,39.8723,17
7526,ok,45.6532,45.6532,15
7527,ok,41.7086,41.7086,27
7528,ok,44.3692,44.3692,23
7529,ok,44.7824,44.7824,11
753,ok,21.3758,21.3758,28
7530,ok,47.0802,47.0802,18
7531,ok,49.4345,49.4345,24
7532,ok,28.3450,28.3450,18
7533,ok,42.2753,42.2753,31
7534,ok,48.2202,48.2202,18
7535,ok,34.4499,34.4499,14
7536,ok,39.3605,38.4564,27
7537,ok,49.3514,49.3514,24
7538,ok,37.6611,37.6611,22
7539,ok,42.5321,42.5321,21
754,ok,40.5351,40.5351,21
7540,ok,45.6897,45.6897,21
7541,ok,33.8945,33.8945,26
7542,ok,36.5444,36.5444,21
7543,ok,41.4443,41.4443,23
7544,ok,40.5148,40.5148,29
7545,ok,29.5465,29.5465,37
7546,ok,49.2636,49.2636,29
7547,ok,48.6605,48.6605,38
7548,ok,49.5291,49.5291,28
7549,ok,47.0596,47.0596,28
755,ok,44.2414,44.2414,31
7550,ok,43.2561,43.2561,18
7551,ok,31.0271,31.0271,23
7552,ok,42.0734,42.0734,37
7553,ok,45.9315,45.9315,12
7554,ok,41.6999,41.6999,17
7555,ok,43.5989,43.4427,27
7556,ok,34.9098,34.9098,29
7557,ok,45.1681,45.1681,13
7558,ok,49.3434,49.3434,22
7559,ok,46.4947,45.5549,42
756,ok,47.6475,47.6475,47
7560,ok,34.6359,34.6359,26
7561,ok,49.9803,49.9803,31
7562,ok,35.6176,35.6176,25
7563,ok,21.8900,21.8900,14
7564,ok,33.8077,33.6717,13
7565,ok,46.6887,46.6887,14
7566,ok,46.5268,46.5268,28
7567,ok,40.0633,40.0633,17
7568,ok,41.1541,41.1541,31
7569,ok,18.7374,18.7374,23
757,ok,40.3717,40.3717,15
7570,ok,48.2231,48.2231,21
7571,ok,40.3544,40.3544,13
7572,ok,46.1408,46.1408,22
7573,ok,33.0039,33.0039,20
7574,ok,22.7744,22.7744,19
7575,ok,48.4705,48.4705,15
7576,ok,42.2380,42.2380,20
7577,ok,45.9243,45.9243,18
7578,ok,41.0709,41.0709,10
7579,ok,46.9894,46.9894,9
758,ok,35.3637,35.3637,18
7580,ok,31.1071,31.1071,29
7581,ok,41.3130,41.3130,25
7582,ok,23.1546,23.1546,17
7583,ok,49.8103,49.8103,17
7584,ok,42.0611,42.0611,21
7585,ok,46.2119,46.2119,20
7586,ok,42.3048,42.3048,18
7587,ok,44.0699,44.0699,18
7588,ok,43.2287,43.2287,17
7589,ok,42.1348,42.1348,19
759,ok,33.5739,33.5739,11
7590,ok,44.3790,44.3790,25
7591,ok,41.3376,41.3376,14
7592,ok,43.8516,43.8516,24
7593,ok,46.6242,46.6242,19
7594,ok,48.9834,48.9834,30
7595,ok,44.1846,44.1846,37
7596,ok,38.4189,38.4189,32
7597,ok,32.4203,31.7095,32
7598,ok,49.1579,49.1579,19
7599,ok,42.3501,42.3501,17
76,ok,37.7556,37.7556,15
760,ok,35.3632,35.3632,23
7600,ok,32.3194,32.3194,18
7601,ok,33.4721,33.4721,28
7602,ok,49.3643,49.3643,28
7603,ok,40.2398,40.2398,21
7604,ok,22.9233,22.9233,14
7605,ok,32.4663,32.4663,13
7606,ok,35.8490,35.8490,22
7607,ok,48.0993,48.0993,11
7608,ok,28.0091,28.0091,15
7609,ok,34.5966,34.5965,23
761,ok,42.6636,42.6636,23
7610,ok,40.0735,40.0735,21
7611,ok,45.6693,45.6693,34
7612,ok,49.0593,49.0593,32
7613,ok,40.8011,40.8011,12
7614,ok,47.2616,47.2616,26
7615,ok,48.8246,48.8246,13
7616,ok,44.6296,44.6296,22
7617,ok,42.8769,42.8769,24
7618,ok,33.5459,33.5459,15
7619,ok,43.8671,43.8671,11
762,ok,41.9219,40.4710,35
7620,ok,33.5076,31.5687,23
7621,ok,39.8746,39.8746,23
7622,ok,33.0361,33.0361,23
7623,ok,42.7500,42.7500,21
7624,ok,48.9930,48.9930,11
7625,ok,24.3556,24.3556,34
7626,ok,28.1941,28.1941,29
7627,ok,45.3179,45.3179,26
7628,ok,45.2214,45.2214,24
7629,ok,24.3577,24.3577,25
7630,ok,23.8812,23.8812,13
7631,ok,45.6691,45.6691,21
7632,ok,24.3654,24.3654,31
7633,ok,40.8568,40.8568,29
7634,ok,49.6705,49.6705,12
7635,ok,34.9242,34.9242,33
7636,ok,41.2158,40.8369,55
7637,ok,46.5667,46.5667,32
7638,ok,37.0908,37.0908,19
7639,ok,34.9069,34.9069,12
764,ok,35.9272,35.9272,31
7640,ok,48.6094,48.6094,26
7641,ok,33.4062,33.4062,15
7642,ok,47.3422,47.3422,40
7643,ok,39.9665,39.9665,26
7644,ok,46.5051,46.5051,25
7645,ok,31.6933,31.6933,23
7646,ok,40.3269,40.3269,16
7647,ok,48.9406,48.9406,22
7648,ok,51.2439,49.8981,20
7649,ok,47.6967,47.6967,8
765,ok,34.2156,34.2156,19
7650,ok,46.9837,46.9837,17
7651,ok,39.8901,39.8901,12
7652,ok,25.8181,25.8181,14
7653,ok,38.0709,38.0709,23
7654,ok,48.2014,48.2014,21
7655,ok,44.2783,44.2783,26
7656,ok,49.2297,49.2297,27
7657,ok,45.7164,45.7164,18
7658,ok,49.7951,49.7951,15
7659,ok,26.6136,26.6136,27
766,ok,38.9356,38.9356,17
7660,ok,27.1916,27.1916,18
7661,ok,31.4248,31.4248,23
7662,ok,30.5807,30.5807,36
7663,ok,47.0507,47.0507,17
7664,ok,39.2088,38.7810,19
7665,ok,31.2546,31.2546,13
7666,ok,46.0341,46.0341,19
7667,ok,40.7274,40.7274,35
7668,ok,25.4623,25.4623,39
7669,ok,37.6072,37.6072,22
767,ok,42.1800,42.1800,20
7670,ok,26.8206,26.8206,18
7671,ok,42.2922,42.2922,17
7672,ok,46.6065,46.6065,35
7673,ok,49.0953,49.0953,31
7674,ok,24.5186,24.5186,21
7675,ok,25.8066,25.8066,32
7676,ok,45.9332,45.9332,22
7677,ok,44.1822,44.1822,24
7678,ok,37.1891,37.1891,26
7679,ok,35.8609,35.8609,15
768,ok,44.9986,44.9986,26
7680,ok,26.9679,26.9679,19
7681,ok,37.7100,33.5976,19
7682,ok,43.9817,43.9817,35
7683,ok,43.9903,43.9903,34
7684,ok,47.7662,47.7662,19
7685,ok,44.3062,44.3062,19
7686,ok,29.1223,28.2625,29
7687,ok,35.7520,35.7520,31
7688,ok,34.8739,34.8739,32
7689,ok,35.3710,35.3710,33
769,ok,14.9197,14.9197,19
7690,ok,49.8090,49.8090,23
7691,ok,38.7545,38.7545,43
7692,ok,25.5739,25.5739,44
7693,ok,45.0746,45.0746,34
7694,ok,36.8735,36.8735,24
7695,ok,38.1729,37.9780,26
7696,ok,26.2999,26.2999,11
7698,ok,43.8472,43.8472,14
7699,ok,19.7793,19.7793,29
77,ok,37.2361,37.2361,25
770,ok,49.8286,49.8286,13
7700,ok,41.3627,41.3627,27
7701,ok,44.6054,44.6054,17
7702,ok,43.9794,43.9794,36
7703,ok,46.8843,46.8843,32
7704,ok,43.0905,43.0905,22
7705,ok,45.8743,45.8743,32
7706,ok,49.9165,49.9165,16
7707,ok,46.1178,46.1178,28
7708,ok,41.4610,41.4610,36
7709,ok,47.1075,47.1075,31
771,ok,35.6006,35.6006,11
7710,ok,34.9939,34.9939,22
7711,ok,37.9545,37.9545,16
7712,ok,38.4614,38.4614,15
7713,ok,20.1940,20.1940,19
7714,ok,41.8979,41.8979,19
7715,ok,39.5655,39.5655,9
7716,ok,45.0434,45.0434,13
7717,ok,29.6189,29.6189,20
7718,ok,40.2740,40.2740,10
7719,ok,30.8634,30.8634,18
772,ok,47.7665,47.7665,9
7720,ok,31.4002,31.4002,25
7721,ok,47.5171,47.5171,24
7722,ok,45.2608,45.2608,24
7723,ok,21.2764,21.2764,19
7724,ok,40.3285,40.3285,27
7725,ok,45.1344,45.1344,17
7726,ok,28.4117,28.4117,23
7727,ok,48.1839,48.1839,24
7728,ok,22.3149,22.3149,21
7729,ok,49.4120,49.4120,20
773,ok,41.5572,41.5572,27
7730,ok,48.8784,48.8784,28
7731,ok,38.2868,38.2868,12
7732,ok,45.3612,45.3612,43
7733,ok,43.2721,43.2721,23
7734,ok,46.3224,46.3224,23
7735,ok,48.0680,48.0680,20
7736,ok,41.5011,41.5011,21
7737,ok,43.7351,43.7351,22
7738,ok,33.0807,33.0807,23
7739,ok,47.2271,47.2271,29
774,ok,26.4091,26.4091,11
7740,ok,42.2989,42.2989,19
7741,ok,45.2079,45.2079,19
7742,ok,43.7682,43.7682,15
7743,ok,41.8044,41.8044,17
7744,ok,36.0295,36.0295,26
7745,ok,44.8210,44.8210,12
7746,ok,36.8643,36.8643,29
7747,ok,23.0748,23.0748,22
7748,ok,32.4803,32.4803,17
7749,ok,35.2972,35.2972,23
775,ok,37.4125,37.4125,23
7750,ok,43.9441,43.9441,21
7751,ok,31.3051,31.3051,33
7752,ok,42.3092,42.3092,27
7753,ok,47.7445,47.7445,21
7754,ok,26.9473,26.9473,19
7755,ok,44.4928,44.4928,30
7756,ok,48.6262,48.6262,17
7757,ok,42.2632,42.2632,33
7758,ok,38.3434,38.3434,21
7759,ok,48.9004,48.9004,16
776,ok,31.3795,31.3795,30
7760,ok,39.7402,39.7402,25
7761,ok,47.4911,47.4911,14
7762,ok,37.5294,37.5294,53
7763,ok,41.6158,41.6158,28
7764,ok,41.3748,41.3748,15
7765,ok,35.5960,35.5960,32
7766,ok,48.7362,48.7362,23
7767,ok,48.9095,48.9095,11
7768,ok,40.1359,40.1359,24
7769,ok,43.8224,43.8224,20
777,ok,32.6342,32.6342,20
7770,ok,46.3011,46.3011,33
7771,ok,43.6689,43.6689,24
7772,ok,49.8864,49.8864,24
7773,ok,40.8391,40.8391,24
7774,ok,32.0516,32.0516,37
7775,ok,48.0140,48.0140,21
7776,ok,41.0879,41.0879,17
7777,ok,45.6851,45.6851,39
7778,ok,36.9080,36.9080,19
7779,ok,38.5911,38.5911,21
778,ok,45.0929,45.0929,28
7780,ok,43.1077,43.1077,20
7781,ok,28.3584,28.3584,27
7782,ok,40.6121,40.6121,15
7783,ok,30.0757,30.0757,20
7784,ok,34.7562,34.7562,36
7785,ok,43.2669,43.2669,28
7786,ok,33.6717,33.6717,19
7787,ok,29.9112,29.9112,38
7788,ok,20.7543,20.7543,38
7789,ok,48.8962,48.8962,23
779,ok,17.0123,17.0123,35
7790,ok,47.8101,47.8101,18
7791,ok,28.4122,28.4122,31
7792,ok,47.1499,47.1499,35
7793,ok,48.5193,48.5193,23
7794,ok,46.2694,46.2694,19
7795,ok,49.2264,49.2264,30
7796,ok,30.0184,29.1391,38
7797,ok,42.7917,42.7917,27
7798,ok,21.2251,21.2251,41
7799,ok,44.6394,44.6394,9
78,ok,39.5782,39.5782,8
780,ok,29.3603,29.3603,26
7800,ok,45.9475,45.9475,29
7801,ok,20.5273,20.5273,27
7802,ok,34.4667,34.4667,39
7803,ok,26.8224,26.8224,33
7804,ok,26.7527,26.7527,37
7805,ok,41.8159,41.8159,31
7806,ok,43.6966,43.6966,32
7807,ok,42.1463,42.1463,15
7808,ok,46.0695,46.0695,27
7809,ok,52.0711,49.6183,20
781,ok,50.6737,48.5552,19
7810,ok,27.3988,27.3988,19
7811,ok,48.8080,48.8080,33
7812,ok,48.5957,48.5956,23
7813,ok,42.5080,42.5080,32
7814,ok,41.8989,41.8989,38
7815,ok,46.3906,46.3906,33
7816,ok,47.0814,47.0814,48
7817,ok,39.6311,39.6311,29
7818,ok,48.4659,48.4659,16
7819,ok,45.1965,45.1965,29
782,ok,41.5393,41.5393,28
7820,ok,49.9643,49.9643,19
7821,ok,46.3904,46.3904,22
7822,ok,38.4237,38.4237,39
7823,ok,45.7376,45.7376,14
7824,ok,42.0625,42.0625,16
7825,ok,47.7187,47.7187,29
7826,ok,39.5637,39.5637,24
7827,ok,44.2339,40.3661,19
7828,ok,44.8050,39.9190,10
7829,ok,38.4203,37.5056,37
783,ok,49.4493,49.4493,33
7830,ok,21.7328,21.7328,15
7831,ok,42.4428,42.4428,18
7832,ok,49.0220,49.0220,23
7833,ok,40.0435,40.0435,25
7834,ok,44.7376,44.7376,24
7836,ok,47.8235,47.8235,20
7837,ok,40.3625,40.3625,22
7838,ok,38.6776,38.6776,16
7839,ok,45.4534,45.4534,14
784,ok,36.3716,36.3716,16
7840,ok,24.9683,24.9683,24
7841,ok,30.8862,30.8862,10
7842,ok,40.8094,40.8094,16
7843,ok,41.9412,41.9412,18
7844,ok,45.4005,45.4005,22
7845,ok,44.6935,44.6935,33
7846,ok,49.2185,49.2185,20
7847,ok,49.3659,49.3659,34
7848,ok,34.4129,33.3373,21
7849,ok,42.9417,42.9417,31
785,ok,49.2429,49.2429,26
7850,ok,47.8466,47.8466,24
7851,ok,47.3115,47.3115,11
7852,ok,40.3214,40.3214,11
7853,ok,36.7006,36.7006,20
7854,ok,46.9176,46.9176,21
7855,ok,48.3384,48.3384,34
7856,ok,48.1980,48.1980,28
7857,ok,58.0611,49.4782,37
7858,ok,36.1129,36.1129,27
786,ok,14.3338,14.3338,22
7860,ok,46.8703,46.8703,10
7861,ok,42.3443,42.3443,25
7862,ok,33.4206,33.4206,38
7863,ok,33.7939,32.5656,19
7864,ok,45.9027,45.9027,20
7865,ok,47.1418,47.1418,15
7866,ok,35.8465,35.8465,26
7867,ok,49.6141,49.6141,10
7868,ok,44.6281,44.6281,13
7869,ok,47.4951,47.4951,35
787,ok,37.2414,37.2414,24
7870,ok,44.1789,44.1789,36
7871,ok,46.9842,46.9842,26
7872,ok,35.7746,35.7746,18
7873,ok,37.3990,37.3990,28
7874,ok,34.6755,34.6755,24
7875,ok,24.1068,24.1068,25
7876,ok,36.0483,36.0483,42
7877,ok,41.2907,41.2907,10
7878,ok,44.6965,44.6965,23
7879,ok,28.4235,28.4235,15
788,ok,28.4792,28.4792,22
7880,ok,40.3240,40.3240,26
7881,ok,48.2990,48.2990,28
7882,ok,33.8115,33.8115,26
7883,ok,36.3422,36.3422,21
7884,ok,40.2703,40.2703,52
7885,ok,37.0521,37.0521,18
7886,ok,48.5287,48.5287,32
7887,ok,40.9878,40.9873,19
7888,ok,33.8261,33.8261,36
7889,ok,30.1051,29.7908,38
7890,ok,43.5315,43.5315,20
7891,ok,42.5550,42.5550,21
7892,ok,36.3202,36.3202,23
7893,ok,42.7627,42.7627,25
7894,ok,48.0499,48.0499,23
7895,ok,45.9522,45.9522,27
7896,ok,44.6653,44.6653,24
7897,ok,43.2692,43.2692,37
7898,ok,22.2853,22.2410,31
7899,ok,35.8094,35.8094,19
79,ok,42.9008,42.9008,29
790,ok,49.7672,49.7672,11
7900,ok,36.9319,36.9319,16
7901,ok,33.9410,33.9410,17
7902,ok,46.8967,46.8967,27
7903,ok,36.6164,36.1602,22
7904,ok,47.0408,47.0408,14
7905,ok,47.0584,47.0584,20
7906,ok,44.6607,44.6607,26
7907,ok,40.1930,40.1930,16
7908,ok,45.0554,45.0554,18
7909,ok,42.7770,42.7770,17
791,ok,47.7197,47.7197,28
7910,ok,33.8226,33.8226,16
7911,ok,24.8319,24.8319,12
7912,ok,48.4611,48.4611,18
7913,ok,39.2971,35.0116,21
7914,ok,49.1421,49.1421,28
7915,ok,49.7284,49.7284,27
7916,ok,36.1963,36.1963,22
7917,ok,32.2991,32.2991,41
7918,ok,39.7654,39.7654,33
7919,ok,50.8446,49.0912,36
792,ok,48.5738,48.5738,25
7920,ok,45.0240,45.0240,33
7921,ok,33.0820,33.0820,21
7922,ok,28.4343,28.4343,38
7923,ok,32.2857,32.2857,17
7924,ok,45.7486,45.7486,24
7925,ok,48.8773,48.8773,22
7926,ok,49.2146,49.2146,25
7927,ok,40.7299,40.7299,21
7928,ok,46.6695,46.6695,18
7929,ok,44.9943,44.9943,20
793,ok,49.4360,49.4360,39
7930,ok,46.0532,46.0532,24
7931,ok,48.8944,48.8944,23
7932,ok,44.3444,44.3444,14
7933,ok,46.4376,46.4376,27
7934,ok,45.6224,45.6224,12
7935,ok,31.5736,31.5736,25
7936,ok,40.6183,40.6183,16
7937,ok,38.5101,38.5101,44
7938,ok,46.3532,46.3532,17
7939,ok,44.4166,44.4166,18
794,ok,35.6857,35.6857,34
7940,ok,47.1353,47.1353,30
7941,ok,38.6648,38.6648,20
7942,ok,48.3780,48.3780,20
7944,ok,43.4062,42.6598,13
7945,ok,39.7896,39.7896,17
7946,ok,44.0361,44.0361,12
7947,ok,49.7021,49.7021,29
7948,ok,45.3063,45.3063,15
7949,ok,45.4616,45.4616,15
795,ok,44.3230,44.3230,23
7950,ok,45.4696,45.4696,38
7951,ok,34.6706,34.6706,25
7952,ok,25.4273,25.4273,25
7953,ok,37.5366,37.5366,23
7954,ok,41.3883,41.3883,19
7955,ok,37.4019,37.4019,31
7956,ok,41.7168,40.0454,40
7957,ok,48.6501,48.6501,14
7958,ok,42.9037,42.9037,34
7959,ok,44.8318,44.8318,20
796,ok,41.8259,41.8259,27
7960,ok,36.0747,36.0747,29
7961,ok,51.6854,48.6257,37
7962,ok,45.5519,45.5519,37
7963,ok,37.1235,37.1235,25
7964,ok,39.0936,39.0936,14
7965,ok,48.8839,48.8839,33
7966,ok,40.8339,40.8339,32
7967,ok,45.4847,45.4847,29
7968,ok,29.2441,29.2441,19
7969,ok,47.7989,47.7989,25
797,ok,44.7052,44.4093,14
7970,ok,40.7981,40.7981,24
7971,ok,28.5648,28.5648,35
7972,ok,49.6526,49.6526,25
7973,ok,37.9633,37.9633,20
7974,ok,49.9376,49.9376,33
7975,ok,40.9368,40.9368,17
7976,ok,48.4191,48.4191,10
7977,ok,47.8386,47.8386,31
7978,ok,48.0504,48.0504,14
7979,ok,44.6606,44.6606,18
798,ok,43.5289,43.5289,21
7980,ok,40.6318,40.6318,34
7981,ok,45.2656,45.2656,12
7982,ok,44.1999,44.1999,34
7983,ok,42.5431,42.5431,25
7984,ok,27.0591,27.0591,14
7985,ok,41.9890,41.9890,25
7986,ok,46.1605,46.1605,23
7987,ok,40.4771,40.4771,11
7988,ok,42.9560,42.9560,19
7989,ok,34.7845,34.7845,35
799,ok,39.2856,39.2856,26
7990,ok,41.6389,41.6389,16
7991,ok,45.3887,45.3887,24
7992,ok,46.9144,46.9144,29
7993,ok,43.5110,43.5110,28
7994,ok,39.1489,39.1489,22
7995,ok,26.7437,26.7437,24
7996,ok,44.4818,44.4818,26
7997,ok,44.5776,44.5776,21
7998,ok,40.0182,40.0182,17
7999,ok,35.1066,35.1066,21
80,ok,47.7069,47.7069,17
800,ok,42.0272,42.0272,20
8000,ok,45.3829,45.3829,16
8001,ok,46.6063,46.6063,21
8002,ok,49.9918,49.9918,40
8003,ok,29.8462,29.8462,22
8004,ok,42.5277,42.5277,14
8005,ok,40.3465,40.3465,31
8006,ok,51.8057,51.1278,25
8007,ok,40.8467,40.8467,18
8008,ok,45.4720,45.4720,24
8009,ok,44.8937,44.8937,25
801,ok,33.1030,33.1030,11
8010,ok,47.6600,47.6600,28
8011,ok,40.3601,39.4699,29
8012,ok,35.0369,35.0369,22
8013,ok,47.5473,45.9878,19
8014,ok,46.5776,46.5776,25
8015,ok,26.1178,26.1178,12
8016,ok,43.6689,43.6689,14
8017,ok,21.7054,21.7054,18
8018,ok,46.8362,46.8362,29
8019,ok,45.3725,45.3725,25
802,ok,37.7489,37.7489,25
8020,ok,38.2721,38.2721,14
8021,ok,46.2477,46.2477,20
8022,ok,26.7136,26.7136,13
8023,ok,49.0438,49.0438,37
8024,ok,48.3590,48.3590,33
8025,ok,23.3262,23.3262,19
8026,ok,32.8762,32.8762,30
8027,ok,27.5068,27.5068,14
8028,ok,36.6108,36.6107,25
8029,ok,45.9949,45.9949,43
803,ok,27.2890,27.2890,27
8030,ok,37.2795,37.2795,32
8031,ok,40.8927,40.8927,39
8032,ok,43.9091,43.9091,23
8033,ok,36.3935,36.3935,31
8034,ok,42.8834,42.8834,21
8035,ok,45.2266,45.2266,15
8036,ok,27.2963,27.2963,19
8037,ok,43.6141,43.6141,24
8038,ok,29.8887,29.8887,17
8039,ok,39.7176,39.7176,41
804,ok,44.3754,44.3754,13
8040,ok,44.0001,44.0001,38
8041,ok,39.8107,39.8107,30
8042,ok,43.6308,43.6308,17
8043,ok,46.4315,46.4315,29
8044,ok,49.6495,49.6495,23
8045,ok,48.2149,48.2149,22
8046,ok,45.3657,45.3657,24
8047,ok,28.2010,28.2010,22
8048,ok,43.0868,43.0868,18
8049,ok,51.1541,45.5756,45
805,ok,45.4147,45.4147,27
8050,ok,39.9816,39.9816,23
8051,ok,44.6876,44.6876,32
8052,ok,43.9550,39.1616,10
8053,ok,27.3074,27.3074,19
8054,ok,47.9167,47.9167,32
8055,ok,42.4032,42.4032,14
8056,ok,49.3417,49.3417,27
8057,ok,43.6609,43.6609,20
8058,ok,44.4967,42.8443,14
8059,ok,33.4993,33.4993,10
806,ok,30.9526,30.9526,33
8060,ok,42.3708,42.3708,26
8061,ok,34.8830,34.8830,24
8062,ok,37.2101,37.2101,11
8063,ok,35.9395,35.9395,21
8064,ok,49.9674,49.9674,20
8065,ok,40.1597,40.1597,26
8066,ok,41.9647,41.9647,18
8067,ok,40.0515,40.0515,31
8068,ok,32.4680,32.4680,28
8069,ok,26.3721,26.3721,40
807,ok,43.0856,43.0856,32
8070,ok,52.6569,46.9146,26
8071,ok,21.9721,21.9721,13
8072,ok,32.3595,32.3595,28
8073,ok,33.3299,33.3299,24
8074,ok,44.4840,44.4840,25
8075,ok,47.5514,47.5514,23
8076,ok,38.3093,38.3093,17
8077,ok,36.7973,36.7973,24
8078,ok,46.3997,46.3997,22
8079,ok,41.0370,41.0370,20
808,ok,26.4297,26.4297,18
8080,ok,45.7907,45.7907,31
8081,ok,49.2023,49.2023,32
8082,ok,41.1446,41.1446,35
8083,ok,49.7002,49.7002,24
8084,ok,32.4024,32.4024,30
8085,ok,48.2057,48.2057,22
8086,ok,41.8386,41.8386,11
8087,ok,36.9047,36.9047,38
8088,ok,47.4086,47.4086,25
8089,ok,29.8592,29.8592,32
809,ok,35.6496,35.6496,21
8090,ok,45.5365,45.5365,21
8091,ok,39.6832,39.6832,28
8092,ok,28.2285,28.2285,23
8093,ok,48.2196,48.2196,49
8094,ok,45.2907,45.2907,17
8095,ok,43.6608,43.6608,30
8096,ok,49.0447,49.0447,41
8097,ok,48.5647,48.5647,23
8098,ok,46.7201,46.7201,15
8099,ok,44.6588,44.6588,38
81,ok,42.3812,42.3812,37
810,ok,45.0596,45.0596,16
8100,ok,47.9768,47.9768,38
8101,ok,31.0138,31.0138,16
8102,ok,35.5849,35.5849,23
8103,ok,34.7673,34.7673,38
8104,ok,24.0188,24.0188,22
8105,ok,21.9702,21.9702,39
8106,ok,39.5438,39.5438,45
8107,ok,47.1909,47.1909,40
8108,ok,49.8849,49.8849,21
8109,ok,42.8046,42.8046,39
811,ok,46.4574,45.8317,25
8110,ok,37.1642,37.1642,31
8111,ok,23.0776,23.0776,28
8112,ok,43.1222,43.1222,15
8113,ok,33.9451,33.9451,21
8114,ok,34.6430,34.6430,30
8115,ok,49.4469,49.4469,21
8116,ok,26.8948,26.8948,14
8117,ok,44.6568,44.6568,22
8118,ok,49.4833,49.4833,22
8119,ok,43.0797,43.0797,34
812,ok,42.6359,42.6359,47
8120,ok,46.2640,46.2640,33
8121,ok,27.1424,27.1424,29
8122,ok,32.1277,28.9397,17
8123,ok,45.0690,45.0690,18
8124,ok,43.1245,43.1245,35
8125,ok,49.1383,49.1383,19
8126,ok,35.6948,35.6948,17
8127,ok,47.6527,47.6527,28
8128,ok,39.6639,39.6639,37
8129,ok,37.9270,37.9270,27
813,ok,48.2391,48.2391,31
8130,ok,40.9400,40.9400,24
8131,ok,40.3817,40.3817,20
8132,ok,45.9370,45.9370,19
8133,ok,33.9258,33.9258,39
8134,ok,48.3301,48.3301,35
8135,ok,47.4634,47.4634,35
8136,ok,36.3955,36.3955,15
8137,ok,46.5024,46.5024,33
8138,ok,33.8980,33.8980,18
8139,ok,27.8375,27.8375,43
814,ok,45.0881,45.0881,33
8140,ok,51.1134,48.9947,38
8141,ok,44.8203,44.8203,15
8142,ok,48.3977,48.3977,24
8143,ok,35.8767,34.5413,37
8144,ok,48.4087,48.4087,14
8145,ok,49.7646,49.7646,19
8146,ok,45.9013,45.9013,24
8147,ok,38.2209,37.5321,23
8148,ok,46.7415,46.7415,31
8149,ok,22.7088,22.7088,27
815,ok,33.6177,33.6177,20
8150,ok,34.4137,34.4137,19
8151,ok,43.5712,43.5712,46
8152,ok,37.3149,37.3149,36
8153,ok,47.1680,47.1680,38
8154,ok,19.3128,19.3128,44
8155,ok,27.6080,27.6080,17
8156,ok,23.8389,23.8389,25
8157,ok,44.5599,44.5599,20
8158,ok,16.5778,16.5778,26
8159,ok,41.8578,41.8578,28
816,ok,43.8624,43.8624,30
8160,ok,48.1539,48.1539,18
8161,ok,46.9348,46.9348,15
8162,ok,48.3143,48.3143,25
8163,ok,47.9211,47.9211,27
8164,ok,19.5460,19.5460,25
8165,ok,43.2221,43.2221,27
8166,ok,42.8759,42.8759,21
8167,ok,37.8070,37.8070,24
8168,ok,43.6194,43.6194,33
8169,ok,35.9216,35.9216,47
817,ok,45.3266,45.3266,10
8170,ok,22.4491,21.4485,25
8171,ok,29.8550,29.8550,27
8172,ok,39.0235,39.0235,14
8173,ok,46.5422,46.5422,14
8174,ok,36.6939,36.6939,19
8175,ok,48.8351,48.8351,17
8176,ok,47.9581,47.9581,13
8177,ok,47.6079,47.6079,33
8178,ok,23.7710,23.7710,21
8179,ok,49.5663,49.5663,24
818,ok,37.9373,37.9373,20
8180,ok,42.9478,42.0858,23
8181,ok,48.1251,48.1251,14
8182,ok,39.9232,39.9232,26
8183,ok,44.6123,44.6123,14
8184,ok,39.1356,39.1356,10
8185,ok,38.9935,37.4920,19
8186,ok,30.4605,30.4605,28
8187,ok,30.8298,30.8298,30
8188,ok,49.5695,49.5695,24
8189,ok,47.9692,47.9692,19
819,ok,45.8467,45.8467,14
8190,ok,50.4658,44.9624,14
8191,ok,46.5514,46.5514,17
8192,ok,37.2296,37.2296,18
8193,ok,32.2144,32.2144,24
8195,ok,41.1004,41.1004,29
8196,ok,42.8819,42.8819,38
8197,ok,41.9274,41.9274,21
8198,ok,30.8494,30.8494,14
8199,ok,45.0434,45.0434,23
82,ok,47.6278,47.6278,19
820,ok,112.5666,41.1190,24
8200,ok,46.8579,46.8579,37
8201,ok,33.4173,33.4173,35
8202,ok,46.3039,46.3039,30
8203,ok,27.8437,27.8437,13
8204,ok,28.9744,28.9744,28
8205,ok,45.8292,45.8292,23
8206,ok,46.8285,45.4122,30
8207,ok,39.0206,39.0206,25
8208,ok,15.6090,15.6090,25
8209,ok,36.4101,36.4101,18
821,ok,47.4139,47.4139,14
8210,ok,43.9793,43.9793,18
8211,ok,44.7867,44.7867,18
8212,ok,49.9877,49.9877,22
8213,ok,36.3415,36.3415,12
8214,ok,49.9610,49.9610,29
8215,ok,52.6003,48.5807,24
8216,ok,34.7745,34.7745,31
8218,ok,47.1641,47.1641,18
8219,ok,37.9519,37.9519,8
822,ok,48.9100,48.9100,19
8220,ok,39.7855,39.7855,34
8221,ok,40.1557,40.1557,17
8222,ok,49.8074,49.8074,26
8223,ok,39.5338,39.5338,28
8224,ok,44.1264,44.1264,24
8225,ok,40.4803,40.4803,27
8226,ok,36.5337,36.5337,19
8227,ok,44.2504,44.2504,16
8228,ok,26.8270,26.8270,20
8229,ok,40.1128,40.1128,38
823,ok,23.0146,23.0146,25
8230,ok,47.6492,47.6492,33
8231,ok,47.2912,47.2912,29
8232,ok,43.6117,43.6117,16
8233,ok,32.6967,30.2379,12
8234,ok,36.2408,36.2408,23
8235,ok,31.8295,31.8295,26
8236,ok,26.4595,26.4595,16
8237,ok,36.9932,36.9932,15
8238,ok,36.5902,36.5902,25
8239,ok,18.1825,18.1825,19
824,ok,48.5111,48.5111,17
8240,ok,48.6648,48.6648,9
8241,ok,45.2212,45.2212,15
8242,ok,24.9354,24.9354,37
8243,ok,44.0782,44.0782,31
8244,ok,37.3418,37.3418,22
8245,ok,34.1524,34.1524,27
8246,ok,47.4880,47.4880,29
8247,ok,49.0159,49.0159,15
8248,ok,49.3087,49.3087,27
8249,ok,44.7860,44.7860,22
825,ok,44.2746,44.2746,19
8250,ok,25.6233,25.6233,20
8251,ok,41.5896,41.5896,22
8252,ok,42.6905,42.6905,23
8253,ok,48.8783,48.8783,17
8254,ok,29.2601,29.2601,18
8255,ok,33.5356,33.5356,27
8256,ok,33.9715,33.9715,20
8257,ok,36.6209,36.6209,24
8258,ok,46.6157,45.0887,26
8259,ok,49.8168,49.8168,15
826,ok,40.4742,40.4742,21
8260,ok,46.2449,46.2449,19
8261,ok,41.6995,41.6995,11
8262,ok,49.3711,49.3711,22
8263,ok,39.0798,39.0798,33
8264,ok,45.6907,45.6907,18
8265,ok,31.1005,31.1005,21
8266,ok,39.4733,39.4733,12
8267,ok,34.5925,34.5925,38
8268,ok,43.8092,43.8092,15
8269,ok,32.4626,32.4626,25
827,ok,45.1765,45.1765,32
8270,ok,46.0261,46.0261,17
8271,ok,37.7235,37.7235,23
8272,ok,48.1535,48.1535,12
8273,ok,38.9958,38.9958,21
8274,ok,49.4046,49.4046,30
8275,ok,33.7165,33.2745,34
8276,ok,33.9891,33.9891,17
8277,ok,34.9568,34.9568,11
8278,ok,691.7972,306.7148,36
8279,ok,41.6630,41.6630,14
828,ok,45.0367,45.0367,16
8280,ok,31.3895,31.3895,30
8281,ok,38.8316,38.8316,24
8282,ok,48.3979,48.3979,40
8283,ok,49.0497,49.0497,13
8284,ok,46.7385,46.7385,30
8285,ok,45.6338,45.6338,21
8286,ok,45.9174,45.9174,13
8287,ok,51.1660,49.5609,21
8288,ok,30.3326,30.3326,35
8289,ok,45.4951,45.4951,13
829,ok,35.8166,35.8166,23
8290,ok,54.8024,48.8261,13
8291,ok,44.3377,44.3377,12
8292,ok,37.0942,37.0942,20
8293,ok,34.8078,34.8078,12
8294,ok,28.9906,28.9906,15
8295,ok,43.3004,43.3004,12
8296,ok,45.0825,45.0825,21
8297,ok,40.9796,40.9796,10
8298,ok,47.0279,47.0279,41
8299,ok,47.4416,47.4416,27
83,ok,49.7597,49.7597,17
830,ok,33.9149,33.9149,42
8300,ok,49.6023,49.6023,19
8301,ok,44.3491,44.3491,12
8302,ok,37.6977,37.0112,16
8303,ok,33.0767,33.0767,22
8304,ok,24.3949,24.3949,16
8306,ok,47.4487,47.4487,28
8307,ok,45.5077,45.5077,37
8308,ok,49.7294,49.7294,31
8309,ok,49.4143,49.4143,15
831,ok,37.1751,37.1751,36
8310,ok,46.3022,46.3022,24
8311,ok,41.0199,41.0199,14
8312,ok,37.7487,37.7487,19
8313,ok,35.5586,35.5586,32
8314,ok,46.3007,46.3007,9
8315,ok,48.0746,48.0746,20
8316,ok,31.2873,31.2873,34
8317,ok,22.2438,22.2438,31
8318,ok,33.6444,33.6444,13
8319,ok,44.8042,44.8042,20
832,ok,49.4725,49.4725,18
8320,ok,39.0150,39.0150,14
8321,ok,46.8750,46.8750,28
8322,ok,41.0659,41.0659,18
8323,ok,46.4123,46.4123,16
8324,ok,24.5117,24.5117,34
8325,ok,29.8682,29.8682,22
8326,ok,42.5496,42.5496,27
8327,ok,36.1669,36.1669,20
8328,ok,45.8627,45.8627,12
8329,ok,42.6957,42.6957,26
833,ok,43.6510,43.6510,24
8330,ok,49.8138,49.8138,23
8331,ok,39.8286,39.8286,12
8332,ok,33.6330,33.6330,25
8333,ok,47.3725,47.3725,26
8334,ok,44.9088,44.9088,37
8335,ok,39.5647,39.5647,33
8336,ok,43.7605,43.7605,25
8337,ok,35.9876,35.9876,22
8338,ok,42.4347,42.4347,34
8339,ok,36.2361,36.2361,13
834,ok,31.4972,31.4972,24
8340,ok,48.0465,48.0465,29
8341,ok,48.7414,48.7414,41
8342,ok,25.2300,25.2300,34
8343,ok,41.9390,41.9390,19
8344,ok,46.4951,46.4951,18
8345,ok,43.2768,43.2768,17
8346,ok,48.9935,48.9935,23
8347,ok,39.7220,39.7220,17
8348,ok,47.3619,47.3619,30
8349,ok,47.1886,46.7698,31
835,ok,34.0878,34.0878,23
8350,ok,49.0154,49.0154,39
8351,ok,40.4628,40.4628,33
8352,ok,41.2282,41.2282,15
8353,ok,38.6834,38.6834,26
8354,ok,42.4529,42.4529,22
8356,ok,24.8172,24.8172,21
8357,ok,44.5652,44.5652,27
8358,ok,44.7527,44.7527,15
8359,ok,38.0874,38.0874,25
836,ok,35.0655,35.0655,20
8360,ok,33.5073,33.5073,14
8361,ok,49.1490,49.1490,17
8362,ok,49.7963,49.7963,31
8363,ok,28.7774,28.7774,12
8364,ok,38.7759,38.7759,34
8365,ok,45.3301,45.3301,36
8366,ok,49.0644,49.0644,14
8367,ok,39.2636,39.2636,18
8368,ok,43.1570,43.1570,35
8369,ok,36.0147,36.0147,15
837,ok,39.8963,39.8963,31
8370,ok,43.3261,43.3261,33
8371,ok,18.9898,18.9898,27
8372,ok,48.7737,48.7737,15
8373,ok,35.8772,35.8772,15
8374,ok,32.9758,32.9758,18
8375,ok,45.5053,45.5053,29
8376,ok,36.4996,36.4996,32
8377,ok,49.5484,49.5484,32
8378,ok,40.7689,40.7689,25
8379,ok,37.9536,37.9536,21
838,ok,37.7558,37.7558,24
8380,ok,46.5854,46.5854,16
8381,ok,37.9897,37.9897,21
8382,ok,31.3132,31.3132,29
8383,ok,46.0082,46.0082,17
8384,ok,29.3566,29.3566,23
8385,ok,39.9702,39.9702,10
8386,ok,30.1999,30.1999,23
8387,ok,47.1837,47.1837,25
8388,ok,31.5551,31.5551,21
8389,ok,33.3270,33.3270,18
839,ok,39.7581,39.7581,15
8390,ok,33.0259,33.0259,33
8391,ok,41.0191,41.0191,16
8392,ok,45.4663,45.4663,19
8393,ok,29.8723,29.8723,25
8394,ok,25.6251,25.6251,20
8395,ok,26.6400,26.6400,34
8396,ok,32.5786,32.5786,24
8397,ok,43.8957,43.8957,25
8398,ok,41.8370,41.8370,37
8399,ok,49.3138,49.3138,23
84,ok,48.0410,48.0410,25
840,ok,37.2428,37.2428,26
8400,ok,36.0692,36.0692,23
8401,ok,45.5995,45.5995,17
8402,ok,30.0267,30.0267,33
8403,ok,49.0641,49.0641,20
8404,ok,49.1336,49.1336,27
8405,ok,35.6774,31.7867,40
8406,ok,34.4905,34.4905,34
8407,ok,23.2120,23.2120,36
8408,ok,41.8567,41.8567,15
8409,ok,36.2560,36.2560,20
841,ok,41.8052,41.8052,8
8410,ok,46.1485,46.1485,30
8411,ok,20.9059,20.9059,22
8412,ok,44.9103,44.9103,18
8413,ok,32.7644,32.7644,22
8414,ok,46.5152,46.5152,31
8415,ok,33.1575,33.1575,14
8416,ok,46.9578,46.9578,23
8417,ok,44.6314,44.6314,25
8418,ok,48.4801,48.4801,10
8419,ok,44.2073,44.2073,22
842,ok,26.1696,26.1696,35
8420,ok,49.6504,49.6504,20
8421,ok,33.1870,33.1870,15
8422,ok,19.7578,16.0919,5
8423,ok,22.7074,22.7074,28
8424,ok,45.0983,45.0983,26
8425,ok,38.9468,38.9468,15
8426,ok,45.6097,45.6097,20
8427,ok,48.1365,48.1365,18
8428,ok,44.8903,44.8903,19
8429,ok,49.7594,49.7594,18
843,ok,46.0389,46.0389,20
8430,ok,19.8082,19.8082,12
8431,ok,47.9579,47.9579,24
8432,ok,33.9098,33.9098,23
8433,ok,37.5502,37.2393,26
8434,ok,39.0944,39.0944,12
8435,ok,41.4952,41.4952,21
8436,ok,47.0011,47.0011,22
8437,ok,44.6384,44.6384,28
8438,ok,45.3094,45.3094,38
8439,ok,40.8010,40.8010,13
844,ok,48.2687,48.2687,22
8440,ok,45.4518,45.4518,22
8441,ok,42.3332,42.3332,15
8442,ok,37.2735,37.2735,25
8443,ok,29.2896,29.2896,39
8444,ok,47.4454,47.4454,18
8445,ok,54.9120,48.9237,25
8446,ok,45.0137,45.0137,14
8447,ok,28.4209,28.4209,28
8448,ok,43.7038,43.7038,18
8449,ok,46.9086,46.9086,22
845,ok,39.4553,39.4553,34
8450,ok,43.6633,43.6633,24
8451,ok,37.7092,37.7092,16
8452,ok,34.0693,34.0693,18
8453,ok,47.7287,47.7287,14
8454,ok,37.4764,37.4764,27
8455,ok,39.1587,39.1587,18
8456,ok,46.7039,46.7039,26
8457,ok,44.0760,44.0760,40
8458,ok,32.7014,32.7014,29
8459,ok,47.3149,47.3149,18
846,ok,41.3939,41.3939,16
8460,ok,26.0007,26.0007,15
8461,ok,49.0657,49.0657,14
8462,ok,42.7876,42.7876,26
8463,ok,46.5714,46.5714,24
8464,ok,45.3048,45.3048,11
8465,ok,27.0792,27.0792,14
8466,ok,27.5645,27.5645,24
8467,ok,36.5963,36.5963,36
8468,ok,43.3670,43.3670,33
8469,ok,39.6432,39.6432,33
847,ok,47.6356,47.6356,30
8470,ok,44.4586,44.4586,20
8471,ok,43.7745,43.7745,26
8472,ok,39.6778,39.6778,33
8473,ok,28.7123,28.7123,26
8474,ok,39.9329,39.9329,34
8475,ok,44.0471,44.0471,20
8476,ok,19.9354,19.5222,14
8477,ok,29.4410,29.4410,19
8478,ok,26.6652,26.6652,28
8479,ok,32.8458,32.8458,30
848,ok,48.1798,48.1798,44
8480,ok,42.5412,42.5412,26
8481,ok,30.3288,30.3288,18
8482,ok,30.9987,30.9987,29
8483,ok,40.7268,40.7268,34
8484,ok,38.5835,38.5835,23
8486,ok,43.1178,43.1178,21
8487,ok,21.4708,21.4708,12
8488,ok,42.4957,42.4957,27
8489,ok,14.0198,14.0198,29
849,ok,43.1413,43.1413,19
8490,ok,47.0990,46.4352,32
8491,ok,38.6587,38.6586,32
8492,ok,45.4928,45.4928,23
8493,ok,43.8033,43.8033,18
8494,ok,45.2118,45.2118,46
8495,ok,49.8829,49.8829,12
8496,ok,47.2461,47.2461,20
8497,ok,39.8432,39.8432,21
8498,ok,40.4506,40.4506,24
8499,ok,31.8474,31.8474,28
85,ok,36.2215,36.2215,26
850,ok,29.4270,29.4270,15
8500,ok,44.3784,44.3784,12
8501,ok,49.4499,49.4499,23
8502,ok,34.3515,34.3515,37
8503,ok,45.6106,45.6106,38
8504,ok,38.1615,38.1615,27
8505,ok,37.8804,37.8804,19
8506,ok,37.1038,37.1038,19
8507,ok,28.4385,28.4385,31
8508,ok,25.9963,25.9963,15
8509,ok,47.1211,47.1211,11
851,ok,41.0801,41.0801,16
8510,ok,37.9393,37.9393,24
8511,ok,47.9517,47.9517,31
8512,ok,33.8194,33.8194,22
8513,ok,49.2780,49.2780,27
8514,ok,28.0662,28.0662,23
8515,ok,35.9397,35.9397,33
8516,ok,33.6987,33.6987,14
8517,ok,45.5335,45.5335,14
8518,ok,30.6839,30.6839,23
8519,ok,49.4457,49.4457,34
852,ok,49.1148,49.1148,24
8521,ok,36.0816,36.0816,11
8522,ok,48.6491,48.6491,16
8523,ok,46.9038,46.9038,35
8524,ok,51.8991,46.2394,22
8525,ok,20.1962,20.1962,23
8526,ok,31.8142,31.8142,17
8527,ok,31.0117,31.0117,22
8528,ok,44.0142,44.0142,19
8529,ok,43.5787,43.5787,26
853,ok,44.5744,44.5744,18
8530,ok,48.1482,48.1482,25
8531,ok,45.8549,45.8549,17
8532,ok,33.6810,33.6810,29
8533,ok,49.3879,49.3879,29
8534,ok,36.7633,36.7633,24
8535,ok,28.8090,28.8090,10
8536,ok,37.0704,37.0704,14
8537,ok,47.2487,47.2487,18
8538,ok,39.6711,39.6711,22
8539,ok,46.2167,46.2167,26
854,ok,39.2131,39.2131,17
8540,ok,47.4549,47.4549,16
8541,ok,47.5009,47.5009,22
8542,ok,34.2336,34.2336,30
8543,ok,26.8384,26.8384,12
8544,ok,34.0334,34.0334,21
8545,ok,46.4866,46.4866,29
8546,ok,39.2530,37.8009,19
8547,ok,43.2895,43.2895,20
8548,ok,48.8293,48.8293,42
8549,ok,25.8796,25.8796,19
855,ok,20.8135,20.8135,31
8550,ok,37.5141,37.5141,26
8551,ok,41.9144,41.9144,25
8552,ok,40.8596,40.8596,11
8553,ok,33.9546,33.9546,27
8554,ok,46.9458,46.9458,24
8555,ok,23.5510,23.2027,33
8556,ok,47.7049,47.7049,14
8557,ok,42.9155,42.9155,30
8558,ok,21.3460,21.3460,23
8559,ok,47.1988,47.1988,16
856,ok,45.7082,45.7082,21
8560,ok,45.8910,45.8910,11
8561,ok,23.4167,23.4167,31
8562,ok,27.4009,27.4009,29
8563,ok,41.8453,41.8453,14
8564,ok,37.8508,37.8508,24
8565,ok,39.6169,39.6169,27
8566,ok,47.6888,47.6888,23
8567,ok,19.4810,19.4810,20
8568,ok,35.8062,35.8062,36
8569,ok,32.2318,32.2318,41
857,ok,40.1396,40.1396,23
8570,ok,33.4104,33.4104,17
8571,ok,40.9155,40.2348,16
8572,ok,29.8888,29.8888,20
8573,ok,31.9854,31.9854,20
8574,ok,46.1200,46.1200,19
8575,ok,21.3246,21.3246,38
8576,ok,45.0142,45.0142,12
8577,ok,43.9388,43.9388,15
8578,ok,37.3915,37.3915,34
8579,ok,49.1448,49.1448,17
858,ok,40.4078,40.4078,12
8580,ok,34.1207,34.1207,12
8581,ok,46.2137,46.2137,34
8582,ok,49.9365,49.9365,39
8583,ok,41.3765,41.3765,29
8584,ok,40.0788,40.0788,19
8585,ok,40.9465,40.9465,21
8586,ok,45.5046,45.5046,43
8587,ok,47.6925,47.6925,11
8588,ok,49.3638,49.3638,23
8589,ok,44.0910,44.0910,43
859,ok,48.8235,48.8235,29
8590,ok,37.1905,37.1863,16
8591,ok,21.6266,21.6266,22
8592,ok,34.5731,34.5731,16
8593,ok,49.6064,49.6064,22
8594,ok,47.0188,47.0188,22
8595,ok,46.9942,46.9942,18
8596,ok,42.7424,42.7424,21
8597,ok,24.6072,24.6072,17
8598,ok,41.1166,41.1166,26
8599,ok,46.2995,46.2995,9
86,ok,29.9643,29.9643,17
860,ok,49.7220,49.7220,36
8600,ok,46.4435,46.4435,26
8601,ok,33.0007,33.0007,22
8602,ok,47.9007,47.9007,32
8603,ok,41.8418,41.8418,18
8604,ok,34.2280,34.2280,10
8605,ok,21.2741,21.2741,12
8606,ok,23.2926,23.2926,22
8608,ok,32.8794,32.8794,31
8609,ok,29.1968,29.1968,35
861,ok,41.7131,41.7131,37
8610,ok,24.6799,24.6799,27
8611,ok,49.5761,49.5761,17
8612,ok,47.2726,47.2726,30
8613,ok,34.4291,34.4291,18
8614,ok,44.0048,44.0048,32
8615,ok,31.0315,31.0315,21
8616,ok,45.9016,45.9016,16
8617,ok,41.1288,41.1288,26
8618,ok,27.2685,27.2685,26
8619,ok,49.9844,49.9844,33
862,ok,22.6318,22.6318,10
8620,ok,47.9127,47.9127,17
8621,ok,48.8676,48.8676,41
8622,ok,48.2948,48.2948,36
8623,ok,43.3817,43.3817,18
8624,ok,16.4250,16.4250,16
8625,ok,24.7751,24.7751,16
8626,ok,47.9639,47.9639,26
8627,ok,45.1148,45.1148,29
8628,ok,51.5835,49.9555,15
8629,ok,40.1376,40.1376,20
863,ok,32.5364,32.5364,12
8630,ok,43.3503,43.3503,23
8631,ok,39.2411,39.2411,16
8632,ok,47.5647,47.5647,14
8633,ok,35.9093,35.9093,18
8634,ok,46.6463,46.6463,28
8635,ok,43.2044,43.2044,27
8636,ok,40.6133,40.6133,29
8637,ok,41.4418,41.4418,13
8638,ok,39.6565,39.6565,34
8639,ok,32.6879,32.6879,35
864,ok,34.0167,34.0167,24
8640,ok,49.1567,49.1567,21
8641,ok,30.3398,29.7002,28
8642,ok,34.8227,34.8227,20
8643,ok,40.9503,40.9503,20
8644,ok,28.2590,28.2590,17
8645,ok,42.8696,42.8696,15
8646,ok,47.8850,47.8850,18
8647,ok,45.5592,45.5592,8
8648,ok,24.6691,24.6691,37
8649,ok,43.4676,43.4676,35
865,ok,46.6201,46.6201,20
8650,ok,48.8379,48.8379,26
8651,ok,27.0311,27.0311,26
8652,ok,31.6360,31.6360,35
8653,ok,40.7536,40.7536,21
8655,ok,21.3272,21.3272,15
8656,ok,30.9096,30.9096,21
8657,ok,25.1124,25.1124,13
8658,ok,40.2631,40.2631,27
8659,ok,25.7444,25.7444,10
866,ok,46.7307,46.7307,35
8660,ok,48.9183,48.9183,19
8661,ok,37.9682,37.9682,29
8662,ok,39.8204,39.8204,20
8663,ok,46.9956,46.9956,18
8664,ok,41.2833,41.2833,30
8665,ok,46.0954,46.0954,15
8666,ok,30.1599,30.1599,10
8667,ok,32.5860,32.5860,12
8668,ok,40.8122,40.8122,31
8669,ok,34.5534,34.5534,18
867,ok,32.0834,32.0834,14
8670,ok,39.0422,39.0422,26
8671,ok,44.3462,44.0318,41
8672,ok,45.8243,45.8243,32
8673,ok,46.2551,46.2551,32
8674,ok,39.4811,39.4811,26
8675,ok,44.2538,44.2538,23
8676,ok,31.4113,31.4113,22
8677,ok,44.5079,44.5079,11
8678,ok,45.9831,45.9831,24
8679,ok,48.1485,48.1485,25
868,ok,40.8002,40.8002,20
8680,ok,34.7826,34.7826,14
8681,ok,40.9084,40.9084,32
8682,ok,34.8888,34.8888,36
8683,ok,32.2853,32.2853,22
8684,ok,48.9882,48.9882,17
8685,ok,38.6496,38.6496,33
8686,ok,29.4551,29.4551,29
8687,ok,41.7197,41.7197,22
8688,ok,40.1884,40.1884,13
8689,ok,45.8996,44.4149,21
869,ok,33.0939,33.0939,24
8690,ok,47.7381,47.7381,16
8691,ok,39.7409,39.7409,26
8692,ok,33.3541,33.3541,24
8693,ok,36.4769,36.4769,21
8694,ok,39.9654,39.9654,23
8695,ok,33.8394,33.8394,18
8696,ok,38.1148,38.1148,20
8697,ok,45.7550,45.7550,23
8698,ok,43.8686,43.8686,27
8699,ok,52.1054,46.4232,33
87,ok,47.7376,47.7376,21
870,ok,48.5921,48.5921,24
8700,ok,47.7799,47.7799,27
8701,ok,36.6852,36.6852,46
8702,ok,28.6111,28.6111,24
8703,ok,46.3652,46.3652,35
8704,ok,26.9822,26.9822,34
8705,ok,42.9947,42.9947,16
8706,ok,23.5483,23.5483,38
8707,ok,37.4093,37.4093,13
8708,ok,45.4926,45.4926,24
8709,ok,33.2409,33.2409,34
871,ok,42.0747,42.0747,33
8710,ok,46.9332,46.9332,21
8711,ok,47.2666,47.2666,33
8712,ok,47.6218,46.1763,18
8713,ok,40.0053,40.0053,21
8714,ok,46.5046,46.5046,22
8715,ok,49.5692,49.5692,18
8716,ok,46.7038,46.7038,25
8718,ok,30.5270,30.5270,35
8719,ok,47.2665,47.2665,32
872,ok,46.4912,46.4912,10
8720,ok,36.8506,36.8506,15
8721,ok,36.2058,36.2058,23
8722,ok,43.4446,43.4446,36
8723,ok,48.3030,48.3030,26
8724,ok,44.7132,44.7132,26
8725,ok,46.8184,46.8184,26
8726,ok,25.8387,25.8387,22
8727,ok,43.7720,43.7720,25
8728,ok,45.6999,45.6999,20
8729,ok,31.6249,31.6249,31
873,ok,46.4451,46.4451,16
8730,ok,31.1985,31.1985,30
8731,ok,44.4551,44.4551,31
8732,ok,50.8340,49.9551,34
8733,ok,36.2937,36.2937,31
8734,ok,31.9924,31.9924,30
8735,ok,45.4524,45.4524,18
8736,ok,49.6801,49.6801,10
8737,ok,31.5860,31.5860,14
8738,ok,42.6439,42.6439,16
8739,ok,38.3294,36.6169,28
874,ok,38.9189,38.9189,15
8740,ok,43.6402,43.6402,19
8741,ok,36.4874,36.4874,20
8742,ok,48.6387,48.6387,32
8743,ok,37.7542,37.7542,29
8744,ok,34.7568,34.7568,35
8745,ok,32.6920,32.6920,29
8746,ok,44.3950,44.3950,20
8747,ok,45.0722,45.0722,39
8748,ok,30.7516,30.7516,40
8749,ok,42.1622,42.1622,31
875,ok,43.0145,43.0145,16
8750,ok,46.6939,46.6939,17
8751,ok,46.1001,46.1001,13
8752,ok,49.2398,49.2398,33
8753,ok,44.9163,44.9163,20
8754,ok,41.4778,41.4778,12
8755,ok,46.9067,46.9067,25
8756,ok,48.8946,48.8946,17
8757,ok,41.0300,41.0300,29
8758,ok,30.9304,30.9304,13
8759,ok,25.3636,25.3636,24
876,ok,44.7425,44.7425,11
8760,ok,41.8634,41.8634,9
8761,ok,34.2267,34.2267,33
8762,ok,49.6038,49.6038,16
8763,ok,49.0190,48.4705,30
8764,ok,47.5114,47.5114,21
8765,ok,45.3001,45.3001,32
8766,ok,39.6655,39.6655,23
8767,ok,20.8743,20.8743,16
8768,ok,46.1361,46.1361,12
8769,ok,38.2806,38.2806,15
877,ok,42.2343,42.2343,12
8770,ok,42.7356,42.7356,37
8771,ok,44.0363,44.0363,22
8772,ok,44.9091,44.9091,15
8773,ok,48.6710,48.6710,9
8774,ok,38.1522,38.1521,13
8775,ok,48.0900,48.0900,18
8776,ok,39.9874,39.9874,17
8777,ok,34.9660,34.9660,24
8778,ok,48.6880,48.6880,17
8779,ok,49.2206,49.2206,16
878,ok,27.8166,27.8166,22
8780,ok,48.5909,48.5909,19
8781,ok,35.6067,35.6067,21
8782,ok,47.4481,47.4481,19
8783,ok,49.4395,49.4395,18
8784,ok,43.7217,43.7217,24
8785,ok,44.0828,44.0828,18
8786,ok,49.8950,49.8950,21
8787,ok,42.5354,42.5354,31
8788,ok,36.0675,36.0675,24
8789,ok,41.5827,41.5827,26
879,ok,40.7520,40.7520,25
8790,ok,47.2678,47.2678,36
8791,ok,49.7490,49.7490,23
8793,ok,39.9164,39.9164,17
8794,ok,39.7092,38.8456,24
8795,ok,47.6703,47.6703,16
8796,ok,45.4969,45.4969,17
8797,ok,45.6055,43.8267,28
8798,ok,42.0575,42.0575,14
8799,ok,36.4798,36.4798,16
880,ok,40.2460,40.2460,25
8800,ok,27.3807,27.3807,30
8801,ok,30.9714,30.9714,14
8802,ok,47.6220,47.6220,27
8803,ok,46.6809,46.6809,26
8804,ok,39.8126,39.8126,14
8805,ok,32.3105,32.3105,29
8806,ok,15.8122,15.8122,14
8807,ok,46.9285,46.9285,12
8808,ok,13.7316,13.7316,15
8809,ok,48.3471,48.3471,28
881,ok,44.8945,44.8945,30
8810,ok,34.4467,34.4467,29
8811,ok,40.7228,40.7228,47
8813,ok,41.3456,41.3455,9
8814,ok,49.9948,49.9948,29
8815,ok,47.1371,47.1371,18
8816,ok,36.4179,36.4179,11
8817,ok,29.3491,29.3491,63
8818,ok,30.4184,30.4184,15
8819,ok,37.4418,37.4418,20
882,ok,33.1038,33.1038,27
8820,ok,44.5661,44.5661,27
8821,ok,36.3984,36.3984,27
8822,ok,28.4834,28.4834,28
8823,ok,25.3388,25.3388,25
8824,ok,48.5386,48.5386,30
8825,ok,40.3214,40.3214,21
8826,ok,43.4937,43.4937,20
8827,ok,49.8165,44.3839,23
8828,ok,42.1950,42.1950,38
8829,ok,33.3859,33.3859,26
883,ok,48.9604,48.9604,16
8830,ok,21.0362,21.0362,17
8831,ok,34.3606,34.3606,17
8832,ok,36.6731,36.6731,16
8833,ok,45.2013,45.2013,17
8834,ok,44.3344,44.3344,18
8835,ok,43.1031,43.1031,16
8836,ok,45.9940,45.9940,25
8837,ok,48.9034,48.9034,22
8838,ok,43.0325,43.0325,23
8839,ok,42.9077,42.9077,35
884,ok,42.2630,42.2630,42
8840,ok,31.0205,31.0205,25
8841,ok,37.0588,37.0588,33
8842,ok,36.9398,36.9398,36
8843,ok,49.6533,49.6533,22
8844,ok,42.4579,42.4579,25
8845,ok,38.9567,38.9567,17
8846,ok,40.8302,40.8302,18
8847,ok,45.7243,45.7243,15
8848,ok,41.4255,41.4255,18
8849,ok,34.9720,34.9720,28
885,ok,45.4319,45.4318,14
8850,ok,47.1106,47.1106,25
8851,ok,43.9150,43.9150,22
8852,ok,43.7545,38.9830,15
8853,ok,36.7036,36.7036,19
8854,ok,44.9943,44.9943,23
8855,ok,38.4729,38.4729,15
8856,ok,49.0246,49.0246,28
8857,ok,47.9631,47.9631,32
8858,ok,39.1130,39.1130,23
8859,ok,44.6703,42.2869,30
886,ok,40.3686,40.3686,19
8860,ok,46.3232,46.3232,22
8861,ok,37.9402,37.9402,23
8862,ok,44.7612,44.7612,28
8863,ok,38.5379,38.5379,25
8864,ok,43.3946,43.3946,36
8865,ok,36.8659,36.8659,20
8866,ok,40.8771,40.8771,12
8867,ok,43.5569,43.5569,46
8868,ok,49.4096,49.4096,26
8869,ok,37.0429,37.0429,23
887,ok,31.7381,31.7381,31
8871,ok,44.7117,44.7117,22
8872,ok,45.3302,45.3301,24
8873,ok,43.8556,43.8556,30
8874,ok,43.5995,43.5995,20
8875,ok,23.1351,23.1351,19
8876,ok,41.0816,41.0816,38
8877,ok,23.1720,23.1720,12
8878,ok,24.8288,24.8288,18
8879,ok,34.2733,34.2733,19
888,ok,33.3616,33.3616,30
8880,ok,48.4942,48.4942,27
8881,ok,47.6978,47.6978,12
8882,ok,47.6525,47.6525,21
8883,ok,33.2664,33.2664,18
8884,ok,32.5287,32.5287,20
8885,ok,42.8086,42.8086,21
8886,ok,47.9367,47.9367,23
8887,ok,49.4186,49.4186,38
8888,ok,33.2118,33.2118,12
8889,ok,48.1641,48.1641,29
889,ok,25.6841,25.6841,25
8890,ok,30.5543,30.5543,14
8891,ok,43.7417,43.7417,18
8892,ok,29.9242,29.9242,31
8893,ok,25.0659,25.0659,14
8894,ok,40.1298,40.1298,12
8895,ok,40.9069,40.9069,24
8896,ok,25.8469,25.8469,40
8897,ok,46.5229,46.5229,37
8898,ok,48.7631,48.7631,25
8899,ok,54.4556,48.5171,40
89,ok,29.2189,29.2189,36
890,ok,48.9804,48.9804,10
8900,ok,39.3695,39.3695,25
8901,ok,26.9368,26.9368,12
8902,ok,49.5807,49.5807,18
8903,ok,45.5656,45.5656,10
8904,ok,33.4254,33.4254,20
8905,ok,47.2592,47.2592,18
8906,ok,47.4166,47.4166,23
8907,ok,49.7041,49.7041,15
8908,ok,53.2760,49.6624,12
8909,ok,39.8600,39.8600,15
891,ok,43.4637,43.4637,20
8910,ok,49.1916,49.1916,29
8911,ok,46.0036,46.0036,29
8912,ok,33.3874,33.3874,24
8913,ok,32.7803,32.7803,18
8914,ok,40.5388,38.6890,28
8915,ok,37.5625,37.5625,42
8916,ok,47.5381,47.5381,32
8917,ok,48.3307,48.3307,10
8918,ok,31.0847,31.0847,21
8919,ok,48.1520,48.1520,38
892,ok,48.6133,48.6133,28
8920,ok,44.0277,44.0277,28
8921,ok,38.5133,38.5133,25
8922,ok,24.6838,24.6838,19
8923,ok,44.8792,44.8792,17
8924,ok,40.4167,40.4167,19
8925,ok,28.7405,28.7405,16
8926,ok,19.0507,19.0507,28
8927,ok,37.8625,37.8625,16
8928,ok,43.2376,43.2376,26
8929,ok,38.0834,38.0834,16
893,ok,43.0455,43.0455,24
8930,ok,48.0169,48.0169,19
8931,ok,44.7323,44.7323,24
8932,ok,45.2946,45.2946,16
8933,ok,36.3049,36.3049,17
8934,ok,29.9672,29.9672,29
8935,ok,40.0720,40.0720,23
8936,ok,25.2702,25.2702,19
8937,ok,38.8724,38.8724,22
8938,ok,49.7495,49.7495,14
8939,ok,29.2425,29.2425,28
894,ok,40.4228,39.9247,31
8940,ok,37.8607,37.6445,16
8941,ok,36.0502,36.0502,41
8942,ok,46.3607,46.3607,33
8943,ok,48.7672,48.7672,19
8944,ok,47.4941,47.0586,35
8945,ok,41.0417,41.0417,25
8946,ok,47.1377,47.1377,26
8947,ok,30.7364,30.7363,24
8948,ok,33.7298,33.4086,18
8949,ok,47.1143,47.1143,23
895,ok,34.5962,34.5962,20
8950,ok,41.4074,41.4074,31
8951,ok,42.4094,42.4094,29
8952,ok,46.5244,46.5244,16
8953,ok,49.9600,49.9600,12
8954,ok,28.9281,28.9281,25
8955,ok,49.1055,49.1055,17
8956,ok,27.7139,27.7139,20
8957,ok,34.3607,31.4816,15
8958,ok,44.6068,44.6068,30
8959,ok,48.7340,48.7340,31
896,ok,33.1907,33.1907,16
8960,ok,44.1524,44.1524,18
8961,ok,46.7276,46.7276,14
8962,ok,50.0399,49.3744,22
8963,ok,47.8131,47.8131,20
8964,ok,46.1411,46.1411,30
8965,ok,44.2246,44.2246,33
8966,ok,43.9497,43.9497,25
8967,ok,30.7069,30.7069,33
8968,ok,46.3979,46.3979,14
8969,ok,49.7708,49.7708,24
897,ok,35.4613,35.4613,39
8970,ok,47.8349,47.8349,37
8971,ok,38.7939,38.7939,15
8972,ok,49.6939,49.6939,32
8973,ok,49.2396,49.2396,21
8974,ok,48.3016,48.3016,21
8975,ok,15.9114,15.9114,24
8976,ok,39.8392,35.4946,18
8978,ok,37.7059,37.7059,17
8979,ok,44.0344,44.0344,20
898,ok,46.5486,46.5486,27
8980,ok,47.0365,47.0365,20
8981,ok,31.4258,31.4258,23
8982,ok,47.3805,47.3805,24
8983,ok,35.3567,35.3567,14
8984,ok,30.8445,30.8445,28
8985,ok,35.3078,35.3078,13
8986,ok,32.1652,32.1652,37
8987,ok,41.1859,36.6945,28
8988,ok,42.9277,42.9277,35
8989,ok,40.8154,40.8154,19
899,ok,45.7408,45.7408,16
8990,ok,31.7773,31.7773,35
8991,ok,38.7080,38.7080,22
8992,ok,23.8566,23.8566,21
8993,ok,28.2856,28.2856,42
8994,ok,45.4206,45.4206,14
8995,ok,36.9353,36.9353,18
8996,ok,12.0644,12.0644,29
8997,ok,39.1594,39.1594,25
8998,ok,24.3437,24.3437,18
8999,ok,49.9859,49.9859,20
9,ok,28.9452,28.9452,18
90,ok,31.4385,31.4385,13
900,ok,31.0789,31.0789,30
9000,ok,40.7600,40.7600,26
9001,ok,34.4126,34.4126,21
9002,ok,36.7700,36.7700,23
9003,ok,35.6229,35.6229,21
9004,ok,34.2925,34.2925,19
9005,ok,44.4292,44.4292,38
9006,ok,48.9396,48.9396,31
9007,ok,29.9046,29.4871,31
9008,ok,34.0832,34.0832,30
9009,ok,34.6872,34.6872,16
901,ok,35.8858,35.8858,15
9010,ok,39.3676,39.3676,22
9011,ok,36.4051,36.4051,32
9012,ok,46.4039,46.4039,26
9013,ok,47.2258,47.2258,17
9014,ok,29.7474,29.7474,18
9015,ok,41.1374,41.1374,30
9016,ok,47.5020,47.5020,18
9017,ok,43.9003,43.9003,22
9018,ok,44.4821,44.4821,26
9019,ok,44.6807,44.6807,32
902,ok,31.5658,31.5658,17
9020,ok,46.9699,46.9699,31
9021,ok,42.0667,42.0667,28
9022,ok,44.0537,44.0537,27
9023,ok,49.3666,46.9209,25
9024,ok,48.4946,43.2061,21
9025,ok,26.8875,26.8875,12
9026,ok,42.5434,42.5434,28
9027,ok,28.1258,28.1258,21
9028,ok,36.0463,36.0463,15
9029,ok,48.3103,48.3103,33
903,ok,40.2561,40.2561,39
9030,ok,46.2814,46.2814,31
9031,ok,39.2297,39.2297,17
9032,ok,48.6880,48.6880,12
9033,ok,48.8972,48.8972,32
9035,ok,26.1541,26.1541,17
9036,ok,44.7301,44.7301,25
9037,ok,48.5788,48.5788,25
9038,ok,27.2067,27.2067,33
9039,ok,43.1020,43.1020,42
904,ok,37.2623,37.2623,27
9040,ok,35.5084,35.5084,29
9041,ok,37.9837,37.9837,33
9042,ok,47.4997,47.4997,25
9043,ok,46.4579,46.4579,11
9044,ok,26.8114,26.8114,34
9045,ok,36.2676,36.2676,31
9046,ok,49.2405,49.2405,15
9047,ok,23.7592,23.7592,32
9048,ok,41.8429,41.8429,33
9049,ok,39.0117,39.0117,12
905,ok,45.4662,45.4662,14
9050,ok,25.5819,25.5819,31
9051,ok,19.6679,19.6679,15
9052,ok,41.6320,41.6320,32
9053,ok,44.5762,44.5762,20
9054,ok,48.9550,48.9550,21
9055,ok,48.8654,48.8654,17
9056,ok,31.2155,31.2155,24
9057,ok,47.9165,47.9165,28
9058,ok,39.2834,39.2834,26
9059,ok,46.2873,46.2873,11
906,ok,45.4332,45.4332,14
9060,ok,47.0624,47.0624,19
9061,ok,44.4485,44.4485,22
9062,ok,49.9896,49.9896,12
9063,ok,37.4064,37.4064,22
9064,ok,43.4982,43.4982,23
9065,ok,31.1994,31.1994,19
9066,ok,48.9857,48.9857,30
9067,ok,37.9764,37.9764,41
9068,ok,49.4180,49.4180,10
9069,ok,43.7543,43.7543,28
907,ok,37.2633,37.2633,18
9070,ok,45.5040,45.5040,32
9071,ok,39.1280,39.1280,16
9072,ok,39.5368,39.5368,32
9073,ok,43.0215,43.0215,25
9074,ok,40.4827,40.4827,24
9075,ok,46.0969,46.0969,28
9076,ok,36.8266,36.8266,21
9077,ok,42.7737,42.7737,26
9078,ok,43.5383,43.5383,24
9079,ok,36.8989,36.8989,24
908,ok,33.6005,33.6005,33
9080,ok,49.5635,49.5635,16
9081,ok,31.4543,31.4543,23
9082,ok,47.8848,47.8848,40
9083,ok,46.2819,46.2819,23
9084,ok,45.7751,45.7751,28
9085,ok,37.5939,37.5939,18
9086,ok,19.6051,19.6051,18
9087,ok,44.2351,44.2351,37
9088,ok,38.6520,38.6520,20
9089,ok,48.5047,48.5047,13
909,ok,40.5172,40.5172,27
9090,ok,34.7038,34.7038,22
9091,ok,48.5871,48.5871,20
9092,ok,49.1049,49.1049,10
9093,ok,40.9485,40.9485,22
9094,ok,43.5519,43.5519,38
9095,ok,48.6370,48.6370,31
9096,ok,20.9167,20.9167,20
9097,ok,39.5196,39.5196,21
9098,ok,44.0021,44.0021,37
9099,ok,41.6459,41.6459,17
91,ok,38.1063,38.1063,14
910,ok,30.2515,30.2515,26
9100,ok,45.5309,45.5309,26
9101,ok,43.1897,43.1897,17
9102,ok,48.7469,48.7469,18
9103,ok,36.4241,36.4241,18
9104,ok,45.9674,45.9674,18
9105,ok,49.2580,49.2580,34
9106,ok,40.9212,40.9212,40
9107,ok,34.6905,34.6905,13
9108,ok,35.2359,35.2359,20
9109,ok,45.0256,45.0256,16
911,ok,49.2821,48.8045,19
9110,ok,49.6327,49.6327,17
9111,ok,44.0803,44.0803,13
9112,ok,33.7549,33.7549,9
9113,ok,26.6397,26.6397,20
9114,ok,44.9195,44.9195,26
9115,ok,27.4703,27.4703,20
9116,ok,38.9980,38.9980,33
9119,ok,36.8091,36.8091,18
912,ok,18.6805,18.6805,33
9120,ok,17.8288,17.8288,28
9121,ok,37.5587,37.5587,24
9122,ok,39.0416,39.0415,38
9123,ok,42.9823,42.7469,22
9124,ok,45.3008,45.3008,15
9125,ok,48.1342,48.1342,25
9126,ok,43.7571,43.7571,25
9127,ok,47.3164,47.3164,36
9128,ok,47.9737,47.9737,17
9129,ok,49.1944,49.1944,29
913,ok,30.7613,30.7613,18
9130,ok,35.8024,35.8024,23
9131,ok,33.1407,33.1407,22
9132,ok,49.7039,49.7039,15
9133,ok,46.5819,46.5819,19
9134,ok,39.6976,39.6976,23
9135,ok,49.9585,49.9585,29
9136,ok,44.2097,44.2097,17
9137,ok,32.5094,32.5094,20
9138,ok,48.3847,48.3847,17
9139,ok,22.4513,22.4513,32
914,ok,30.5372,30.5372,19
9140,ok,36.3544,36.3544,19
9141,ok,40.4106,40.4106,40
9142,ok,44.6326,44.6326,13
9143,ok,45.4089,45.4089,27
9144,ok,34.6757,33.2341,12
9145,ok,37.2747,37.2747,12
9146,ok,29.4867,29.4867,15
9147,ok,41.2632,41.2632,21
9148,ok,43.8558,43.8558,18
9149,ok,44.8138,44.8138,14
915,ok,35.1816,35.1816,27
9150,ok,48.5109,48.5109,11
9151,ok,34.9922,34.9922,28
9152,ok,34.0325,34.0325,17
9153,ok,44.6936,44.6936,27
9154,ok,41.4835,41.4835,14
9155,ok,48.6992,48.6992,32
9156,ok,45.7976,45.7976,15
9157,ok,46.1344,46.1344,16
9158,ok,48.8822,48.8822,18
9159,ok,48.7540,48.7540,23
916,ok,39.1396,39.1396,27
9160,ok,33.2253,33.2253,23
9161,ok,30.6157,30.0180,21
9162,ok,47.3687,47.3687,16
9163,ok,47.0871,47.0871,34
9164,ok,43.8363,43.8363,14
9165,ok,37.7896,37.3329,36
9166,ok,37.9581,37.9581,32
9167,ok,37.3493,37.3493,33
9168,ok,43.9436,43.9436,23
9169,ok,48.8109,48.8109,29
917,ok,42.7439,42.7439,24
9170,ok,32.5893,32.5893,15
9171,ok,44.4150,44.4150,44
9172,ok,43.2881,43.2881,12
9173,ok,49.6574,49.6574,36
9174,ok,47.9532,47.9532,18
9175,ok,48.6535,48.6535,29
9176,ok,49.6411,49.6411,25
9177,ok,45.2973,45.2973,29
9178,ok,49.3878,49.3878,41
9179,ok,47.4591,47.4591,25
918,ok,46.5739,46.5739,20
9180,ok,45.5590,45.5590,18
9181,ok,43.9742,43.9742,14
9182,ok,21.0793,21.0793,48
9183,ok,41.5123,41.5123,29
9184,ok,37.3121,37.3121,26
9185,ok,46.1493,46.1493,27
9186,ok,39.6006,39.6006,32
9187,ok,48.7389,48.7389,25
9188,ok,39.4975,39.4975,20
9189,ok,45.5993,45.5993,19
919,ok,43.3481,43.3481,15
9190,ok,47.3520,47.3520,18
9191,ok,46.1263,46.1263,31
9192,ok,42.2376,42.2376,18
9193,ok,52.1813,46.4909,32
9194,ok,33.3667,33.3667,15
9195,ok,33.9630,33.9630,34
9196,ok,41.9982,41.9982,24
9197,ok,47.2591,47.2591,31
9198,ok,42.2946,42.2946,28
9199,ok,37.5445,37.5445,23
92,ok,49.9504,49.9504,12
920,ok,48.3339,48.3339,26
9200,ok,41.3734,41.3734,29
9201,ok,47.0437,47.0437,26
9202,ok,39.8768,39.8768,17
9203,ok,41.0419,41.0419,20
9204,ok,47.6461,47.6461,32
9205,ok,43.0605,43.0605,20
9206,ok,49.8649,49.8649,12
9207,ok,41.2834,41.2834,18
9208,ok,34.5944,34.5944,13
9209,ok,38.1106,38.1106,18
921,ok,29.6776,29.6776,21
9210,ok,37.2245,37.2245,26
9211,ok,48.9366,48.9366,22
9212,ok,29.4343,29.4343,24
9213,ok,48.6596,48.6596,25
9214,ok,43.2643,43.2643,17
9215,ok,35.6922,35.6922,19
9216,ok,45.8266,45.8266,36
9217,ok,48.3445,48.3445,11
9218,ok,24.9567,24.9567,17
9219,ok,47.0962,47.0962,37
922,ok,43.3406,43.3406,14
9220,ok,46.0631,46.0631,41
9221,ok,46.8374,46.8374,26
9222,ok,49.6269,49.6269,15
9223,ok,28.9192,28.9192,30
9224,ok,39.5055,39.3436,25
9225,ok,40.6097,40.6097,19
9226,ok,24.7177,24.7177,44
9227,ok,27.9068,27.9068,29
9228,ok,43.7087,43.7087,29
9229,ok,43.9114,43.9114,9
923,ok,28.6472,28.6472,25
9230,ok,32.1128,32.1128,17
9231,ok,36.4790,36.4790,28
9232,ok,38.0772,38.0772,27
9233,ok,45.6013,45.6013,28
9234,ok,47.7646,47.7646,28
9235,ok,48.9189,48.9189,15
9236,ok,40.6830,40.6830,28
9237,ok,27.4982,27.4982,17
9238,ok,46.2705,46.2705,23
9239,ok,37.7957,37.7957,13
924,ok,36.9686,36.9686,19
9240,ok,55.9411,49.8406,16
9241,ok,35.0566,35.0566,23
9242,ok,37.3058,37.3058,25
9243,ok,41.2871,41.2871,17
9244,ok,44.6622,44.6122,31
9245,ok,30.3612,30.3612,29
9246,ok,45.3743,45.1856,23
9247,ok,21.0198,21.0198,20
9248,ok,22.6527,22.6527,19
9249,ok,35.6606,35.6606,12
925,ok,44.1086,44.1086,21
9250,ok,45.9038,45.9038,19
9251,ok,39.0024,39.0024,34
9252,ok,40.8006,40.8006,14
9253,ok,47.1592,47.1592,26
9254,ok,45.9856,45.9856,30
9255,ok,44.0943,44.0943,18
9256,ok,45.5536,45.5536,27
9257,ok,47.9345,47.9345,19
9258,ok,49.1298,49.1298,26
9259,ok,38.6304,38.6304,29
926,ok,41.6934,41.6934,23
9260,ok,47.7915,47.7915,10
9261,ok,48.3040,48.3040,27
9262,ok,36.1236,36.1236,24
9263,ok,43.0016,43.0016,31
9264,ok,45.1150,45.1150,18
9265,ok,31.8570,31.8570,27
9266,ok,48.5992,48.5992,26
9267,ok,45.0547,45.0547,23
9268,ok,45.4507,45.4507,22
9269,ok,31.2305,31.2305,21
927,ok,42.3067,42.3067,34
9270,ok,31.0898,31.0898,32
9271,ok,30.1396,30.1396,17
9272,ok,44.7317,44.7317,21
9273,ok,42.5591,42.5591,21
9274,ok,28.0374,28.0374,12
9275,ok,46.9539,46.9539,14
9276,ok,37.3856,37.3856,19
9277,ok,35.5186,35.5186,31
9278,ok,19.0450,19.0450,17
9279,ok,46.0209,46.0209,35
928,ok,41.3762,41.3762,18
9280,ok,41.6619,41.6619,20
9281,ok,20.8391,20.8391,26
9282,ok,38.5850,38.5850,34
9283,ok,39.1908,34.9170,21
9284,ok,48.3426,48.3426,36
9285,ok,37.8272,37.8272,31
9286,ok,42.8566,42.8566,24
9287,ok,40.8588,36.4031,37
9288,ok,37.7749,37.7749,16
9289,ok,45.8972,45.8972,13
929,ok,30.6179,30.6179,19
9290,ok,35.3534,34.1570,13
9291,ok,49.5259,49.5259,24
9292,ok,39.7037,39.7037,19
9293,ok,40.4164,40.4164,29
9294,ok,40.2564,40.2564,41
9295,ok,46.6977,46.6977,23
9296,ok,45.3581,45.3581,15
9297,ok,44.8704,44.8704,16
9298,ok,31.4178,31.4178,32
9299,ok,39.2566,39.2566,18
93,ok,48.4905,48.4905,21
930,ok,47.9276,47.9276,14
9300,ok,34.6776,34.6776,19
9301,ok,39.9245,39.9245,18
9302,ok,42.4352,42.4352,27
9303,ok,46.2462,46.2462,11
9304,ok,48.5752,47.4872,30
9305,ok,36.2683,36.2683,23
9306,ok,49.9813,49.9813,22
9307,ok,41.0363,41.0363,17
9308,ok,29.9409,29.9409,19
9309,ok,34.2730,34.2730,37
931,ok,34.4407,34.4407,23
9310,ok,48.4497,48.4497,31
9311,ok,48.3272,48.3272,33
9312,ok,39.0645,39.0645,20
9313,ok,40.8894,38.3065,23
9314,ok,49.1418,49.1418,14
9315,ok,36.4172,36.4172,30
9316,ok,48.5328,48.5328,37
9317,ok,47.3349,47.3349,20
9318,ok,46.5089,46.5089,18
9319,ok,43.1356,43.1356,29
932,ok,40.7307,40.7307,16
9320,ok,49.9711,49.9711,29
9321,ok,33.3646,32.4616,40
9322,ok,36.3873,36.3873,34
9323,ok,24.4977,24.4977,30
9324,ok,48.2762,48.2762,24
9325,ok,49.5807,49.5807,42
9326,ok,41.8123,41.8123,18
9327,ok,40.8663,40.8663,34
9328,ok,43.8069,43.8069,26
9329,ok,44.7044,44.7044,15
933,ok,41.7367,41.7367,18
9330,ok,29.0507,29.0507,22
9331,ok,41.5999,41.5999,26
9332,ok,37.5221,37.5221,35
9333,ok,36.1021,36.1021,22
9334,ok,48.6474,48.6474,13
9335,ok,41.1752,41.1752,28
9336,ok,43.1182,41.6027,25
9337,ok,48.1927,48.1927,29
9338,ok,32.5299,32.5299,42
9339,ok,45.4698,45.4698,36
934,ok,45.0719,45.0719,23
9340,ok,48.7047,48.7047,15
9341,ok,41.9764,41.9764,32
9342,ok,40.2861,40.2861,16
9343,ok,49.1994,49.1994,22
9344,ok,24.1659,24.1659,25
9345,ok,26.8295,26.2670,28
9346,ok,40.2298,40.2298,20
9347,ok,43.4292,43.4292,24
9348,ok,39.8439,39.8439,15
9349,ok,18.5141,17.9071,28
935,ok,32.1582,32.1582,35
9350,ok,45.8411,45.8411,13
9351,ok,44.1640,44.1640,32
9352,ok,31.3724,31.3724,15
9353,ok,40.4917,40.4917,16
9354,ok,45.8421,45.8421,33
9355,ok,41.1508,41.1508,31
9356,ok,42.1494,42.1494,24
9357,ok,49.5092,49.5092,15
9358,ok,21.3013,21.3013,29
9359,ok,46.5306,46.5306,22
936,ok,19.9725,19.9725,41
9360,ok,47.1009,46.7974,16
9361,ok,48.6196,48.6196,14
9362,ok,42.9110,42.9110,23
9363,ok,42.0075,42.0075,22
9364,ok,47.4841,47.4841,10
9365,ok,43.9838,43.9838,34
9366,ok,26.6431,26.6431,22
9367,ok,40.2918,40.2918,31
9368,ok,41.3033,41.3033,28
9369,ok,42.9482,42.9482,31
937,ok,45.8699,45.8699,35
9370,ok,35.2453,35.2453,17
9371,ok,50.4700,49.4990,32
9372,ok,37.3817,37.3817,23
9373,ok,39.8843,39.8843,17
9374,ok,22.5130,22.5130,30
9375,ok,37.5878,37.5878,23
9376,ok,41.9457,41.9457,23
9377,ok,47.4906,47.4906,28
9378,ok,46.3596,46.3595,28
9379,ok,48.8055,48.8055,19
938,ok,38.7204,38.7203,19
9380,ok,48.1824,48.1824,35
9381,ok,41.4599,41.4599,16
9382,ok,45.1405,45.1405,16
9383,ok,43.5567,43.5567,24
9385,ok,49.1491,49.1491,18
9386,ok,48.7220,48.7220,28
9387,ok,43.4642,43.4642,11
9388,ok,34.4245,34.4245,39
9389,ok,48.1205,48.1205,23
939,ok,42.1354,42.1354,10
9390,ok,15.3458,15.3458,35
9391,ok,45.9582,45.9582,36
9392,ok,41.0528,41.0528,10
9393,ok,34.2634,34.2634,14
9394,ok,30.8173,30.8173,40
9395,ok,42.6548,42.6548,26
9396,ok,35.8454,35.8454,17
9397,ok,38.2408,38.2408,29
9398,ok,37.0890,33.0444,21
9399,ok,38.9261,38.9261,20
94,ok,46.6638,46.6638,22
940,ok,43.3857,43.3857,14
9400,ok,39.0533,39.0533,24
9401,ok,41.3706,41.3706,25
9402,ok,44.6506,44.6506,21
9403,ok,42.3110,42.3110,27
9404,ok,46.1667,46.1667,10
9405,ok,31.1486,31.1486,33
9406,ok,43.4552,43.4552,25
9407,ok,49.3929,49.3929,14
9408,ok,38.0349,38.0349,30
9409,ok,49.7192,49.7192,15
941,ok,45.8898,45.8898,23
9410,ok,46.7224,46.7224,20
9411,ok,47.5248,47.5248,18
9412,ok,41.3446,41.3446,20
9413,ok,34.9190,34.9190,18
9414,ok,42.8608,42.8608,17
9415,ok,50.7587,49.0724,16
9416,ok,17.3856,17.3856,23
9417,ok,46.8072,46.8072,33
9418,ok,47.5725,47.5725,25
9419,ok,40.7977,40.7977,16
942,ok,38.1945,38.1945,34
9420,ok,48.9479,48.9479,17
9421,ok,38.3874,38.3874,33
9422,ok,40.8998,36.4396,12
9423,ok,46.4930,46.4930,24
9424,ok,41.1063,41.1063,18
9425,ok,41.5584,41.5584,32
9426,ok,45.1110,45.1110,19
9427,ok,46.7018,46.7018,27
9428,ok,49.5936,49.5936,40
9429,ok,35.9369,35.9369,21
943,ok,40.9126,40.9126,32
9430,ok,25.3950,25.3950,23
9431,ok,40.9220,40.9220,41
9432,ok,39.1154,39.1154,28
9433,ok,45.1979,45.1979,26
9434,ok,39.6866,39.6866,21
9435,ok,42.2853,42.2853,20
9436,ok,42.9995,42.9995,24
9437,ok,24.9297,24.6567,11
9438,ok,45.1459,45.1459,11
9439,ok,49.0331,49.0331,18
944,ok,40.8100,40.8100,36
9440,ok,38.8991,38.8991,10
9441,ok,27.8579,27.8579,20
9442,ok,30.3030,30.3030,26
9443,ok,41.0963,41.0963,25
9444,ok,24.5542,24.5542,26
9445,ok,46.0462,46.0462,26
9446,ok,35.9296,35.9296,20
9447,ok,45.3219,45.3219,41
9448,ok,49.7151,48.8841,23
9449,ok,49.7582,49.7582,24
945,ok,34.9589,34.9589,31
9450,ok,40.3337,40.3337,28
9451,ok,22.0360,22.0360,20
9452,ok,48.2853,48.2853,15
9453,ok,49.4822,49.4822,27
9454,ok,48.9446,48.9446,17
9455,ok,48.4528,48.4528,29
9456,ok,27.4340,27.4340,15
9457,ok,26.1561,26.0310,36
9458,ok,40.5241,40.5241,16
9459,ok,46.0949,46.0949,24
946,ok,42.3300,42.3300,15
9460,ok,56.1087,49.9900,15
9461,ok,45.4566,45.4566,27
9462,ok,40.2103,40.2103,13
9463,ok,45.3066,45.3066,13
9464,ok,46.4395,46.4395,28
9465,ok,35.4668,35.4668,23
9466,ok,43.1974,43.1974,21
9467,ok,55.5910,49.5287,23
9468,ok,45.5468,45.5468,20
9469,ok,45.2210,45.2210,14
947,ok,46.8037,46.8037,28
9470,ok,42.3847,42.3847,20
9471,ok,42.4540,42.4540,34
9472,ok,37.2700,37.2700,15
9473,ok,32.0965,32.0965,47
9474,ok,45.3298,45.3298,23
9476,ok,45.0071,45.0071,30
9477,ok,41.7331,41.7318,44
9478,ok,49.2258,49.2258,24
9479,ok,41.8228,41.8228,23
948,ok,48.5484,48.5484,28
9480,ok,44.3078,44.3078,13
9481,ok,49.6052,49.6052,33
9482,ok,46.9659,46.9659,19
9483,ok,48.6351,48.6351,36
9484,ok,33.5893,33.5893,28
9485,ok,37.1645,37.1645,22
9486,ok,36.3593,36.3593,26
9487,ok,37.2458,37.2458,36
9488,ok,42.1878,42.1878,15
9489,ok,48.5859,48.5859,21
949,ok,35.1840,35.1840,21
9490,ok,28.4807,28.4807,18
9491,ok,42.3874,42.3874,21
9492,ok,46.7237,45.1414,28
9493,ok,39.2714,39.2714,23
9494,ok,32.1977,32.1977,32
9495,ok,38.9624,38.9624,34
9496,ok,28.8490,28.8490,18
9497,ok,45.8092,45.8092,10
9498,ok,43.0490,43.0490,10
9499,ok,48.2555,48.2555,24
95,ok,39.9548,39.9548,29
950,ok,40.1632,40.1632,11
9500,ok,44.8912,44.8912,42
9501,ok,46.3153,46.1661,20
9502,ok,44.4508,44.4508,34
9503,ok,48.0197,48.0197,23
9504,ok,16.4861,16.4861,16
9505,ok,19.1849,19.1849,26
9506,ok,37.3390,37.3390,29
9507,ok,47.9503,47.9503,22
9508,ok,46.3349,46.3349,19
9509,ok,39.6681,35.3423,27
951,ok,37.5368,37.5368,16
9510,ok,18.3161,18.3161,28
9511,ok,48.2431,48.2431,24
9512,ok,41.5064,41.5064,44
9513,ok,49.3742,49.3742,28
9514,ok,49.7151,49.7151,14
9515,ok,35.8607,35.8607,9
9516,ok,45.9503,45.9503,9
9517,ok,34.2885,34.2885,16
9518,ok,49.2290,48.3375,25
9519,ok,40.9905,40.9905,30
952,ok,34.1170,32.5270,33
9520,ok,44.7903,44.7903,20
9521,ok,43.5567,43.5567,34
9522,ok,49.7555,49.7555,23
9523,ok,50.6943,46.7488,24
9524,ok,43.2446,43.2446,16
9525,ok,36.7565,36.7565,20
9526,ok,31.2616,31.2616,15
9527,ok,44.5653,44.5653,19
9528,ok,24.9924,24.9924,19
9529,ok,40.9705,40.9705,27
9530,ok,47.6142,47.6142,12
9531,ok,44.4426,44.4426,18
9532,ok,40.5958,40.5958,24
9533,ok,33.5249,33.5249,24
9534,ok,37.0195,37.0195,21
9535,ok,45.6298,45.6298,36
9536,ok,49.0832,49.0832,10
9537,ok,41.0814,41.0814,14
9538,ok,30.6863,30.1961,19
9539,ok,46.0187,46.0187,36
954,ok,38.7532,38.7532,22
9540,ok,39.9551,39.9551,14
9541,ok,38.9541,38.9541,28
9542,ok,31.6720,31.6720,20
9543,ok,31.9591,31.9591,26
9544,ok,34.6699,34.6699,25
9545,ok,31.0296,31.0296,20
9546,ok,29.3586,29.3586,21
9547,ok,36.1440,36.1440,33
9548,ok,42.0552,42.0552,15
9549,ok,37.3385,37.3385,37
955,ok,33.0443,33.0443,22
9550,ok,47.9662,47.9662,21
9551,ok,43.5493,43.5493,32
9552,ok,48.4292,48.4292,22
9553,ok,38.9410,38.9410,26
9554,ok,34.3179,34.3179,11
9555,ok,37.4808,37.4808,32
9556,ok,45.7525,45.7525,11
9557,ok,49.9528,49.9528,23
9558,ok,48.8012,48.8012,31
9559,ok,26.5727,26.5727,39
956,ok,43.5508,43.5508,33
9560,ok,26.5596,26.5596,18
9561,ok,49.3716,49.3716,18
9562,ok,34.1926,34.1926,16
9563,ok,34.3128,34.3128,19
9564,ok,23.8325,23.8325,35
9565,ok,29.7097,29.7097,17
9566,ok,48.9547,48.9547,18
9567,ok,48.0871,48.0871,31
9568,ok,45.2698,45.2698,13
9569,ok,45.6613,45.6613,14
957,ok,40.3244,40.3244,13
9570,ok,32.3562,32.3562,35
9571,ok,35.3088,35.3088,26
9572,ok,38.4688,38.4688,32
9573,ok,30.7648,30.7648,25
9574,ok,48.6344,48.2770,37
9575,ok,37.3928,37.3928,21
9576,ok,46.7906,46.7906,28
9577,ok,48.9665,48.9665,21
9578,ok,47.6642,47.6642,27
9579,ok,29.1636,29.1636,17
958,ok,45.2654,45.2654,18
9580,ok,39.6662,39.6662,23
9581,ok,23.7842,23.7842,18
9582,ok,41.3116,41.3116,38
9583,ok,48.9841,48.9841,24
9584,ok,37.1293,37.1293,27
9585,ok,44.5423,44.5423,18
9586,ok,42.2786,42.2786,43
9587,ok,31.0241,31.0241,20
9588,ok,29.2997,29.2997,16
9589,ok,43.3115,43.3115,20
959,ok,32.5147,32.5147,20
9590,ok,26.0553,26.0553,24
9591,ok,48.6266,48.6266,30
9592,ok,37.0566,37.0566,17
9593,ok,35.4963,35.4963,19
9594,ok,45.4872,45.4872,33
9595,ok,48.2625,48.2625,28
9596,ok,44.0461,44.0461,17
9597,ok,19.8040,19.8040,36
9598,ok,31.3932,31.3932,34
9599,ok,25.1821,25.1821,28
96,ok,31.2973,31.2973,23
960,ok,43.4998,43.4998,38
9600,ok,48.5770,48.5770,20
9601,ok,43.2426,43.2426,47
9602,ok,31.9526,31.9526,27
9603,ok,37.6441,37.6441,31
9604,ok,47.6035,47.6035,16
9605,ok,43.9909,43.9045,47
9606,ok,45.7428,45.7428,31
9607,ok,48.4082,48.4082,9
9608,ok,22.3179,22.0390,27
9609,ok,34.7467,34.7467,11
961,ok,30.7039,30.7039,21
9610,ok,42.5654,42.5654,26
9611,ok,35.6954,35.6954,42
9612,ok,44.3468,44.3468,15
9613,ok,28.9666,28.9666,26
9614,ok,49.4745,49.4745,22
9615,ok,38.8229,38.8229,27
9616,ok,48.8742,48.8742,12
9617,ok,49.4595,49.4595,24
9618,ok,44.0379,44.0379,9
9619,ok,48.3903,48.3903,33
962,ok,17.6876,17.6876,25
9620,ok,30.1343,30.1343,14
9621,ok,34.9485,34.9485,28
9622,ok,40.1251,40.1251,16
9623,ok,33.8356,33.8356,32
9624,ok,45.7606,45.7606,23
9625,ok,27.0380,27.0380,15
9626,ok,49.5411,49.5411,18
9627,ok,43.3945,43.3945,38
9628,ok,44.3582,44.3582,29
9629,ok,37.1277,37.1277,20
963,ok,44.5321,44.5321,11
9630,ok,19.3390,19.1438,33
9631,ok,38.9637,38.9637,28
9632,ok,16.0798,16.0798,12
9633,ok,35.8002,31.8961,13
9634,ok,49.8117,49.8117,22
9635,ok,25.8720,25.8720,15
9636,ok,36.3950,36.3950,36
9637,ok,37.6873,37.6873,18
9638,ok,38.6977,38.6109,19
9639,ok,39.1875,38.6133,22
964,ok,46.1892,46.0142,20
9640,ok,40.3239,40.3239,32
9641,ok,37.8485,37.8485,33
9642,ok,41.9879,41.9879,14
9643,ok,30.6596,30.6596,11
9644,ok,47.4114,47.4114,17
9645,ok,23.5297,23.5297,35
9646,ok,28.4356,28.4356,26
9647,ok,48.8654,48.8654,16
9648,ok,43.1091,43.1091,10
9649,ok,45.3083,45.3083,39
965,ok,47.1663,47.1663,35
9650,ok,30.7802,30.7802,29
9651,ok,47.9520,47.9520,14
9652,ok,1500.4481,48.4077,25
9653,ok,21.7292,21.7292,26
9654,ok,40.7827,40.7827,25
9655,ok,46.0896,46.0896,17
9656,ok,45.8112,45.8112,15
9657,ok,36.8053,36.8053,20
9658,ok,41.0335,41.0335,17
9659,ok,34.9909,34.9909,24
966,ok,31.0208,31.0208,11
9660,ok,30.4842,30.4842,28
9661,ok,29.4696,29.4696,29
9662,ok,41.2687,41.2687,20
9663,ok,39.8049,39.8049,14
9664,ok,45.4243,45.4243,26
9665,ok,44.3943,44.3943,22
9666,ok,39.4697,39.4697,23
9667,ok,48.3782,48.3782,25
9668,ok,41.4357,41.4357,15
9669,ok,46.2051,46.2051,22
967,ok,39.5035,39.5035,31
9670,ok,31.1578,31.1578,43
9671,ok,41.8037,41.8037,30
9672,ok,46.8194,46.8194,25
9673,ok,32.7796,32.7796,36
9674,ok,44.8820,44.8820,32
9675,ok,33.8137,33.8137,19
9676,ok,39.1890,39.1890,31
9677,ok,48.9514,48.9514,29
9678,ok,39.4765,39.4765,12
9679,ok,33.9277,33.9277,18
968,ok,45.8628,45.8628,28
9680,ok,46.5103,46.5103,32
9681,ok,35.1015,35.1015,32
9682,ok,49.7763,49.7763,23
9683,ok,46.1484,46.1484,34
9684,ok,19.9206,19.9206,14
9685,ok,28.4959,28.4959,36
9686,ok,48.0753,48.0753,14
9687,ok,32.0125,31.5965,20
9688,ok,48.1368,48.1368,28
9689,ok,46.7035,46.7035,18
969,ok,39.1483,39.1483,12
9690,ok,40.7064,40.7064,15
9691,ok,19.6440,19.6440,32
9692,ok,38.6950,38.6950,32
9693,ok,33.1171,33.1171,27
9694,ok,17.1016,17.1016,10
9695,ok,47.4734,47.4734,26
9696,ok,34.1021,34.1021,19
9697,ok,37.1747,37.1747,34
9698,ok,48.9858,48.9858,21
9699,ok,30.0944,30.0944,12
97,ok,45.7417,45.7417,22
970,ok,36.4684,36.4684,21
9700,ok,41.2621,41.2621,28
9702,ok,45.5121,45.5121,13
9703,ok,35.4809,35.4809,35
9704,ok,38.3494,38.3494,18
9705,ok,30.9596,30.9596,37
9706,ok,43.1707,43.1707,34
9707,ok,1938.2950,1118.9022,42
9708,ok,46.9859,46.9859,26
9709,ok,19.4967,19.4967,25
971,ok,49.0698,49.0698,20
9710,ok,48.1576,48.1576,17
9711,ok,30.6821,30.6821,21
9712,ok,33.8587,33.8587,9
9713,ok,44.5073,44.5073,24
9714,ok,35.8078,35.8078,21
9715,ok,46.1540,46.1540,20
9716,ok,37.4936,37.4936,22
9717,ok,31.1553,31.1553,19
9718,ok,48.7080,48.7078,26
9719,ok,34.9176,34.9176,14
972,ok,41.6518,41.6518,27
9720,ok,49.5962,44.1876,26
9721,ok,20.9434,18.6595,32
9722,ok,47.4901,45.8268,25
9723,ok,42.2313,42.2313,17
9724,ok,46.3345,46.3345,9
9725,ok,48.4835,48.4835,28
9726,ok,45.0539,45.0539,16
9727,ok,39.2569,39.2569,8
9728,ok,47.6839,47.6839,24
9729,ok,48.7442,43.9460,20
973,ok,38.5604,38.5604,39
9730,ok,41.1856,41.1856,22
9731,ok,48.3224,48.3224,23
9732,ok,19.3160,19.3160,17
9733,ok,48.4088,48.4088,18
9734,ok,42.2017,42.2017,41
9735,ok,44.2078,44.2078,21
9736,ok,36.6223,36.6223,18
9737,ok,28.6794,28.6794,36
9738,ok,43.4262,43.4262,15
9739,ok,25.6717,25.6717,33
974,ok,49.5791,49.5791,20
9741,ok,46.2359,46.2359,19
9742,ok,43.2658,43.2658,15
9743,ok,46.8457,46.8457,14
9744,ok,46.2376,45.8382,29
9745,ok,29.4768,29.4768,45
9746,ok,27.2966,27.2966,35
9747,ok,46.5723,46.5723,16
9748,ok,32.9632,32.9632,21
9749,ok,41.3356,41.3356,19
975,ok,29.8145,29.8145,27
9750,ok,40.7539,40.7539,17
9751,ok,42.4644,42.4644,20
9752,ok,46.3720,46.3720,14
9753,ok,49.4546,49.4546,31
9754,ok,42.6157,42.6157,28
9755,ok,27.9574,27.9574,21
9756,ok,28.6824,28.6824,22
9757,ok,46.6398,46.6398,22
9758,ok,47.5060,47.5060,19
9759,ok,34.6840,34.6840,18
976,ok,33.3701,32.2103,31
9760,ok,18.2359,18.2359,23
9761,ok,39.0572,39.0572,34
9762,ok,42.7566,42.7566,19
9763,ok,37.6164,37.6164,20
9764,ok,42.8832,42.8832,40
9765,ok,23.2173,23.2173,30
9766,ok,25.2763,25.2763,18
9767,ok,41.5458,41.5458,33
9768,ok,46.9983,46.9983,24
9769,ok,42.9673,42.9673,19
977,ok,39.2631,39.2631,15
9770,ok,40.8102,40.8102,19
9771,ok,44.0028,44.0028,31
9772,ok,48.6010,48.6010,16
9773,ok,42.4071,42.4071,17
9774,ok,45.8335,45.8335,21
9775,ok,47.9807,47.9807,17
9776,ok,45.7157,45.7157,30
9777,ok,47.0860,47.0860,15
9778,ok,38.8808,38.8808,18
9779,ok,30.8894,30.7064,36
978,ok,18.0329,18.0329,21
9780,ok,35.1190,35.1190,30
9781,ok,41.4200,41.4200,18
9782,ok,43.7613,43.7613,20
9783,ok,44.4891,44.4891,19
9784,ok,49.0097,49.0097,23
9785,ok,42.6379,42.6379,25
9786,ok,47.4722,47.4722,45
9787,ok,48.2723,48.2723,38
9788,ok,44.7489,44.7488,13
9789,ok,34.9422,34.9422,26
979,ok,36.3346,36.3346,37
9790,ok,43.9655,43.9655,19
9791,ok,40.1927,40.1927,27
9792,ok,44.7456,44.7456,38
9793,ok,48.7995,48.7995,25
9794,ok,25.0489,25.0489,19
9795,ok,40.2424,40.2424,18
9796,ok,39.9576,39.9576,25
9797,ok,26.9807,26.9807,23
9798,ok,47.7063,47.7063,25
9799,ok,46.3441,46.3441,34
98,ok,47.6977,47.5501,51
980,ok,21.2877,21.2877,14
9800,ok,16.0681,16.0681,10
9801,ok,46.8474,46.8474,23
9802,ok,48.8876,48.8876,34
9803,ok,46.9794,46.9794,36
9804,ok,47.5069,47.5069,39
9805,ok,38.5101,38.5101,19
9806,ok,36.2497,36.2497,30
9807,ok,43.5165,43.5165,23
9809,ok,52.1875,46.4964,21
981,ok,39.0168,39.0168,29
9810,ok,47.2223,47.2223,13
9811,ok,43.9068,43.9068,19
9812,ok,49.7559,49.7559,33
9813,ok,22.2391,22.2391,33
9814,ok,44.0731,44.0731,15
9815,ok,47.5319,47.5319,11
9816,ok,43.6814,43.6814,20
9817,ok,30.3394,30.3394,14
9818,ok,41.5546,41.5546,17
9819,ok,30.7066,30.7066,11
982,ok,49.2809,49.2809,26
9820,ok,46.9867,46.9867,15
9821,ok,38.7213,38.7213,42
9822,ok,49.9605,49.9605,29
9823,ok,44.5348,44.4900,13
9824,ok,26.8730,26.8730,33
9825,ok,39.7298,39.7298,23
9826,ok,32.4408,32.4408,17
9827,ok,38.7407,36.9805,24
9828,ok,40.7714,40.7714,22
9829,ok,475.2420,28.5480,45
983,ok,37.8350,37.8350,11
9830,ok,42.6987,42.6987,13
9831,ok,30.7589,30.7589,29
9832,ok,30.6741,30.6741,29
9833,ok,42.9927,42.9927,31
9834,ok,32.1232,32.1232,10
9835,ok,37.2230,37.2230,23
9836,ok,46.9644,46.9644,39
9837,ok,49.6302,49.6302,26
9838,ok,48.7971,48.7971,17
9839,ok,47.4138,47.4138,17
984,ok,42.6851,42.6851,15
9840,ok,42.3835,42.3835,15
9841,ok,37.1576,37.1576,18
9842,ok,47.2665,47.2665,15
9843,ok,41.6783,41.6783,17
9844,ok,37.7336,37.7336,17
9845,ok,49.3058,49.3058,19
9846,ok,42.5898,42.5898,19
9847,ok,32.5334,32.5334,12
9848,ok,35.6505,35.6505,30
9849,ok,21.6602,21.6602,37
985,ok,48.7400,48.7400,22
9850,ok,34.5651,34.5651,31
9851,ok,44.2744,44.2744,34
9852,ok,47.5086,47.5086,18
9853,ok,43.1628,43.1628,31
9854,ok,45.5049,45.5049,36
9855,ok,44.3126,44.3126,19
9856,ok,49.6489,49.6489,18
9857,ok,35.3284,35.3284,37
9858,ok,45.3845,45.3845,22
9859,ok,43.9535,43.9535,16
986,ok,38.6502,38.6502,22
9860,ok,44.2394,44.2394,23
9861,ok,46.7100,46.7100,21
9862,ok,46.9769,46.9769,13
9863,ok,24.3567,24.3567,31
9864,ok,40.0536,40.0536,23
9865,ok,28.6665,28.5930,28
9866,ok,46.0616,43.8008,18
9867,ok,46.8764,46.8764,19
9868,ok,33.3963,33.3963,20
9869,ok,48.0010,48.0010,8
987,ok,45.6525,45.6525,20
9870,ok,47.7717,47.7717,15
9871,ok,37.7810,37.7810,15
9872,ok,47.7524,47.7524,18
9873,ok,45.7453,45.7453,35
9874,ok,48.0734,48.0734,14
9875,ok,45.2235,45.2235,24
9876,ok,48.3040,48.3040,16
9877,ok,39.2746,39.2746,11
9878,ok,42.7398,38.0789,38
9879,ok,35.7080,35.7080,22
988,ok,40.4436,40.4436,32
9880,ok,43.8919,43.8919,28
9881,ok,34.1022,34.1022,18
9882,ok,39.3249,39.3249,38
9883,ok,46.6147,46.6147,25
9884,ok,44.7212,44.7212,15
9885,ok,32.5878,32.5878,19
9886,ok,54.7686,48.7960,17
9887,ok,44.1256,44.1256,36
9888,ok,36.0598,36.0598,17
9889,ok,43.6108,41.8115,22
989,ok,38.4830,38.4830,24
9890,ok,47.3584,47.3584,15
9891,ok,41.9530,41.9530,26
9892,ok,42.0767,42.0767,13
9893,ok,43.4506,43.4506,23
9894,ok,48.7612,48.7612,21
9895,ok,39.6535,35.3292,17
9896,ok,42.6283,42.6283,17
9897,ok,46.0116,46.0116,14
9898,ok,17.2175,17.2175,22
9899,ok,37.5025,37.5025,16
99,ok,41.1735,41.1735,22
990,ok,36.2195,36.2195,18
9900,ok,40.5290,40.5290,25
9901,ok,32.4907,32.4907,19
9902,ok,43.7336,43.7336,26
9903,ok,45.2871,45.2871,30
9904,ok,33.3850,33.3850,22
9905,ok,49.0523,49.0523,34
9906,ok,49.8480,49.8480,34
9907,ok,43.8298,43.8298,29
9908,ok,49.6190,49.6190,18
9909,ok,24.7274,24.7274,23
991,ok,42.1977,42.1977,18
9910,ok,29.2102,29.2101,32
9911,ok,45.3363,45.3363,33
9912,ok,47.4099,47.4099,27
9913,ok,43.4576,43.4576,30
9914,ok,30.9805,30.9805,15
9915,ok,46.9146,46.9146,28
9916,ok,45.6987,45.6987,9
9917,ok,47.1338,47.1338,13
9918,ok,37.5231,37.5231,21
9919,ok,33.3453,29.7090,29
992,ok,43.8314,43.8314,36
9920,ok,47.3182,47.3182,37
9921,ok,35.6218,35.6218,24
9922,ok,26.4161,26.4161,9
9923,ok,45.0132,45.0132,28
9924,ok,39.1325,39.1325,17
9925,ok,46.1135,45.7324,23
9926,ok,15.0741,15.0741,21
9927,ok,41.7587,41.7587,22
9928,ok,40.3503,40.3503,18
9929,ok,45.6061,45.6061,34
993,ok,22.5139,22.5139,18
9930,ok,51.2615,48.9711,28
9931,ok,35.1382,35.1382,19
9932,ok,42.5309,42.5309,14
9933,ok,39.4793,39.4793,10
9934,ok,50.5623,45.0484,14
9935,ok,39.7966,39.7966,15
9936,ok,28.2858,28.2858,20
9937,ok,41.4641,40.9206,36
9938,ok,34.9167,34.9167,23
9939,ok,32.6929,32.6929,30
994,ok,47.4293,46.8259,25
9940,ok,32.9513,32.9513,33
9941,ok,38.1796,36.8198,40
9942,ok,42.5918,42.5918,23
9943,ok,39.1921,39.1921,28
9944,ok,44.9290,44.9290,36
9945,ok,45.6240,45.6240,12
9946,ok,47.9371,42.7095,22
9947,ok,26.5045,26.5045,12
9948,ok,40.4638,40.4638,37
9949,ok,47.4484,47.4484,26
995,ok,28.1694,28.1694,33
9950,ok,46.7911,46.7911,23
9951,ok,36.9336,36.9336,20
9952,ok,41.7638,41.7638,22
9953,ok,49.3476,49.3476,25
9954,ok,47.8913,47.8913,20
9955,ok,45.2898,45.2898,21
9956,ok,38.7401,38.7401,45
9957,ok,45.7556,45.7556,28
9958,ok,46.0674,46.0674,16
9959,ok,42.7035,42.7035,24
996,ok,26.2403,26.2403,40
9960,ok,38.0411,38.0411,29
9961,ok,32.9583,32.9583,36
9962,ok,48.4169,48.4169,41
9963,ok,49.9713,49.6384,20
9964,ok,45.2737,45.2737,30
9965,ok,34.7385,34.7385,33
9966,ok,29.6540,29.6540,15
9967,ok,33.1998,33.1998,23
9968,ok,49.7671,49.7671,13
9969,ok,47.0213,47.0213,14
997,ok,48.8110,48.8110,22
9970,ok,43.2887,43.2887,27
9972,ok,40.0551,40.0551,11
9973,ok,28.9625,28.9625,17
9974,ok,23.0148,23.0148,24
9975,ok,36.2278,36.2278,24
9977,ok,46.0969,46.0969,27
9978,ok,47.9472,47.9472,10
9979,ok,53.3306,47.5148,21
998,ok,47.1507,47.1507,24
9980,ok,46.9091,46.9091,36
9981,ok,46.5345,46.5345,30
9982,ok,49.7707,49.7707,28
9983,ok,40.4971,40.4971,24
9984,ok,42.1776,42.1776,21
9985,ok,46.5099,46.5099,19
9986,ok,29.5615,29.5615,31
9987,ok,34.1512,34.1512,17
9988,ok,30.0293,30.0293,24
9989,ok,34.9287,34.9287,25
999,ok,47.7782,47.7782,27
9990,ok,47.1053,47.1053,38
9991,ok,27.6922,27.6922,34
9992,ok,41.3766,41.3766,27
9993,ok,28.9882,28.9882,16
9994,ok,43.2266,43.2266,32
9995,ok,46.2948,46.2948,43
9996,ok,45.0152,45.0152,26
9997,ok,39.3051,39.3051,14
9998,ok,33.9694,33.9694,24
9999,ok,44.8795,44.8795,34
