1
2
3
4
5
6
7
9
11
12
13
14
15
16
17
20
21
22
23
25
26
27
30
31
32
33
34
35
36
39
41
42
44
45
46
47
49
50
51
52
53
55
56
57
58
60
61
67
70
73
74
75
76
78
79
80
81
82
84
85
86
87
90
91
92
93
94
97
98
99
103
104
105
106
108
112
113
115
116
118
120
122
124
125
126
127
128
129
130
132
133
135
138
139
140
141
142
143
145
146
147
148
149
150
152
154
155
156
157
159
160
161
162
163
166
167
168
169
170
171
173
174
175
176
178
179
180
181
182
183
186
190
191
192
193
197
198
199
200
201
202
203
204
207
208
210
211
212
213
214
215
216
217
218
219
220
221
222
225
229
230
234
235
236
237
238
239
240
241
243
244
246
249
250
251
252
254
255
257
258
259
260
261
262
263
264
266
270
271
272
273
274
275
277
279
281
282
283
284
285
286
287
288
289
292
295
296
299
300
301
303
304
306
307
310
312
313
314
315
316
317
318
319
321
322
323
324
325
326
327
328
329
332
333
334
335
336
338
340
341
342
348
349
351
352
354
355
356
357
359
360
361
363
365
368
370
373
374
376
378
379
380
381
383
384
385
386
392
393
394
395
396
397
398
399
400
401
402
404
406
407
408
411
412
413
414
415
416
418
419
420
421
423
425
427
428
429
430
432
433
434
436
439
441
444
445
446
447
448
449
450
451
453
456
457
459
460
461
462
464
465
466
471
472
474
475
476
477
479
480
482
485
487
489
492
493
494
495
496
497
499
500
501
502
506
507
508
509
512
516
517
518
519
520
522
524
525
527
528
530
531
532
533
534
535
536
537
543
546
554
555
556
557
559
561
562
565
566
568
570
572
575
577
578
580
583
584
585
586
588
589
590
591
593
595
596
597
598
599
601
603
604
605
606
609
610
612
613
615
616
618
619
621
623
624
625
627
628
629
631
635
636
638
641
642
643
644
646
647
648
649
650
652
653
655
656
657
658
660
663
664
665
666
667
668
670
671
673
674
677
678
679
680
681
682
684
685
686
688
692
693
694
695
696
697
699
700
701
702
703
704
705
706
707
708
709
711
712
714
716
717
718
719
720
722
723
724
728
729
730
732
733
734
736
737
738
740
742
743
744
745
747
748
749
750
751
754
755
759
760
762
764
765
766
767
768
769
770
771
772
773
774
775
776
779
780
781
782
783
787
788
790
792
793
794
795
796
797
799
800
803
804
805
806
807
808
809
810
811
812
813
816
817
821
822
823
824
825
827
830
831
833
834
835
837
838
839
840
841
843
844
846
847
848
849
851
853
856
858
861
863
864
868
869
870
871
873
875
876
877
878
879
880
881
884
885
886
887
888
890
892
893
894
896
897
898
899
900
901
902
904
905
906
908
909
910
914
915
916
917
918
920
921
922
923
924
925
926
927
929
930
931
932
934
935
936
937
938
939
940
941
942
943
945
947
948
949
950
951
958
959
961
963
965
966
967
968
969
970
971
973
974
976
978
979
983
984
985
987
988
989
990
991
993
994
996
999
1000
1001
1002
1003
1004
1005
1007
1009
1010
1011
1018
1021
1026
1027
1030
1031
1032
1033
1034
1035
1037
1039
1040
1041
1043
1044
1045
1046
1047
1048
1050
1051
1054
1056
1057
1058
1059
1060
1061
1063
1064
1065
1066
1067
1070
1071
1072
1073
1074
1075
1076
1077
1078
1080
1081
1082
1083
1085
1086
1087
1088
1089
1090
1091
1092
1093
1094
1095
1097
1098
1099
1100
1101
1102
1103
1104
1107
1108
1109
1110
1111
1113
1114
1116
1117
1118
1119
1120
1121
1122
1123
1124
1125
1126
1127
1128
1133
1135
1136
1138
1139
1142
1145
1147
1148
1149
1150
1152
1155
1157
1158
1159
1160
1161
1162
1165
1166
1169
1170
1173
1174
1176
1177
1179
1180
1181
1183
1184
1185
1186
1187
1189
1191
1192
1193
1194
1195
1197
1199
1201
1202
1203
1204
1206
1207
1208
1209
1212
1213
1215
1216
1217
1219
1221
1224
1225
1226
1227
1229
1230
1234
1236
1237
1238
1239
1240
1242
1245
1246
1250
1251
1252
1253
1254
1256
1258
1259
1261
1262
1267
1273
1274
1275
1276
1277
1278
1279
1280
1281
1284
1286
1287
1288
1290
1291
1292
1294
1296
1297
1299
1300
1301
1303
1304
1307
1308
1309
1310
1313
1314
1315
1316
1318
1319
1320
1321
1322
1324
1325
1328
1329
1330
1331
1332
1335
1338
1340
1343
1344
1347
1349
1351
1352
1353
1354
1355
1356
1357
1359
1360
1362
1364
1365
1367
1368
1369
1370
1371
1372
1373
1374
1375
1376
1378
1379
1380
1381
1383
1384
1385
1386
1387
1388
1389
1391
1393
1394
1395
1398
1401
1402
1403
1404
1406
1407
1408
1409
1410
1411
1412
1414
1416
1417
1418
1419
1420
1421
1422
1425
1426
1428
1429
1430
1431
1432
1433
1435
1436
1437
1438
1441
1442
1443
1444
1446
1447
1448
1449
1450
1452
1453
1454
1456
1457
1458
1459
1461
1464
1466
1467
1469
1470
1471
1472
1473
1478
1479
1480
1482
1483
1485
1486
1487
1488
1490
1491
1493
1497
1498
1499
1500
1501
1503
1504
1505
1506
1507
1508
1512
1514
1515
1518
1520
1521
1522
1523
1524
1525
1526
1527
1528
1529
1532
1533
1534
1535
1536
1537
1538
1539
1540
1541
1542
1543
1544
1545
1548
1549
1550
1551
1553
1554
1555
1556
1559
1560
1562
1563
1565
1566
1567
1568
1569
1571
1572
1573
1574
1575
1576
1577
1578
1580
1581
1582
1584
1586
1587
1591
1592
1594
1595
1596
1597
1599
1601
1603
1605
1606
1607
1611
1613
1617
1618
1619
1621
1622
1623
1627
1628
1629
1631
1632
1633
1634
1635
1636
1637
1638
1641
1642
1643
1644
1645
1646
1647
1648
1649
1650
1651
1652
1653
1654
1656
1658
1661
1664
1665
1667
1668
1670
1671
1672
1673
1675
1676
1677
1678
1679
1680
1683
1685
1686
1687
1689
1692
1695
1697
1698
1699
1701
1703
1704
1707
1710
1711
1712
1713
1714
1715
1716
1718
1719
1724
1726
1727
1728
1731
1733
1734
1735
1737
1739
1741
1742
1743
1749
1751
1752
1753
1756
1757
1760
1761
1763
1764
1765
1766
1767
1769
1771
1772
1773
1774
1775
1776
1779
1780
1783
1784
1785
1786
1787
1788
1790
1791
1792
1796
1798
1799
1800
1804
1808
1809
1810
1811
1812
1813
1814
1815
1816
1817
1818
1822
1823
1825
1827
1828
1829
1830
1831
1833
1834
1837
1838
1839
1841
1845
1847
1849
1851
1852
1853
1855
1856
1857
1859
1861
1862
1863
1864
1865
1866
1868
1869
1870
1871
1872
1874
1875
1877
1878
1880
1881
1882
1883
1885
1886
1887
1891
1895
1897
1898
1899
1901
1902
1904
1906
1908
1909
1910
1911
1913
1916
1917
1918
1922
1923
1925
1926
1927
1929
1931
1932
1933
1934
1935
1936
1937
1938
1939
1940
1941
1942
1943
1944
1946
1947
1948
1951
1952
1953
1955
1956
1957
1958
1959
1961
1962
1963
1965
1966
1967
1968
1969
1970
1971
1972
1973
1975
1978
1979
1980
1981
1982
1983
1984
1986
1988
1990
1991
1993
1994
1996
1997
2000
2002
2003
2004
2005
2006
2007
2008
2009
2010
2013
2014
2015
2018
2019
2021
2022
2023
2024
2026
2027
2028
2030
2032
2033
2034
2035
2036
2037
2038
2039
2040
2041
2042
2043
2046
2047
2048
2051
2052
2054
2055
2056
2057
2058
2059
2060
2062
2063
2065
2066
2067
2068
2069
2072
2073
2075
2077
2079
2080
2081
2083
2085
2086
2089
2090
2091
2093
2095
2096
2097
2100
2101
2102
2103
2104
2106
2108
2109
2111
2112
2113
2114
2115
2116
2118
2119
2122
2126
2128
2129
2130
2132
2133
2137
2138
2140
2144
2145
2148
2149
2150
2151
2153
2154
2155
2157
2159
2160
2162
2163
2164
2166
2168
2169
2170
2171
2172
2173
2174
2177
2179
2181
2184
2185
2186
2187
2189
2190
2191
2192
2193
2194
2196
2197
2198
2200
2204
2206
2208
2209
2212
2213
2214
2215
2216
2221
2223
2224
2226
2227
2228
2229
2230
2231
2232
2233
2234
2235
2236
2238
2239
2240
2241
2242
2243
2244
2245
2248
2249
2253
2254
2255
2257
2258
2260
2262
2264
2265
2266
2267
2269
2271
2272
2273
2274
2275
2276
2277
2278
2281
2282
2284
2286
2287
2288
2289
2290
2291
2292
2293
2295
2296
2297
2298
2299
2300
2303
2304
2305
2307
2308
2309
2311
2314
2319
2320
2323
2324
2325
2326
2327
2328
2329
2331
2333
2335
2336
2337
2338
2339
2340
2341
2342
2344
2347
2348
2349
2353
2354
2355
2358
2359
2360
2363
2366
2367
2368
2369
2371
2372
2375
2377
2379
2381
2383
2384
2385
2388
2390
2392
2393
2394
2395
2397
2398
2399
2400
2401
2403
2404
2405
2406
2407
2408
2410
2411
2412
2414
2415
2416
2417
2418
2420
2421
2422
2423
2424
2426
2427
2428
2431
2432
2433
2435
2436
2437
2438
2441
2443
2444
2447
2448
2449
2450
2452
2453
2455
2457
2458
2460
2461
2462
2465
2467
2469
2470
2471
2472
2473
2474
2478
2481
2482
2483
2484
2489
2490
2491
2492
2493
2494
2496
2497
2499
2500
2501
2502
2505
2506
2507
2510
2511
2512
2514
2516
2517
2519
2520
2521
2522
2523
2524
2526
2528
2529
2534
2536
2538
2539
2540
2541
2542
2543
2544
2547
2548
2549
2550
2551
2554
2556
2560
2561
2564
2565
2567
2568
2569
2570
2572
2573
2575
2577
2578
2579
2581
2582
2586
2587
2589
2590
2591
2592
2593
2595
2596
2597
2598
2599
2600
2602
2603
2604
2607
2608
2609
2611
2612
2613
2614
2615
2617
2619
2620
2621
2624
2625
2626
2627
2628
2629
2630
2631
2632
2633
2634
2636
2637
2638
2641
2642
2643
2646
2647
2648
2649
2650
2651
2652
2653
2654
2656
2657
2660
2661
2662
2663
2664
2666
2667
2668
2669
2670
2672
2673
2674
2675
2676
2678
2679
2680
2683
2684
2685
2688
2690
2692
2693
2694
2695
2696
2698
2699
2700
2701
2702
2703
2705
2706
2708
2709
2710
2711
2712
2713
2714
2715
2716
2718
2719
2720
2721
2722
2723
2724
2725
2726
2727
2728
2730
2731
2732
2733
2734
2737
2740
2742
2743
2745
2746
2750
2751
2752
2753
2754
2756
2761
2762
2763
2766
2768
2769
2770
2771
2772
2773
2776
2778
2786
2789
2794
2796
2800
2802
2803
2805
2806
2807
2808
2810
2813
2814
2815
2816
2818
2819
2820
2821
2822
2825
2826
2827
2828
2829
2830
2831
2833
2834
2836
2837
2838
2839
2841
2843
2846
2847
2848
2849
2850
2851
2855
2856
2857
2858
2860
2862
2863
2865
2866
2867
2868
2870
2871
2872
2875
2876
2877
2880
2881
2882
2883
2884
2886
2887
2888
2889
2890
2892
2893
2895
2897
2899
2900
2901
2902
2905
2908
2910
2911
2913
2917
2920
2922
2924
2926
2927
2928
2929
2930
2931
2932
2933
2934
2936
2938
2941
2942
2943
2947
2948
2949
2950
2951
2957
2958
2959
2960
2961
2962
2963
2964
2967
2968
2969
2970
2972
2974
2975
2976
2977
2980
2981
2982
2983
2986
2988
2989
2990
2993
2994
2995
2996
2998
2999
3000
3001
3002
3005
3006
3009
3010
3011
3013
3014
3015
3016
3017
3018
3019
3020
3022
3023
3024
3025
3026
3027
3029
3030
3031
3032
3035
3036
3037
3040
3043
3044
3045
3046
3047
3048
3051
3053
3054
3057
3058
3063
3065
3067
3068
3069
3070
3071
3074
3075
3077
3080
3087
3091
3094
3095
3097
3099
3100
3101
3102
3103
3105
3106
3107
3108
3110
3111
3112
3113
3114
3115
3116
3121
3125
3130
3131
3132
3134
3136
3137
3138
3139
3141
3145
3146
3147
3149
3151
3155
3156
3157
3158
3159
3161
3162
3164
3165
3166
3167
3168
3169
3170
3171
3172
3173
3175
3177
3178
3179
3181
3182
3183
3184
3187
3189
3190
3192
3194
3197
3198
3199
3201
3204
3205
3207
3209
3210
3211
3212
3213
3217
3219
3220
3221
3222
3226
3227
3228
3231
3232
3234
3237
3238
3239
3240
3241
3242
3243
3245
3246
3248
3249
3252
3256
3257
3259
3260
3262
3263
3265
3266
3268
3269
3273
3274
3275
3277
3278
3279
3281
3282
3283
3286
3287
3289
3290
3292
3293
3294
3296
3297
3299
3300
3302
3303
3304
3306
3307
3308
3310
3311
3312
3313
3315
3316
3318
3319
3320
3322
3324
3325
3326
3327
3332
3333
3336
3338
3339
3341
3342
3344
3346
3348
3349
3351
3352
3353
3354
3356
3357
3359
3362
3363
3364
3365
3366
3367
3368
3369
3370
3371
3372
3374
3375
3376
3378
3379
3380
3381
3382
3383
3384
3385
3386
3389
3390
3392
3393
3394
3395
3396
3397
3400
3401
3402
3404
3405
3407
3409
3411
3415
3416
3417
3418
3419
3421
3424
3425
3427
3430
3431
3434
3436
3437
3439
3440
3442
3443
3444
3445
3446
3447
3451
3453
3455
3456
3458
3460
3461
3465
3466
3468
3469
3472
3473
3474
3477
3478
3479
3480
3482
3484
3485
3486
3489
3490
3491
3493
3494
3499
3500
3501
3502
3503
3504
3505
3506
3508
3509
3510
3513
3514
3515
3517
3521
3522
3523
3524
3525
3526
3528
3529
3531
3533
3534
3535
3537
3539
3540
3543
3544
3545
3548
3550
3553
3554
3555
3556
3557
3558
3560
3561
3562
3564
3565
3570
3572
3573
3574
3575
3577
3578
3579
3580
3582
3583
3584
3586
3587
3589
3590
3591
3592
3594
3595
3596
3597
3598
3599
3600
3601
3602
3603
3604
3605
3606
3609
3613
3615
3616
3619
3620
3622
3623
3624
3625
3627
3628
3629
3630
3631
3632
3633
3634
3635
3636
3637
3638
3639
3640
3642
3643
3645
3646
3648
3649
3651
3652
3655
3656
3657
3659
3660
3661
3664
3665
3668
3669
3670
3671
3672
3673
3674
3676
3677
3681
3682
3685
3686
3687
3688
3690
3692
3694
3696
3697
3699
3700
3703
3706
3707
3709
3712
3714
3715
3716
3717
3718
3719
3721
3722
3724
3726
3727
3728
3729
3731
3732
3733
3734
3735
3736
3738
3739
3740
3743
3745
3746
3748
3749
3750
3751
3753
3754
3757
3758
3759
3760
3762
3764
3765
3767
3768
3769
3770
3771
3772
3773
3774
3777
3778
3780
3782
3783
3784
3786
3789
3790
3793
3794
3797
3798
3799
3800
3802
3805
3807
3808
3809
3815
3817
3819
3820
3821
3822
3823
3824
3826
3827
3828
3829
3831
3832
3833
3834
3835
3838
3839
3842
3843
3844
3846
3847
3848
3851
3852
3853
3855
3856
3857
3858
3859
3860
3861
3862
3863
3864
3866
3867
3868
3869
3870
3871
3873
3875
3876
3877
3879
3881
3882
3883
3886
3887
3888
3889
3890
3891
3893
3894
3895
3896
3900
3901
3903
3905
3907
3909
3910
3911
3912
3913
3914
3915
3916
3918
3919
3920
3922
3925
3926
3927
3928
3931
3932
3933
3934
3935
3939
3940
3941
3942
3943
3944
3945
3946
3947
3948
3950
3951
3952
3954
3955
3956
3958
3959
3961
3962
3968
3970
3971
3973
3974
3976
3977
3978
3979
3980
3981
3983
3984
3986
3987
3989
3992
3993
3995
3996
3997
3998
3999
4000
4001
4002
4003
4004
4005
4007
4008
4009
4013
4015
4017
4018
4019
4021
4022
4024
4025
4026
4028
4029
4030
4031
4032
4033
4034
4038
4039
4041
4044
4046
4047
4048
4049
4050
4051
4052
4055
4056
4057
4060
4061
4062
4063
4064
4065
4066
4067
4068
4069
4070
4071
4072
4073
4077
4079
4081
4083
4085
4088
4092
4094
4095
4096
4097
4098
4099
4101
4102
4103
4104
4107
4108
4109
4112
4113
4114
4115
4116
4117
4118
4119
4121
4122
4124
4126
4127
4128
4129
4130
4132
4133
4134
4136
4137
4138
4139
4140
4142
4143
4144
4145
4146
4147
4148
4150
4152
4153
4155
4160
4161
4162
4164
4165
4166
4168
4169
4171
4172
4176
4177
4178
4179
4180
4181
4183
4184
4185
4186
4187
4188
4189
4190
4191
4193
4195
4196
4197
4198
4199
4200
4201
4203
4204
4205
4206
4207
4208
4209
4210
4212
4213
4214
4216
4218
4219
4222
4223
4225
4227
4228
4230
4231
4232
4234
4235
4236
4237
4240
4242
4244
4245
4246
4249
4250
4252
4253
4254
4255
4256
4257
4261
4262
4268
4269
4272
4273
4275
4276
4277
4278
4279
4281
4283
4286
4287
4288
4289
4290
4291
4293
4295
4296
4297
4298
4299
4300
4301
4302
4303
4304
4306
4311
4314
4317
4318
4319
4321
4322
4323
4324
4325
4326
4328
4330
4331
4333
4334
4335
4336
4337
4338
4340
4341
4342
4343
4347
4349
4352
4353
4354
4355
4356
4357
4358
4359
4360
4361
4364
4366
4367
4368
4369
4373
4374
4375
4377
4378
4379
4380
4381
4386
4387
4388
4389
4392
4393
4394
4397
4398
4400
4403
4406
4407
4410
4411
4413
4414
4416
4417
4418
4421
4423
4426
4427
4429
4430
4431
4432
4433
4435
4436
4437
4438
4441
4444
4446
4447
4448
4449
4450
4451
4453
4455
4456
4457
4458
4459
4460
4461
4463
4464
4465
4466
4468
4469
4470
4474
4475
4476
4477
4478
4479
4480
4481
4482
4483
4484
4486
4489
4490
4493
4497
4499
4500
4501
4502
4504
4505
4506
4507
4508
4509
4511
4512
4513
4516
4518
4520
4521
4524
4525
4526
4527
4529
4530
4531
4533
4535
4537
4539
4540
4541
4542
4543
4544
4545
4547
4548
4551
4552
4553
4554
4556
4559
4560
4561
4563
4564
4565
4566
4568
4569
4571
4572
4573
4574
4575
4576
4578
4579
4580
4581
4582
4583
4584
4585
4586
4587
4589
4590
4591
4592
4593
4594
4599
4601
4602
4603
4606
4607
4608
4609
4614
4615
4616
4618
4619
4621
4623
4624
4625
4626
4628
4629
4631
4632
4633
4634
4635
4637
4638
4639
4641
4642
4643
4645
4646
4647
4649
4650
4652
4653
4654
4656
4657
4658
4659
4662
4663
4665
4666
4668
4669
4671
4672
4673
4674
4675
4676
4677
4680
4681
4682
4683
4684
4685
4686
4687
4688
4689
4691
4692
4693
4694
4698
4699
4700
4702
4703
4707
4708
4709
4710
4711
4713
4715
4716
4717
4719
4720
4721
4722
4723
4725
4726
4728
4729
4730
4731
4732
4733
4735
4736
4737
4738
4740
4742
4743
4745
4746
4747
4749
4750
4751
4752
4753
4755
4756
4757
4758
4760
4761
4763
4764
4765
4766
4767
4769
4771
4772
4773
4774
4775
4776
4779
4781
4782
4783
4784
4786
4790
4791
4792
4794
4795
4797
4798
4801
4804
4806
4807
4808
4809
4810
4812
4813
4814
4815
4816
4817
4818
4819
4820
4821
4822
4823
4824
4826
4827
4829
4830
4831
4832
4833
4834
4836
4839
4840
4844
4845
4848
4850
4852
4853
4854
4855
4858
4859
4862
4863
4865
4866
4867
4868
4869
4870
4872
4873
4874
4875
4876
4877
4878
4879
4880
4881
4882
4883
4884
4885
4886
4888
4889
4891
4895
4896
4898
4899
4900
4901
4904
4905
4906
4907
4908
4910
4911
4912
4913
4917
4918
4921
4922
4923
4924
4925
4926
4927
4929
4930
4931
4932
4933
4934
4936
4939
4940
4941
4942
4943
4944
4945
4946
4947
4948
4949
4953
4954
4955
4958
4959
4960
4961
4962
4963
4965
4968
4970
4972
4973
4974
4975
4976
4979
4980
4981
4982
4983
4984
4986
4987
4988
4989
4990
4991
4992
4994
4995
4996
4998
5000
5003
5004
5005
5007
5009
5010
5011
5012
5013
5014
5016
5017
5021
5022
5023
5024
5025
5026
5028
5029
5030
5033
5035
5036
5037
5039
5040
5041
5043
5044
5045
5046
5048
5049
5050
5053
5056
5057
5060
5061
5062
5063
5066
5067
5068
5073
5074
5075
5076
5078
5081
5083
5086
5087
5088
5090
5091
5092
5093
5094
5095
5097
5098
5099
5101
5103
5105
5111
5112
5113
5115
5116
5119
5120
5121
5125
5126
5127
5129
5130
5131
5133
5134
5139
5140
5142
5143
5145
5146
5148
5150
5151
5154
5156
5157
5160
5161
5163
5166
5167
5168
5169
5171
5173
5174
5175
5176
5177
5178
5180
5183
5184
5185
5187
5188
5189
5190
5191
5192
5196
5197
5198
5199
5200
5201
5202
5204
5206
5207
5208
5209
5210
5212
5213
5214
5215
5216
5219
5220
5221
5222
5223
5224
5226
5228
5229
5230
5235
5237
5239
5242
5244
5245
5247
5248
5249
5251
5252
5253
5254
5255
5257
5258
5259
5260
5261
5263
5265
5266
5271
5272
5273
5274
5275
5276
5277
5280
5281
5282
5284
5285
5286
5287
5288
5289
5290
5291
5293
5294
5295
5297
5300
5301
5302
5304
5306
5310
5311
5313
5314
5317
5318
5320
5321
5322
5323
5325
5329
5330
5331
5332
5334
5336
5339
5342
5343
5344
5346
5348
5350
5351
5353
5354
5355
5357
5359
5360
5362
5364
5365
5366
5368
5369
5370
5371
5372
5374
5375
5376
5378
5379
5380
5381
5382
5384
5385
5387
5388
5390
5393
5394
5395
5396
5398
5399
5400
5401
5402
5403
5406
5407
5408
5409
5410
5411
5412
5413
5414
5416
5417
5418
5419
5420
5421
5423
5424
5426
5428
5430
5431
5432
5433
5434
5435
5436
5437
5438
5439
5440
5441
5442
5443
5444
5445
5447
5448
5449
5450
5451
5452
5453
5454
5456
5457
5458
5459
5463
5464
5465
5469
5470
5471
5473
5474
5476
5477
5478
5479
5480
5481
5482
5483
5484
5485
5487
5488
5489
5491
5492
5494
5495
5497
5498
5499
5500
5501
5502
5503
5504
5505
5506
5507
5508
5511
5512
5513
5514
5517
5518
5521
5522
5523
5524
5525
5527
5528
5529
5530
5531
5533
5534
5535
5536
5537
5538
5539
5540
5541
5542
5543
5544
5545
5546
5547
5548
5549
5550
5551
5552
5553
5555
5556
5557
5558
5561
5562
5563
5564
5565
5569
5571
5572
5573
5574
5577
5578
5579
5580
5581
5582
5583
5584
5585
5586
5589
5591
5592
5593
5597
5598
5599
5603
5604
5609
5610
5611
5612
5613
5614
5616
5617
5618
5621
5623
5625
5628
5630
5632
5634
5635
5636
5637
5639
5641
5642
5643
5644
5645
5646
5647
5648
5650
5651
5652
5655
5656
5657
5658
5659
5660
5661
5662
5663
5664
5665
5666
5667
5668
5669
5670
5672
5674
5675
5676
5677
5678
5679
5680
5682
5685
5686
5689
5690
5691
5692
5693
5694
5695
5696
5697
5699
5701
5703
5704
5706
5707
5709
5710
5711
5712
5714
5715
5716
5717
5718
5719
5720
5725
5727
5728
5729
5731
5732
5733
5735
5737
5740
5742
5744
5748
5749
5750
5753
5754
5755
5756
5757
5758
5759
5760
5761
5763
5764
5766
5767
5768
5770
5773
5774
5775
5776
5778
5779
5782
5783
5785
5786
5787
5788
5789
5790
5792
5794
5795
5797
5799
5800
5802
5803
5804
5808
5809
5811
5812
5813
5815
5816
5817
5819
5820
5821
5822
5823
5825
5826
5827
5828
5829
5830
5831
5832
5833
5834
5835
5838
5839
5840
5842
5843
5845
5846
5847
5849
5850
5852
5853
5855
5856
5859
5860
5861
5862
5863
5864
5866
5867
5869
5870
5873
5874
5876
5877
5878
5879
5880
5881
5882
5883
5885
5886
5887
5888
5889
5890
5891
5895
5896
5897
5898
5899
5900
5901
5902
5903
5904
5906
5908
5909
5910
5911
5912
5915
5917
5918
5921
5922
5923
5925
5926
5930
5933
5934
5936
5937
5938
5939
5940
5942
5943
5945
5947
5949
5950
5952
5953
5954
5955
5957
5958
5962
5963
5964
5965
5966
5968
5970
5971
5972
5973
5974
5975
5977
5978
5979
5981
5984
5987
5988
5989
5990
5991
5993
5994
5995
5997
5998
5999
6001
6004
6005
6006
6008
6010
6013
6014
6017
6018
6019
6021
6022
6023
6025
6026
6027
6028
6030
6031
6032
6033
6034
6035
6036
6037
6038
6041
6042
6043
6044
6045
6046
6047
6048
6051
6053
6055
6058
6059
6060
6065
6068
6071
6072
6073
6075
6076
6077
6078
6080
6081
6082
6083
6084
6085
6089
6091
6095
6098
6099
6100
6102
6104
6105
6106
6107
6110
6111
6112
6113
6114
6120
6121
6122
6126
6128
6129
6131
6132
6133
6134
6135
6137
6138
6140
6141
6142
6144
6145
6146
6147
6151
6152
6153
6156
6159
6161
6162
6163
6164
6167
6168
6169
6172
6174
6175
6177
6178
6180
6182
6184
6185
6187
6189
6190
6192
6193
6194
6196
6197
6198
6199
6200
6201
6202
6203
6204
6206
6207
6208
6209
6211
6212
6215
6216
6217
6218
6219
6220
6221
6222
6224
6225
6227
6228
6230
6231
6232
6233
6234
6238
6239
6240
6241
6242
6243
6244
6245
6246
6247
6249
6250
6251
6253
6255
6256
6257
6259
6261
6263
6264
6265
6266
6267
6268
6269
6270
6273
6274
6275
6277
6278
6279
6280
6281
6283
6285
6286
6287
6288
6290
6291
6292
6293
6294
6295
6298
6299
6300
6301
6302
6303
6304
6306
6307
6308
6309
6312
6313
6314
6315
6316
6317
6318
6320
6324
6325
6326
6328
6330
6331
6333
6334
6335
6336
6338
6339
6340
6341
6343
6345
6346
6347
6348
6349
6351
6352
6353
6355
6356
6357
6358
6359
6360
6361
6362
6363
6364
6365
6366
6367
6368
6370
6371
6372
6373
6374
6377
6378
6380
6381
6383
6384
6385
6386
6387
6388
6389
6391
6392
6393
6394
6396
6397
6399
6400
6401
6402
6403
6404
6405
6409
6410
6413
6414
6416
6417
6418
6419
6420
6421
6422
6423
6425
6427
6429
6431
6432
6434
6436
6437
6438
6440
6443
6444
6445
6448
6449
6450
6451
6452
6453
6454
6457
6458
6460
6464
6467
6468
6473
6474
6475
6477
6478
6479
6481
6482
6483
6484
6485
6487
6488
6489
6490
6491
6492
6493
6494
6497
6498
6499
6505
6506
6507
6509
6512
6513
6515
6519
6520
6522
6523
6524
6527
6528
6531
6534
6537
6538
6539
6540
6543
6545
6546
6549
6550
6551
6552
6553
6555
6556
6557
6559
6560
6561
6563
6564
6565
6566
6567
6568
6569
6572
6573
6575
6577
6579
6580
6581
6582
6583
6584
6585
6586
6587
6590
6591
6594
6596
6598
6599
6601
6603
6604
6605
6607
6608
6609
6610
6612
6613
6614
6615
6616
6617
6619
6620
6621
6622
6623
6624
6625
6626
6627
6628
6629
6630
6631
6632
6633
6634
6635
6637
6641
6643
6648
6651
6652
6653
6654
6656
6658
6660
6661
6662
6663
6666
6669
6670
6672
6673
6676
6678
6679
6680
6681
6682
6683
6684
6686
6687
6688
6690
6691
6693
6694
6695
6696
6697
6699
6700
6702
6706
6707
6708
6709
6713
6714
6715
6718
6719
6720
6721
6722
6725
6726
6727
6728
6729
6731
6732
6735
6737
6741
6744
6745
6746
6747
6749
6750
6751
6754
6756
6758
6759
6760
6761
6762
6765
6766
6767
6768
6769
6770
6771
6772
6774
6776
6777
6779
6780
6781
6782
6783
6784
6787
6790
6792
6793
6794
6796
6801
6803
6804
6805
6806
6810
6811
6812
6813
6815
6816
6817
6818
6821
6822
6823
6825
6826
6827
6829
6830
6831
6832
6833
6834
6835
6836
6837
6838
6839
6840
6841
6842
6843
6844
6845
6846
6847
6848
6849
6851
6853
6854
6855
6856
6857
6861
6862
6863
6864
6865
6866
6867
6868
6869
6870
6872
6873
6874
6875
6876
6878
6879
6882
6883
6884
6885
6887
6888
6890
6892
6895
6896
6897
6898
6899
6906
6909
6910
6911
6912
6913
6914
6916
6917
6918
6921
6926
6927
6928
6929
6931
6933
6934
6936
6937
6938
6939
6940
6941
6942
6943
6944
6945
6947
6949
6950
6955
6956
6957
6959
6960
6962
6963
6964
6966
6967
6968
6969
6971
6973
6980
6985
6986
6987
6988
6989
6990
6991
6992
6993
6995
6996
6997
6998
6999
7001
7003
7004
7005
7006
7007
7008
7010
7011
7012
7013
7014
7016
7018
7021
7022
7023
7024
7025
7026
7027
7028
7029
7030
7031
7032
7033
7034
7038
7039
7042
7043
7045
7047
7048
7049
7051
7052
7053
7054
7055
7056
7057
7058
7059
7061
7063
7064
7066
7067
7068
7069
7071
7072
7073
7074
7075
7077
7078
7082
7083
7084
7085
7086
7087
7088
7089
7091
7092
7093
7094
7097
7098
7100
7101
7102
7103
7105
7106
7107
7108
7109
7112
7113
7116
7119
7120
7121
7122
7124
7125
7126
7127
7128
7129
7130
7131
7133
7135
7136
7137
7138
7139
7140
7142
7144
7145
7146
7147
7149
7152
7153
7155
7156
7157
7159
7160
7162
7163
7164
7165
7166
7167
7168
7169
7171
7174
7175
7176
7177
7178
7179
7180
7181
7182
7184
7188
7191
7193
7194
7196
7197
7198
7200
7201
7202
7204
7205
7207
7208
7209
7210
7213
7214
7215
7216
7217
7221
7222
7223
7224
7225
7226
7227
7228
7229
7231
7232
7233
7234
7235
7236
7237
7238
7239
7242
7243
7245
7247
7248
7249
7250
7253
7255
7256
7258
7261
7262
7264
7265
7266
7268
7269
7270
7272
7273
7275
7276
7277
7278
7279
7280
7281
7283
7284
7285
7288
7290
7292
7294
7296
7297
7298
7299
7301
7302
7304
7305
7307
7308
7309
7310
7312
7313
7314
7315
7316
7317
7318
7319
7320
7323
7326
7328
7329
7330
7331
7332
7334
7335
7336
7337
7339
7340
7341
7343
7345
7346
7347
7348
7351
7352
7354
7356
7357
7358
7359
7360
7361
7362
7364
7366
7367
7369
7370
7371
7372
7373
7376
7377
7379
7380
7381
7384
7386
7387
7389
7390
7391
7392
7393
7394
7395
7396
7400
7401
7403
7404
7407
7408
7410
7412
7413
7414
7415
7416
7417
7418
7419
7422
7425
7426
7427
7428
7429
7430
7431
7432
7433
7434
7437
7438
7440
7441
7444
7446
7447
7448
7449
7450
7451
7453
7454
7455
7456
7457
7458
7459
7460
7462
7464
7465
7467
7468
7469
7470
7471
7472
7473
7475
7476
7478
7479
7480
7481
7482
7483
7484
7486
7489
7490
7491
7492
7493
7495
7496
7497
7498
7500
7503
7504
7505
7507
7508
7509
7510
7513
7514
7516
7518
7519
7520
7521
7522
7525
7527
7529
7531
7532
7533
7536
7537
7538
7539
7541
7542
7543
7544
7545
7547
7549
7551
7552
7554
7556
7557
7558
7559
7561
7562
7563
7564
7565
7566
7567
7568
7569
7570
7571
7573
7574
7575
7576
7577
7578
7579
7580
7582
7583
7584
7586
7587
7588
7589
7590
7592
7593
7594
7595
7596
7597
7598
7600
7602
7603
7604
7605
7606
7607
7608
7609
7610
7611
7612
7613
7615
7616
7617
7618
7619
7621
7622
7623
7626
7629
7630
7633
7635
7636
7639
7640
7642
7643
7645
7646
7647
7648
7649
7650
7651
7652
7653
7654
7655
7656
7658
7659
7660
7662
7664
7665
7666
7667
7668
7669
7671
7672
7673
7675
7676
7677
7678
7681
7682
7683
7684
7686
7687
7689
7690
7691
7693
7694
7696
7698
7699
7701
7702
7703
7704
7707
7708
7710
7711
7712
7713
7714
7716
7717
7719
7720
7721
7722
7724
7725
7726
7729
7731
7732
7733
7737
7739
7740
7741
7742
7745
7746
7747
7749
7751
7752
7753
7754
7755
7758
7759
7760
7764
7767
7770
7771
7773
7774
7775
7776
7778
7779
7780
7784
7785
7786
7788
7789
7790
7793
7795
7797
7798
7799
7800
7801
7802
7805
7806
7807
7809
7811
7812
7814
7815
7816
7817
7818
7821
7822
7825
7826
7827
7828
7830
7831
7833
7834
7838
7839
7840
7841
7844
7845
7846
7847
7850
7851
7852
7853
7854
7855
7856
7857
7858
7861
7864
7866
7867
7868
7869
7872
7873
7874
7876
7877
7878
7881
7882
7883
7885
7886
7887
7888
7889
7890
7891
7892
7893
7894
7897
7898
7900
7901
7904
7905
7906
7907
7908
7911
7912
7913
7914
7918
7919
7921
7922
7926
7927
7932
7933
7934
7937
7938
7940
7942
7945
7946
7948
7949
7950
7951
7953
7954
7955
7958
7959
7960
7961
7964
7965
7966
7968
7969
7970
7972
7973
7975
7976
7977
7978
7982
7984
7985
7986
7987
7988
7989
7990
7991
7995
7997
8001
8002
8003
8004
8005
8006
8007
8009
8010
8011
8012
8013
8015
8017
8020
8021
8022
8023
8024
8025
8027
8029
8030
8034
8035
8036
8037
8038
8039
8041
8042
8045
8046
8047
8048
8049
8050
8051
8055
8058
8061
8063
8064
8065
8066
8067
8068
8069
8070
8072
8073
8074
8075
8076
8077
8078
8079
8080
8082
8083
8086
8087
8092
8094
8095
8096
8097
8098
8099
8100
8101
8102
8103
8104
8106
8107
8111
8113
8114
8115
8118
8121
8122
8123
8124
8125
8126
8127
8130
8131
8134
8135
8138
8139
8141
8142
8143
8144
8146
8147
8149
8150
8151
8154
8155
8157
8158
8160
8161
8163
8164
8165
8166
8168
8169
8173
8174
8175
8176
8177
8181
8182
8183
8184
8185
8186
8187
8188
8190
8191
8192
8196
8197
8198
8200
8201
8202
8203
8205
8207
8208
8209
8210
8211
8213
8214
8215
8216
8218
8219
8220
8221
8222
8223
8224
8225
8226
8227
8228
8229
8231
8234
8235
8236
8238
8240
8241
8243
8245
8246
8248
8249
8250
8251
8252
8253
8254
8256
8258
8262
8263
8264
8267
8268
8270
8271
8275
8276
8277
8279
8281
8282
8283
8286
8288
8292
8293
8294
8296
8297
8299
8300
8301
8302
8303
8304
8306
8307
8309
8310
8311
8312
8314
8315
8316
8317
8318
8320
8321
8322
8328
8329
8330
8331
8332
8333
8334
8335
8336
8337
8338
8339
8340
8341
8342
8343
8344
8345
8346
8347
8348
8349
8350
8354
8356
8359
8360
8361
8362
8367
8368
8369
8371
8372
8373
8375
8376
8378
8379
8381
8382
8383
8384
8385
8386
8387
8389
8390
8391
8393
8395
8397
8399
8400
8402
8403
8404
8405
8408
8409
8410
8413
8414
8415
8417
8418
8419
8421
8422
8423
8424
8426
8427
8432
8433
8434
8435
8436
8437
8438
8440
8441
8442
8443
8444
8446
8447
8449
8450
8452
8453
8455
8456
8457
8458
8459
8461
8462
8464
8465
8466
8468
8469
8470
8471
8474
8475
8476
8477
8479
8480
8481
8482
8483
8484
8488
8489
8491
8494
8495
8496
8498
8501
8503
8504
8505
8506
8507
8509
8510
8512
8513
8514
8516
8518
8519
8523
8524
8525
8526
8528
8529
8530
8531
8532
8533
8534
8535
8536
8538
8539
8540
8541
8542
8544
8546
8547
8548
8553
8557
8558
8562
8565
8566
8567
8568
8569
8572
8573
8574
8576
8578
8579
8580
8581
8583
8584
8586
8588
8589
8593
8596
8597
8599
8600
8601
8602
8604
8605
8606
8608
8609
8610
8611
8612
8613
8614
8615
8617
8618
8620
8621
8622
8623
8624
8625
8628
8629
8630
8631
8632
8633
8635
8636
8639
8640
8641
8642
8643
8645
8647
8648
8650
8651
8652
8655
8657
8658
8659
8660
8662
8663
8664
8666
8667
8668
8672
8673
8677
8678
8679
8680
8681
8683
8685
8686
8687
8688
8689
8690
8691
8692
8693
8694
8695
8696
8697
8699
8700
8701
8702
8703
8704
8705
8706
8707
8708
8709
8710
8711
8712
8713
8714
8721
8723
8724
8726
8727
8728
8729
8730
8731
8732
8733
8734
8735
8736
8737
8738
8740
8742
8745
8749
8750
8752
8753
8754
8756
8757
8758
8760
8761
8762
8763
8764
8765
8766
8767
8768
8770
8771
8772
8773
8774
8775
8776
8778
8779
8780
8781
8782
8783
8784
8786
8788
8790
8791
8793
8794
8796
8798
8799
8800
8801
8808
8810
8813
8815
8817
8818
8820
8821
8823
8824
8827
8828
8829
8830
8831
8832
8834
8836
8837
8838
8839
8841
8843
8844
8845
8846
8847
8849
8851
8853
8854
8855
8857
8858
8859
8860
8863
8864
8865
8866
8867
8872
8875
8876
8878
8879
8880
8882
8883
8884
8888
8891
8894
8895
8899
8900
8901
8903
8904
8905
8906
8908
8909
8911
8912
8913
8915
8916
8918
8920
8922
8924
8925
8927
8931
8932
8933
8934
8935
8937
8938
8939
8942
8944
8945
8946
8947
8948
8949
8950
8951
8952
8953
8955
8956
8957
8958
8959
8960
8962
8963
8965
8966
8968
8969
8972
8973
8974
8975
8976
8979
8980
8981
8982
8983
8985
8990
8992
8994
8995
8998
8999
9000
9001
9002
9003
9005
9006
9007
9008
9009
9011
9012
9013
9014
9015
9016
9018
9019
9021
9022
9025
9026
9027
9030
9032
9033
9035
9036
9037
9038
9039
9040
9041
9042
9043
9046
9047
9048
9049
9050
9052
9054
9056
9057
9058
9059
9060
9061
9063
9064
9065
9066
9067
9068
9069
9070
9071
9072
9077
9080
9082
9084
9085
9086
9087
9088
9089
9091
9092
9095
9096
9098
9100
9102
9103
9105
9106
9107
9110
9112
9115
9116
9121
9124
9125
9126
9127
9129
9130
9131
9132
9133
9136
9141
9142
9143
9144
9145
9147
9148
9149
9150
9152
9153
9154
9155
9156
9158
9159
9160
9161
9162
9164
9166
9168
9169
9171
9172
9174
9177
9178
9179
9181
9182
9184
9186
9187
9188
9189
9195
9196
9198
9200
9201
9202
9203
9204
9206
9207
9208
9211
9212
9213
9214
9215
9216
9217
9218
9219
9220
9224
9225
9226
9227
9231
9232
9233
9234
9235
9237
9240
9241
9243
9244
9246
9247
9249
9251
9258
9259
9261
9263
9264
9265
9266
9267
9268
9273
9276
9277
9279
9281
9283
9284
9287
9290
9291
9292
9293
9294
9295
9296
9297
9298
9299
9303
9305
9306
9307
9308
9309
9310
9311
9314
9316
9318
9320
9322
9323
9324
9328
9330
9331
9332
9333
9334
9335
9338
9341
9342
9343
9344
9345
9348
9350
9351
9353
9355
9357
9358
9360
9361
9362
9363
9364
9365
9366
9367
9368
9369
9370
9371
9372
9376
9377
9381
9382
9383
9386
9388
9390
9391
9392
9394
9396
9397
9398
9400
9401
9404
9406
9408
9409
9410
9411
9412
9413
9414
9415
9416
9417
9418
9419
9420
9421
9422
9423
9424
9427
9428
9431
9433
9435
9439
9442
9444
9445
9446
9448
9449
9450
9451
9453
9454
9455
9457
9458
9459
9460
9462
9465
9467
9470
9471
9473
9476
9477
9478
9479
9480
9481
9482
9483
9484
9485
9490
9493
9494
9497
9498
9501
9502
9505
9506
9507
9508
9511
9512
9513
9516
9517
9519
9521
9522
9525
9526
9530
9532
9535
9537
9538
9539
9540
9541
9542
9543
9544
9547
9549
9550
9551
9555
9556
9559
9560
9561
9562
9564
9565
9566
9567
9568
9569
9570
9571
9573
9574
9575
9577
9578
9579
9580
9582
9584
9589
9590
9591
9592
9593
9594
9595
9597
9598
9600
9602
9603
9604
9606
9608
9610
9611
9612
9614
9615
9616
9618
9619
9621
9622
9623
9624
9627
9628
9629
9631
9632
9633
9634
9637
9638
9640
9641
9642
9643
9645
9646
9648
9649
9650
9651
9654
9657
9658
9663
9667
9668
9670
9672
9676
9678
9679
9681
9682
9684
9685
9686
9688
9689
9690
9692
9694
9696
9698
9699
9705
9708
9710
9711
9712
9713
9714
9715
9716
9717
9718
9720
9721
9722
9723
9724
9726
9727
9728
9730
9731
9732
9733
9736
9738
9741
9742
9745
9746
9747
9752
9753
9754
9755
9756
9757
9758
9759
9760
9761
9762
9763
9764
9765
9767
9771
9772
9773
9774
9775
9777
9779
9780
9781
9783
9784
9786
9788
9789
9791
9792
9796
9797
9800
9801
9802
9804
9805
9806
9807
9809
9810
9814
9815
9817
9818
9819
9820
9822
9823
9824
9825
9827
9828
9835
9836
9837
9838
9841
9842
9843
9844
9845
9847
9848
9849
9850
9852
9853
9854
9855
9856
9857
9859
9862
9863
9864
9865
9867
9868
9869
9871
9873
9875
9876
9877
9880
9881
9882
9883
9884
9885
9886
9887
9888
9889
9890
9891
9894
9896
9897
9898
9902
9903
9905
9906
9908
9909
9910
9911
9912
9914
9915
9916
9917
9918
9919
9920
9922
9923
9924
9926
9927
9928
9930
9931
9932
9934
9936
9939
9941
9943
9944
9945
9946
9947
9948
9949
9950
9954
9955
9957
9958
9959
9960
9961
9962
9963
9964
9965
9966
9967
9969
9970
9972
9974
9975
9978
9979
9980
9981
9983
9984
9985
9988
9989
9990
9991
9992
9993
9994
9995
9996
9997
9999
10001
10003
10005
10006
10007
10008
10009
10010
10012
10015
10017
10019
10020
10022
10025
10026
10029
10030
10031
10033
10035
10036
10037
10039
10041
10042
10044
10049
10050
10051
10054
10055
10056
10058
10059
10060
10061
10062
10063
10064
10065
10066
10067
10068
10069
10070
10072
10073
10074
10075
10076
10077
10078
10079
10080
10081
10083
10084
10085
10087
10088
10089
10090
10091
10092
10093
10094
10095
10097
10098
10100
10101
10102
10103
10104
10106
10107
10108
10111
10112
10113
10116
10117
10118
10120
10126
10127
10128
10129
10130
10132
10134
10135
10136
10139
10140
10141
10142
10143
10145
10149
10150
10151
10152
10153
10154
10155
10156
10157
10160
10162
10163
10165
10169
10171
10172
10174
10177
10178
10179
10180
10181
10182
10183
10184
10187
10188
10189
10190
10191
10192
10196
10198
10201
10203
10205
10207
10209
10210
10211
10212
10213
10214
10215
10217
10218
10220
10221
10222
10224
10225
10226
10229
10230
10231
10233
10234
10235
10237
10240
10241
10242
10243
10244
10245
10246
10247
10248
10249
10250
10251
10253
10254
10255
10257
10259
10260
10261
10263
10265
10266
10269
10271
10272
10273
10274
10278
10281
10284
10285
10286
10288
10289
10290
10291
10292
10293
10294
10295
10296
10300
10301
10302
10304
10306
10307
10308
10310
10311
10312
10313
10317
10318
10320
10321
10322
10323
10324
10327
10328
10329
10330
10331
10332
10333
10335
10336
10338
10339
10340
10341
10344
10346
10347
10348
10350
10351
10352
10353
10354
10355
10356
10358
10359
10360
10362
10363
10366
10368
10370
10371
10374
10378
10379
10380
10382
10383
10384
10385
10386
10388
10389
10390
10392
10397
10398
10399
10402
10403
10405
10408
10409
10410
10411
10412
10414
10415
10416
10419
10421
10423
10424
10425
10426
10427
10428
10430
10431
10432
10433
10435
10436
10438
10439
10441
10442
10444
10445
10447
10449
10450
10454
10455
10456
10457
10458
10459
10460
10461
10463
10465
10466
10467
10468
10469
10470
10471
10472
10473
10475
10477
10478
10480
10481
10484
10485
10486
10487
10488
10489
10490
10493
10498
10500
10501
10502
10506
10508
10509
10510
10511
10513
10514
10515
10516
10518
10519
10520
10521
10523
10524
10525
10526
10527
10528
10529
10531
10532
10533
10534
10535
10538
10539
10541
10543
10545
10546
10547
10549
10550
10551
10552
10553
10557
10558
10560
10563
10564
10565
10567
10568
10570
10571
10572
10574
10575
10576
10577
10578
10579
10581
10584
10585
10586
10587
10588
10590
10591
10594
10596
10597
10598
10599
10600
10601
10602
10603
10604
10605
10606
10607
10608
10609
10612
10613
10614
10615
10616
10617
10618
10619
10620
10621
10622
10623
10624
10626
10627
10628
10629
10630
10632
10634
10635
10636
10638
10640
10641
10642
10643
10644
10646
10649
10651
10653
10655
10657
10658
10660
10663
10665
10666
10668
10669
10670
10671
10672
10674
10676
10677
10679
10680
10681
10682
10683
10686
10687
10688
10689
10690
10691
10693
10694
10695
10696
10698
10700
10702
10703
10705
10706
10708
10709
10710
10712
10713
10714
10715
10717
10718
10719
10720
10722
10723
10724
10727
10730
10731
10732
10734
10735
10737
10738
10740
10741
10743
10744
10745
10748
10749
10751
10754
10755
10757
10758
10760
10761
10762
10763
10764
10765
10766
10767
10768
10769
10771
10772
10773
10774
10775
10776
10778
10780
10781
10782
10783
10785
10786
10787
10792
10794
10795
10796
10797
10798
10800
10802
10803
10804
10805
10806
10808
10809
10813
10814
10815
10816
10818
10820
10822
10823
10824
10827
10829
10830
10831
10832
10833
10834
10835
10836
10837
10839
10840
10842
10843
10844
10845
10847
10848
10850
10851
10852
10854
10855
10856
10857
10858
10859
10860
10861
10862
10863
10866
10869
10870
10871
10872
10873
10874
10875
10876
10877
10879
10880
10881
10882
10883
10885
10886
10887
10888
10890
10891
10893
10895
10900
10901
10904
10906
10908
10909
10911
10912
10913
10915
10916
10917
10919
10921
10923
10924
10926
10927
10928
10929
10930
10933
10934
10936
10938
10940
10942
10943
10945
10947
10948
10949
10951
10955
10956
10957
10958
10959
10960
10962
10963
10964
10966
10968
10969
10970
10971
10972
10973
10975
10977
10978
10981
10982
10986
10987
10988
10989
10991
10992
10993
10994
10997
10998
10999
11000
11003
11004
11005
11006
11007
11008
11010
11011
11012
11013
11016
11018
11021
11023
11025
11026
11027
11030
11032
11033
11035
11036
11037
11038
11039
11040
11045
11047
11049
11050
11051
11054
11056
11057
11058
11059
11060
11063
11064
11066
11067
11068
11070
11071
11073
11074
11075
11076
11077
11078
11081
11082
11083
11084
11086
11087
11089
11090
11093
11094
11097
11098
11099
11100
11101
11102
11103
11105
11106
11107
11108
11109
11112
11113
11114
11115
11116
11117
11118
11119
11120
11122
11124
11127
11128
11129
11130
11131
11133
11134
11135
11137
11138
11139
11140
11142
11143
11146
11147
11149
11152
11153
11154
11155
11156
11157
11158
11159
11160
11161
11162
11163
11164
11165
11167
11168
11170
11172
11174
11176
11177
11178
11179
11180
11181
11182
11185
11187
11190
11191
11193
11194
11198
11199
11200
11201
11203
11204
11207
11208
11211
11212
11213
11217
11221
11222
11223
11225
11226
11228
11229
11230
11231
11233
11234
11235
11236
11237
11239
11240
11242
11243
11245
11246
11248
11249
11250
11254
11255
11256
11257
11258
11259
11260
11264
11266
11267
11268
11269
11271
11272
11275
11276
11278
11279
11280
11281
11282
11283
11284
11285
11286
11288
11289
11291
11294
11296
11298
11299
11300
11301
11303
11304
11305
11306
11309
11311
11312
11314
11316
11317
11318
11319
11327
11328
11329
11331
11332
11333
11334
11335
11336
11337
11338
11341
11342
11344
11345
11346
11347
11348
11349
11350
11352
11354
11355
11357
11358
11359
11360
11361
11362
11363
11364
11365
11366
11367
11368
11369
11370
11372
11374
11375
11376
11377
11378
11380
11381
11382
11383
11385
11386
11389
11390
11392
11393
11394
11395
11396
11398
11399
11402
11403
11405
11406
11407
11408
11409
11411
11412
11418
11419
11420
11424
11425
11428
11430
11431
11432
11433
11435
11436
11437
11438
11440
11442
11443
11445
11446
11447
11448
11449
11450
11451
11452
11453
11454
11455
11456
11458
11459
11461
11462
11463
11464
11465
11466
11467
11468
11470
11471
11472
11475
11477
11478
11479
11480
11481
11482
11485
11486
11487
11488
11489
11490
11491
11493
11494
11495
11496
11497
11498
11500
11501
11502
11504
11505
11506
11508
11512
11516
11518
11519
11520
11525
11526
11527
11528
11529
11531
11532
11533
11534
11535
11536
11537
11541
11542
11544
11545
11546
11548
11549
11550
11551
11552
11553
11555
11556
11557
11558
11559
11561
11566
11568
11570
11571
11572
11573
11574
11575
11577
11579
11581
11582
11583
11584
11586
11588
11589
11591
11593
11595
11596
11597
11598
11600
11604
11605
11606
11610
11611
11613
11615
11617
11619
11620
11622
11623
11624
11626
11627
11629
11630
11631
11633
11634
11636
11637
11638
11639
11641
11642
11643
11644
11645
11646
11648
11651
11652
11653
11654
11655
11656
11657
11659
11665
11666
11667
11670
11671
11672
11674
11675
11676
11679
11680
11682
11683
11684
11686
11687
11688
11689
11690
11692
11693
11694
11699
11706
11707
11708
11709
11710
11712
11713
11717
11718
11719
11721
11722
11723
11724
11728
11729
11730
11731
11732
11736
11737
11738
11739
11740
11741
11742
11743
11744
11746
11748
11749
11750
11751
11752
11753
11754
11755
11756
11758
11760
11761
11762
11763
11764
11765
11767
11768
11770
11773
11774
11775
11779
11780
11781
11782
11783
11784
11786
11787
11788
11789
11791
11792
11793
11794
11796
11797
11798
11799
11800
11801
11803
11804
11805
11806
11807
11809
11810
11811
11815
11817
11821
11822
11824
11825
11826
11827
11829
11830
11831
11835
11836
11840
11844
11845
11846
11848
11849
11851
11852
11853
11854
11855
11856
11858
11859
11860
11865
11866
11867
11868
11872
11875
11876
11877
11878
11879
11880
11881
11882
11883
11884
11885
11886
11892
11893
11894
11895
11896
11898
11900
11901
11903
11904
11906
11907
11908
11909
11910
11911
11913
11915
11917
11918
11920
11921
11922
11924
11925
11927
11928
11929
11931
11932
11933
11934
11935
11937
11938
11940
11942
11943
11944
11945
11946
11947
11948
11949
11950
11953
11955
11956
11958
11959
11961
11962
11963
11964
11966
11967
11970
11971
11974
11977
11983
11984
11985
11986
11987
11988
11991
11993
11994
11995
11998
11999
12000
12001
12003
12004
12005
12007
12008
12009
12010
12011
12012
12013
12014
12017
12018
12020
12021
12022
12023
12030
12031
12032
12033
12034
12036
12038
12039
12040
12042
12044
12046
12047
12048
12049
12050
12051
12052
12056
12059
12060
12061
12063
12065
12066
12067
12070
12071
12072
12073
12074
12075
12077
12078
12079
12081
12082
12083
12084
12085
12086
12087
12088
12090
12091
12093
12094
12095
12097
12098
12099
12100
12101
12103
12105
12106
12108
12113
12115
12116
12117
12118
12119
12125
12128
12132
12133
12135
12136
12137
12138
12139
12140
12141
12142
12143
12144
12148
12149
12150
12152
12153
12154
12155
12156
12158
12160
12161
12163
12164
12165
12167
12168
12169
12172
12174
12175
12176
12178
12179
12180
12182
12183
12184
12186
12187
12189
12190
12191
12198
12200
12201
12202
12203
12208
12210
12211
12212
12213
12214
12216
12217
12218
12224
12226
12228
12229
12230
12231
12232
12233
12235
12236
12239
12240
12241
12242
12243
12244
12245
12246
12247
12248
12250
12254
12256
12258
12260
12262
12264
12265
12267
12268
12272
12274
12276
12277
12279
12280
12282
12283
12284
12286
12287
12291
12292
12295
12296
12298
12299
12303
12304
12307
12308
12312
12313
12314
12315
12316
12317
12318
12320
12321
12322
12323
12324
12325
12326
12327
12332
12333
12334
12335
12336
12338
12340
12341
12345
12347
12349
12351
12352
12353
12354
12356
12358
12359
12360
12362
12363
12364
12366
12368
12370
12371
12372
12373
12374
12377
12378
12382
12388
12389
12390
12391
12393
12396
12398
12400
12401
12402
12403
12405
12406
12407
12409
12410
12411
12412
12413
12415
12419
12420
12421
12422
12423
12426
12427
12428
12430
12432
12433
12434
12435
12436
12437
12440
12441
12444
12446
12448
12450
12451
12452
12453
12455
12456
12457
12458
12459
12461
12462
12463
12464
12466
12469
12470
12472
12473
12475
12476
12480
12483
12484
12485
12486
12489
12490
12491
12492
12493
12495
12496
12498
12500
12502
12503
12504
12506
12507
12508
12509
12510
12511
12512
12513
12514
12515
12517
12518
12519
12520
12521
12525
12526
12527
12531
12532
12533
12534
12535
12536
12537
12539
12540
12542
12543
12544
12546
12548
12549
12551
12552
12553
12554
12556
12557
12560
12561
12563
12564
12566
12567
12568
12569
12570
12572
12573
12574
12576
12577
12578
12579
12580
12581
12583
12585
12586
12587
12589
12591
12592
12593
12594
12595
12596
12598
12600
12601
12602
12603
12605
12606
12610
12611
12613
12615
12617
12618
12620
12621
12622
12623
12624
12625
12627
12628
12629
12631
12633
12635
12636
12638
12639
12640
12641
12642
12643
12646
12649
12651
12652
12653
12655
12656
12657
12658
12659
12661
12662
12663
12666
12669
12671
12672
12673
12674
12675
12676
12677
12678
12681
12683
12684
12685
12686
12688
12689
12690
12691
12692
12694
12695
12697
12698
12701
12702
12703
12704
12707
12708
12709
12710
12713
12714
12716
12719
12720
12722
12723
12724
12725
12726
12727
12728
12730
12736
12737
12738
12739
12740
12741
12742
12743
12745
12747
12748
12749
12750
12751
12752
12753
12754
12755
12756
12757
12759
12760
12764
12765
12766
12767
12768
12769
12770
12771
12773
12776
12777
12781
12782
12784
12785
12787
12788
12790
12791
12792
12795
12796
12797
12798
12800
12802
12803
12804
12805
12806
12808
12809
12810
12812
12813
12814
12815
12816
12817
12818
12820
12821
12825
12826
12827
12828
12832
12833
12834
12836
12837
12839
12841
12842
12846
12847
12850
12853
12854
12856
12857
12858
12860
12861
12862
12863
12865
12866
12869
12870
12871
12872
12873
12874
12876
12877
12879
12880
12881
12882
12883
12885
12886
12887
12888
12889
12890
12892
12895
12902
12904
12905
12906
12907
12908
12911
12913
12916
12917
12918
12920
12922
12923
12924
12925
12926
12927
12928
12929
12930
12931
12933
12934
12935
12936
12939
12940
12941
12943
12944
12946
12947
12948
12949
12950
12952
12953
12956
12957
12958
12960
12961
12962
12963
12966
12967
12969
12972
12974
12975
12976
12977
12978
12979
12984
12985
12987
12989
12990
12991
12992
12993
12995
12996
13002
13003
13005
13006
13007
13008
13009
13010
13011
13015
13018
13019
13022
13023
13024
13026
13027
13028
13029
13031
13032
13033
13035
13038
13039
13040
13041
13042
13044
13046
13047
13048
13049
13051
13052
13053
13054
13055
13056
13058
13059
13062
13063
13064
13066
13067
13072
13074
13075
13077
13078
13079
13080
13081
13082
13083
13085
13086
13087
13088
13089
13091
13093
13095
13096
13098
13099
13100
13102
13104
13106
13107
13108
13110
13113
13114
13115
13116
13117
13118
13119
13121
13129
13131
13132
13133
13134
13137
13138
13141
13143
13146
13147
13148
13149
13153
13154
13155
13156
13157
13158
13159
13160
13162
13163
13165
13166
13167
13168
13169
13171
13173
13174
13176
13180
13181
13182
13184
13185
13186
13187
13189
13190
13192
13193
13194
13197
13199
13200
13201
13203
13204
13205
13206
13207
13208
13209
13210
13211
13212
13213
13215
13216
13218
13219
13221
13222
13224
13225
13226
13227
13229
13230
13232
13234
13235
13237
13240
13241
13242
13244
13246
13247
13248
13249
13251
13252
13256
13258
13259
13260
13261
13264
13266
13267
13268
13269
13270
13274
13275
13276
13277
13278
13280
13283
13284
13285
13286
13287
13288
13289
13291
13293
13295
13296
13297
13298
13300
13301
13302
13306
13308
13309
13311
13312
13314
13316
13317
13318
13319
13320
13321
13322
13324
13327
13328
13330
13333
13335
13336
13337
13338
13339
13342
13344
13346
13347
13348
13349
13351
13352
13355
13356
13357
13360
13362
13363
13364
13366
13368
13369
13370
13371
13374
13375
13376
13377
13378
13380
13382
13383
13385
13386
13390
13391
13392
13394
13396
13398
13402
13403
13404
13405
13406
13407
13408
13409
13411
13412
13414
13415
13416
13418
13421
13422
13423
13425
13426
13427
13428
13429
13430
13432
13433
13434
13435
13436
13437
13439
13440
13441
13442
13443
13445
13447
13448
13449
13451
13452
13453
13454
13455
13456
13457
13459
13460
13461
13462
13463
13464
13465
13467
13469
13470
13471
13473
13475
13476
13477
13479
13480
13481
13483
13484
13485
13487
13488
13490
13491
13492
13493
13494
13495
13496
13498
13499
13501
13502
13503
13504
13505
13506
13509
13511
13513
13514
13516
13517
13519
13520
13521
13522
13523
13528
13529
13531
13532
13533
13536
13537
13539
13540
13541
13542
13544
13546
13547
13548
13550
13553
13555
13558
13559
13561
13563
13564
13569
13570
13571
13572
13574
13575
13577
13579
13580
13581
13583
13584
13585
13587
13589
13590
13591
13592
13593
13594
13595
13596
13598
13599
13600
13601
13603
13604
13605
13606
13608
13609
13611
13612
13613
13614
13617
13618
13619
13620
13622
13623
13624
13625
13626
13627
13629
13631
13633
13634
13635
13637
13638
13640
13641
13642
13643
13645
13646
13647
13648
13650
13651
13652
13656
13657
13659
13660
13661
13664
13665
13667
13668
13669
13670
13671
13672
13673
13674
13676
13677
13678
13679
13680
13681
13683
13684
13685
13686
13688
13689
13690
13692
13693
13694
13699
13700
13701
13703
13704
13706
13709
13711
13713
13716
13717
13718
13720
13721
13722
13723
13725
13727
13728
13729
13730
13733
13734
13735
13736
13741
13742
13743
13744
13745
13747
13748
13749
13750
13751
13752
13753
13754
13755
13757
13758
13759
13760
13763
13764
13765
13766
13768
13769
13770
13771
13772
13773
13775
13777
13779
13780
13781
13783
13784
13785
13786
13789
13796
13798
13799
13800
13801
13802
13803
13804
13805
13808
13809
13810
13811
13813
13815
13816
13817
13818
13821
13822
13823
13824
13825
13826
13827
13828
13829
13831
13833
13835
13836
13837
13838
13840
13842
13843
13844
13845
13847
13848
13850
13851
13853
13854
13855
13856
13858
13861
13863
13865
13866
13870
13871
13872
13873
13875
13877
13879
13880
13881
13883
13884
13887
13888
13889
13890
13892
13894
13896
13899
13900
13901
13902
13903
13904
13905
13906
13908
13909
13910
13911
13912
13914
13916
13917
13918
13919
13920
13921
13922
13924
13925
13926
13927
13928
13929
13930
13931
13935
13937
13938
13939
13941
13943
13944
13945
13946
13948
13951
13954
13955
13958
13959
13960
13961
13963
13964
13966
13967
13969
13971
13975
13976
13977
13978
13979
13984
13985
13987
13988
13991
13992
13993
13994
13996
13997
13998
14000
14003
14004
14006
14007
14008
14009
14010
14012
14013
14014
14015
14017
14018
14020
14021
14022
14023
14025
14026
14027
14030
14031
14032
14033
14034
14035
14036
14037
14038
14040
14041
14042
14044
14045
14046
14047
14050
14052
14055
14056
14057
14058
14059
14060
14062
14063
14064
14065
14066
14068
14071
14072
14074
14077
14078
14079
14080
14081
14082
14083
14084
14085
14088
14089
14090
14091
14093
14094
14095
14096
14098
14099
14100
14101
14103
14105
14108
14109
14110
14111
14112
14113
14114
14115
14116
14118
14119
14120
14122
14124
14125
14126
14128
14130
14131
14132
14133
14134
14135
14136
14144
14146
14147
14148
14149
14150
14151
14152
14153
14157
14158
14160
14162
14163
14164
14165
14166
14167
14169
14173
14175
14177
14178
14180
14182
14183
14184
14186
14188
14189
14191
14192
14193
14194
14195
14198
14200
14202
14203
14205
14206
14207
14208
14209
14210
14212
14215
14216
14217
14219
14221
14222
14224
14225
14228
14229
14230
14231
14232
14235
14236
14237
14239
14242
14243
14244
14245
14249
14250
14251
14252
14254
14255
14256
14257
14259
14262
14263
14265
14266
14269
14271
14272
14273
14274
14275
14277
14278
14280
14281
14282
14283
14284
14286
14288
14289
14290
14291
14292
14293
14294
14295
14298
14299
14301
14303
14308
14310
14311
14312
14313
14315
14317
14318
14319
14321
14323
14325
14326
14328
14329
14331
14335
14336
14339
14341
14343
14345
14346
14347
14348
14349
14350
14351
14353
14355
14356
14357
14359
14361
14362
14363
14365
14367
14368
14369
14370
14371
14373
14374
14375
14376
14377
14379
14380
14382
14383
14385
14387
14388
14391
14392
14394
14397
14398
14399
14401
14402
14404
14405
14406
14408
14409
14410
14411
14413
14414
14415
14416
14418
14419
14420
14422
14423
14425
14426
14428
14429
14431
14432
14434
14435
14436
14437
14438
14445
14447
14448
14449
14450
14453
14454
14455
14456
14458
14461
14462
14463
14464
14465
14468
14469
14470
14471
14472
14473
14475
14477
14478
14479
14480
14481
14482
14483
14484
14485
14486
14487
14489
14492
14493
14495
14496
14497
14499
14503
14504
14505
14506
14508
14509
14510
14512
14513
14514
14515
14519
14520
14521
14522
14523
14524
14525
14526
14527
14528
14529
14530
14532
14533
14537
14538
14539
14540
14541
14542
14543
14544
14547
14549
14550
14551
14552
14553
14554
14555
14556
14557
14558
14559
14560
14561
14565
14566
14568
14569
14570
14571
14572
14573
14575
14577
14578
14579
14581
14582
14584
14587
14588
14589
14590
14591
14592
14593
14594
14595
14597
14598
14600
14601
14603
14605
14606
14608
14610
14611
14612
14613
14614
14615
14618
14619
14620
14621
14623
14625
14626
14627
14628
14629
14631
14632
14633
14637
14638
14639
14641
14642
14643
14645
14647
14650
14651
14652
14653
14654
14655
14657
14658
14659
14660
14661
14662
14663
14664
14665
14666
14667
14669
14671
14673
14674
14675
14676
14677
14678
14679
14680
14683
14684
14685
14686
14687
14688
14690
14691
14692
14696
14697
14698
14699
14700
14701
14702
14703
14704
14705
14707
14708
14709
14712
14713
14715
14716
14719
14720
14724
14725
14726
14727
14728
14729
14730
14734
14736
14737
14738
14739
14740
14741
14744
14745
14746
14747
14750
14752
14754
14755
14756
14758
14760
14761
14762
14763
14765
14767
14768
14769
14770
14771
14772
14773
14774
14775
14779
14780
14781
14782
14783
14784
14785
14787
14788
14789
14790
14791
14792
14793
14794
14797
14798
14800
14801
14803
14805
14806
14807
14808
14809
14810
14813
14814
14815
14816
14818
14821
14822
14823
14824
14825
14826
14827
14828
14830
14831
14833
14835
14837
14838
14839
14840
14842
14845
14846
14848
14849
14850
14853
14854
14855
14856
14857
14859
14860
14861
14862
14863
14865
14866
14867
14870
14876
14877
14878
14880
14882
14883
14884
14885
14886
14888
14890
14893
14895
14896
14897
14899
14900
14902
14903
14904
14905
14907
14908
14909
14910
14911
14912
14913
14914
14915
14917
14918
14919
14921
14922
14923
14926
14927
14930
14931
14937
14938
14939
14940
14941
14942
14943
14944
14947
14948
14949
14950
14951
14952
14953
14955
14956
14958
14959
14960
14963
14964
14965
14967
14968
14969
14970
14972
14973
14975
14976
14977
14979
14981
14982
14983
14986
14987
14988
14990
14991
14992
14994
14995
14996
14997
14998
15004
15011
15014
15015
15016
15019
15020
15021
15022
15023
15029
15030
15031
15032
15033
15034
15037
15038
15040
15045
15046
15047
15049
15050
15053
15055
15058
15060
15062
15063
15064
15065
15066
15068
15069
15070
15071
15072
15073
15075
15076
15078
15081
15082
15083
15084
15085
15086
15088
15089
15092
15095
15097
15098
15099
15101
15102
15105
15106
15108
15110
15113
15114
15115
15116
15118
15120
15122
15123
15124
15125
15130
15131
15132
15133
15135
15137
15138
15139
15140
15141
15142
15143
15144
15145
15146
15147
15149
15151
15152
15155
15160
15164
15165
15166
15167
15170
15171
15172
15174
15176
15177
15178
15179
15180
15181
15182
15186
15187
15189
15190
15192
15193
15194
15195
15196
15198
15199
15201
15202
15203
15204
15206
15207
15209
15211
15212
15213
15216
15217
15218
15219
15220
15221
15223
15225
15226
15227
15228
15230
15233
15234
15235
15236
15238
15239
15240
15242
15243
15244
15245
15246
15248
15249
15253
15255
15259
15260
15261
15262
15263
15268
15269
15270
15271
15273
15274
15275
15276
15278
15279
15281
15282
15285
15286
15287
15288
15289
15290
15291
15292
15293
15295
15296
15297
15299
15300
15303
15304
15305
15306
15307
15308
15310
15314
15316
15317
15318
15321
15322
15323
15324
15325
15326
15328
15330
15331
15332
15334
15335
15336
15337
15338
15342
15343
15344
15345
15348
15350
15351
15354
15355
15356
15358
15359
15362
15363
15364
15367
15368
15370
15371
15372
15374
15375
15377
15378
15380
15381
15384
15385
15386
15387
15388
15389
15392
15394
15398
15399
15401
15402
15403
15405
15409
15410
15411
15414
15415
15418
15421
15422
15423
15424
15425
15426
15428
15429
15430
15432
15434
15436
15437
15439
15440
15441
15442
15444
15445
15446
15447
15448
15449
15450
15451
15452
15453
15454
15455
15456
15457
15461
15462
15463
15464
15470
15471
15472
15473
15474
15475
15477
15478
15479
15480
15481
15482
15483
15484
15485
15486
15488
15490
15491
15492
15493
15494
15495
15497
15498
15499
15500
15502
15504
15505
15508
15509
15510
15511
15512
15513
15514
15515
15517
15518
15519
15520
15522
15524
15530
15531
15532
15534
15535
15536
15537
15538
15539
15540
15541
15542
15543
15546
15547
15548
15549
15550
15551
15552
15553
15555
15556
15557
15558
15560
15561
15562
15563
15564
15565
15566
15567
15569
15570
15571
15572
15573
15574
15576
15578
15579
15580
15584
15585
15588
15589
15591
15592
15593
15594
15595
15596
15600
15602
15604
15605
15606
15608
15611
15613
15614
15615
15616
15617
15619
15622
15625
15628
15629
15630
15631
15632
15633
15634
15635
15636
15637
15639
15640
15641
15642
15643
15644
15645
15646
15647
15648
15649
15650
15652
15653
15654
15655
15657
15658
15659
15660
15664
15665
15666
15667
15668
15669
15670
15671
15672
15675
15677
15678
15680
15681
15682
15684
15685
15686
15687
15688
15689
15690
15691
15692
15693
15694
15696
15698
15699
15701
15703
15704
15705
15706
15707
15708
15709
15710
15712
15713
15714
15715
15716
15719
15720
15722
15724
15726
15727
15728
15730
15731
15732
15733
15734
15735
15738
15739
15740
15742
15743
15745
15747
15748
15749
15750
15751
15752
15753
15755
15756
15757
15759
15760
15761
15763
15764
15765
15766
15768
15769
15771
15772
15773
15776
15777
15778
15779
15782
15785
15787
15788
15789
15790
15792
15793
15794
15795
15796
15797
15798
15799
15800
15801
15802
15803
15804
15808
15813
15814
15815
15816
15822
15824
15825
15827
15828
15829
15830
15835
15837
15838
15840
15841
15845
15846
15847
15848
15849
15852
15853
15855
15856
15858
15859
15860
15864
15865
15866
15867
15868
15869
15870
15872
15875
15876
15877
15878
15881
15882
15883
15885
15888
15889
15890
15891
15896
15897
15898
15900
15902
15903
15905
15906
15908
15909
15911
15912
15913
15914
15915
15916
15917
15918
15919
15920
15921
15922
15923
15924
15925
15926
15928
15929
15934
15936
15937
15939
15940
15942
15943
15945
15946
15947
15948
15949
15950
15951
15952
15955
15956
15957
15958
15959
15961
15963
15965
15966
15968
15969
15973
15974
15975
15976
15977
15978
15979
15980
15981
15984
15985
15986
15989
15990
15991
15992
15993
15995
15996
15997
15999
16000
16002
16003
16009
16010
16013
16014
16015
16016
16017
16018
16019
16021
16022
16023
16024
16025
16026
16027
16030
16032
16033
16034
16035
16036
16041
16043
16044
16045
16048
16050
16053
16054
16056
16057
16059
16062
16064
16067
16068
16069
16071
16073
16074
16075
16076
16079
16080
16082
16083
16086
16087
16089
16091
16092
16094
16096
16097
16098
16099
16101
16102
16103
16104
16105
16106
16107
16109
16110
16112
16113
16114
16115
16116
16117
16119
16120
16121
16123
16125
16126
16127
16128
16129
16131
16133
16134
16135
16136
16138
16140
16141
16142
16143
16144
16145
16146
16148
16149
16150
16152
16154
16155
16156
16157
16160
16161
16163
16165
16168
16172
16173
16174
16177
16178
16179
16180
16183
16184
16185
16186
16188
16189
16190
16193
16195
16196
16197
16198
16199
16201
16203
16205
16206
16208
16209
16210
16211
16212
16213
16215
16216
16217
16218
16220
16221
16222
16223
16224
16225
16228
16229
16230
16231
16232
16235
16236
16239
16240
16241
16242
16243
16244
16245
16246
16247
16248
16250
16251
16254
16255
16256
16258
16259
16260
16263
16265
16267
16269
16272
16274
16277
16278
16279
16282
16283
16284
16285
16287
16288
16289
16290
16293
16294
16296
16297
16298
16299
16301
16302
16303
16305
16306
16309
16310
16311
16312
16313
16314
16315
16316
16317
16319
16320
16321
16322
16323
16325
16326
16328
16329
16330
16331
16332
16333
16335
16337
16340
16341
16342
16343
16345
16347
16350
16352
16353
16354
16355
16356
16360
16361
16362
16366
16367
16369
16370
16371
16372
16373
16375
16376
16378
16380
16381
16382
16383
16384
16385
16389
16390
16391
16392
16393
16394
16395
16396
16397
16398
16399
16402
16403
16404
16405
16406
16407
16410
16411
16412
16413
16415
16418
16420
16422
16423
16424
16425
16428
16429
16431
16432
16436
16437
16438
16439
16441
16443
16447
16448
16449
16450
16451
16452
16453
16455
16457
16458
16459
16461
16462
16464
16465
16466
16468
16469
16470
16471
16473
16474
16477
16478
16479
16480
16481
16482
16486
16487
16489
16491
16492
16493
16494
16495
16496
16497
16498
16499
16500
16502
16503
16504
16508
16510
16511
16513
16514
16516
16517
16518
16520
16521
16522
16523
16524
16525
16526
16528
16529
16530
16531
16532
16534
16535
16536
16537
16538
16539
16540
16541
16542
16543
16545
16546
16547
16548
16549
16550
16552
16554
16555
16557
16558
16559
16560
16561
16562
16563
16564
16565
16566
16568
16569
16570
16571
16572
16573
16574
16576
16577
16578
16581
16582
16583
16584
16586
16588
16589
16590
16591
16594
16596
16597
16599
16600
16601
16602
16604
16605
16607
16609
16610
16611
16612
16613
16615
16616
16617
16619
16620
16621
16623
16624
16625
16626
16628
16629
16630
16631
16633
16634
16635
16640
16641
16642
16643
16644
16646
16652
16654
16655
16657
16658
16659
16660
16663
16664
16665
16666
16667
16668
16670
16671
16673
16674
16675
16676
16677
16678
16679
16680
16681
16682
16685
16687
16688
16689
16690
16691
16692
16693
16696
16697
16698
16699
16700
16701
16703
16704
16705
16706
16707
16708
16710
16711
16713
16715
16716
16717
16718
16720
16724
16725
16726
16727
16728
16730
16732
16733
16737
16738
16739
16740
16741
16742
16744
16745
16746
16749
16753
16754
16756
16759
16760
16761
16762
16763
16764
16765
16766
16769
16770
16771
16772
16774
16776
16777
16778
16779
16781
16782
16783
16784
16786
16787
16790
16791
16792
16793
16796
16798
16799
16803
16804
16805
16806
16808
16809
16813
16814
16815
16816
16817
16818
16819
16821
16822
16824
16826
16827
16828
16829
16830
16831
16833
16834
16835
16836
16837
16838
16839
16840
16841
16842
16843
16844
16845
16846
16847
16848
16849
16852
16853
16855
16856
16857
16858
16860
16862
16863
16864
16866
16868
16869
16870
16872
16874
16876
16877
16878
16879
16881
16882
16883
16884
16885
16887
16888
16889
16891
16892
16894
16896
16897
16898
16899
16900
16901
16902
16905
16907
16909
16911
16912
16914
16915
16916
16918
16920
16921
16922
16924
16925
16926
16927
16928
16929
16931
16932
16934
16936
16937
16938
16939
16941
16943
16945
16946
16947
16948
16949
16952
16953
16954
16958
16959
16961
16962
16963
16964
16965
16966
16967
16968
16969
16971
16972
16973
16976
16977
16978
16979
16981
16982
16984
16985
16988
16991
16992
16993
16995
16996
16998
16999
17001
17002
17003
17004
17006
17012
17013
17016
17019
17020
17022
17023
17024
17027
17028
17029
17030
17031
17033
17034
17036
17039
17040
17041
17042
17043
17044
17046
17047
17048
17049
17052
17053
17054
17055
17057
17058
17059
17061
17062
17063
17066
17067
17069
17070
17071
17072
17073
17074
17076
17077
17078
17080
17081
17082
17083
17084
17085
17086
17087
17088
17089
17092
17094
17095
17096
17098
17099
17100
17101
17102
17103
17104
17105
17108
17109
17111
17112
17113
17114
17118
17121
17122
17123
17124
17125
17126
17127
17128
17129
17131
17132
17133
17135
17136
17137
17138
17143
17145
17146
17148
17149
17150
17151
17152
17154
17155
17156
17157
17159
17160
17162
17163
17164
17165
17166
17167
17169
17170
17172
17174
17175
17177
17178
17179
17180
17181
17183
17184
17186
17188
17190
17191
17192
17193
17194
17196
17197
17198
17199
17202
17203
17204
17205
17208
17210
17211
17212
17213
17215
17216
17217
17219
17220
17221
17222
17223
17225
17227
17228
17229
17230
17232
17233
17234
17235
17236
17237
17238
17239
17240
17242
17243
17245
17246
17247
17248
17249
17250
17255
17256
17257
17259
17260
17262
17263
17264
17265
17266
17267
17268
17269
17271
17272
17273
17275
17276
17278
17283
17284
17285
17286
17287
17288
17290
17293
17295
17297
17300
17302
17303
17304
17305
17306
17307
17309
17310
17311
17312
17313
17315
17319
17320
17321
17324
17326
17327
17328
17329
17330
17332
17333
17334
17335
17337
17338
17339
17342
17343
17344
17346
17347
17348
17349
17350
17353
17354
17356
17358
17359
17360
17362
17363
17365
17367
17369
17370
17372
17375
17376
17379
17380
17381
17382
17383
17384
17385
17387
17388
17389
17391
17392
17394
17395
17396
17397
17398
17399
17401
17402
17403
17404
17405
17406
17408
17409
17410
17411
17412
17413
17414
17415
17416
17419
17421
17422
17423
17424
17425
17426
17427
17428
17429
17430
17431
17432
17433
17434
17436
17438
17440
17441
17442
17444
17445
17448
17449
17451
17453
17454
17457
17458
17462
17463
17464
17466
17467
17468
17469
17470
17471
17473
17475
17476
17478
17480
17483
17484
17485
17488
17490
17491
17493
17495
17496
17497
17501
17502
17504
17505
17506
17507
17508
17509
17510
17511
17512
17516
17519
17520
17521
17524
17525
17527
17528
17532
17533
17536
17538
17541
17542
17543
17545
17546
17547
17548
17550
17551
17552
17553
17554
17556
17559
17563
17564
17565
17567
17568
17570
17571
17572
17573
17575
17576
17577
17579
17580
17581
17584
17585
17586
17589
17590
17591
17592
17593
17594
17598
17599
17600
17601
17604
17606
17607
17609
17610
17612
17614
17615
17616
17617
17619
17622
17623
17625
17629
17631
17632
17634
17635
17636
17637
17640
17641
17642
17644
17645
17646
17647
17648
17650
17651
17653
17654
17655
17656
17657
17659
17660
17661
17662
17664
17666
17667
17668
17670
17675
17676
17683
17684
17686
17687
17690
17691
17692
17693
17694
17696
17697
17699
17701
17702
17703
17704
17705
17706
17707
17709
17710
17712
17713
17714
17715
17716
17718
17719
17720
17721
17722
17723
17724
17725
17726
17727
17728
17731
17732
17734
17737
17738
17739
17740
17741
17742
17743
17745
17747
17748
17751
17752
17754
17755
17757
17759
17760
17761
17764
17765
17766
17768
17769
17770
17772
17774
17776
17777
17778
17779
17780
17781
17782
17783
17784
17785
17786
17787
17788
17789
17792
17793
17794
17795
17798
17799
17801
17802
17803
17805
17807
17809
17810
17811
17812
17814
17815
17816
17818
17820
17821
17823
17824
17826
17827
17830
17831
17832
17834
17835
17837
17841
17842
17843
17844
17845
17846
17847
17848
17850
17851
17852
17854
17855
17857
17859
17861
17862
17863
17864
17865
17867
17868
17871
17875
17876
17877
17878
17879
17881
17882
17885
17886
17887
17888
17889
17892
17893
17894
17896
17897
17898
17899
17901
17902
17903
17904
17905
17906
17907
17908
17910
17911
17913
17916
17917
17918
17919
17921
17922
17923
17925
17928
17929
17932
17936
17940
17942
17944
17945
17946
17948
17949
17950
17951
17952
17953
17955
17960
17961
17962
17964
17965
17966
17968
17970
17971
17972
17974
17976
17978
17981
17982
17985
17986
17988
17989
17990
17991
17992
17993
17994
17995
17996
17997
17999
18000
18001
18005
18006
18009
18010
18011
18013
18014
18015
18016
18017
18018
18020
18021
18025
18026
18027
18029
18030
18031
18032
18036
18038
18039
18040
18041
18043
18045
18047
18049
18052
18053
18054
18055
18057
18058
18059
18060
18062
18063
18065
18066
18067
18068
18069
18071
18072
18073
18075
18077
18078
18082
18083
18084
18086
18088
18089
18090
18091
18093
18094
18095
18096
18098
18099
18101
18102
18103
18104
18106
18107
18109
18111
18116
18117
18118
18119
18121
18123
18124
18125
18126
18128
18129
18130
18131
18133
18134
18138
18140
18143
18144
18145
18146
18147
18150
18153
18154
18158
18159
18161
18162
18163
18164
18166
18168
18169
18171
18174
18176
18177
18178
18179
18180
18182
18184
18187
18189
18190
18191
18194
18198
18200
18202
18204
18205
18206
18207
18210
18212
18214
18216
18218
18219
18220
18221
18222
18223
18224
18225
18228
18229
18230
18231
18233
18235
18237
18239
18241
18242
18243
18244
18245
18246
18247
18248
18249
18251
18252
18253
18254
18255
18257
18258
18259
18261
18262
18264
18265
18266
18268
18269
18270
18271
18272
18273
18274
18279
18280
18282
18283
18284
18285
18286
18288
18291
18292
18293
18296
18297
18299
18300
18303
18304
18307
18308
18310
18312
18313
18315
18317
18318
18319
18320
18321
18322
18323
18324
18327
18329
18333
18335
18337
18339
18342
18343
18346
18347
18348
18350
18351
18352
18354
18355
18358
18360
18361
18362
18363
18364
18366
18368
18371
18374
18375
18377
18379
18380
18381
18382
18385
18386
18387
18388
18389
18390
18391
18393
18394
18395
18396
18397
18398
18399
18400
18401
18403
18405
18406
18408
18409
18410
18411
18412
18415
18416
18418
18419
18420
18423
18424
18425
18428
18429
18430
18431
18433
18434
18435
18436
18439
18440
18443
18445
18446
18448
18449
18450
18451
18452
18453
18454
18455
18456
18461
18464
18465
18467
18469
18471
18472
18474
18475
18476
18477
18479
18480
18481
18483
18486
18488
18490
18493
18494
18496
18497
18498
18499
18500
18501
18502
18503
18504
18505
18506
18507
18508
18509
18511
18513
18517
18518
18522
18523
18525
18526
18527
18529
18531
18532
18534
18535
18537
18538
18540
18543
18545
18546
18548
18549
18550
18552
18553
18555
18556
18557
18560
18561
18562
18564
18565
18566
18568
18570
18572
18574
18576
18577
18578
18579
18580
18581
18582
18583
18584
18585
18586
18588
18589
18590
18591
18592
18593
18594
18596
18597
18599
18600
18603
18607
18608
18609
18610
18611
18612
18614
18616
18618
18619
18620
18622
18623
18624
18625
18628
18629
18631
18632
18634
18635
18636
18638
18639
18640
18641
18642
18644
18646
18647
18649
18651
18652
18653
18654
18656
18657
18662
18663
18664
18666
18667
18669
18671
18672
18673
18675
18676
18677
18679
18680
18681
18682
18683
18684
18685
18687
18688
18689
18690
18691
18693
18694
18695
18696
18701
18702
18703
18704
18705
18707
18710
18711
18712
18713
18715
18716
18718
18719
18723
18724
18726
18727
18728
18729
18733
18736
18738
18741
18744
18745
18746
18747
18749
18750
18751
18752
18753
18754
18755
18757
18758
18759
18760
18763
18764
18765
18766
18768
18769
18770
18771
18772
18773
18774
18775
18776
18779
18780
18781
18782
18785
18787
18788
18789
18790
18791
18792
18793
18794
18795
18796
18797
18798
18799
18800
18801
18802
18803
18805
18808
18810
18812
18813
18815
18816
18817
18818
18819
18823
18824
18825
18827
18828
18831
18832
18834
18835
18836
18837
18838
18839
18843
18844
18845
18846
18847
18850
18853
18855
18857
18858
18859
18860
18861
18862
18863
18864
18865
18867
18869
18870
18872
18873
18874
18876
18877
18878
18879
18880
18881
18882
18883
18884
18885
18886
18888
18890
18891
18892
18893
18894
18896
18897
18898
18899
18901
18902
18903
18905
18907
18909
18910
18911
18912
18913
18914
18915
18916
18917
18918
18919
18921
18923
18927
18928
18930
18931
18932
18934
18936
18937
18939
18940
18941
18944
18945
18946
18947
18948
18949
18950
18951
18952
18953
18955
18956
18959
18960
18962
18964
18966
18967
18968
18969
18970
18971
18972
18973
18974
18975
18977
18978
18982
18983
18985
18988
18990
18992
18993
18994
18995
18996
19001
19002
19005
19009
19010
19011
19012
19013
19014
19015
19017
19019
19020
19021
19022
19023
19024
19025
19026
19027
19028
19030
19031
19032
19033
19034
19036
19037
19039
19041
19042
19044
19045
19047
19048
19049
19051
19053
19055
19057
19058
19059
19061
19064
19065
19067
19068
19071
19073
19074
19075
19076
19077
19079
19080
19083
19084
19085
19086
19087
19088
19089
19091
19093
19094
19096
19098
19099
19103
19105
19106
19108
19109
19110
19114
19115
19117
19118
19121
19122
19123
19125
19126
19127
19128
19129
19133
19134
19135
19137
19138
19140
19141
19142
19143
19145
19146
19150
19151
19152
19153
19154
19155
19159
19160
19162
19163
19164
19166
19167
19168
19170
19172
19174
19175
19176
19177
19181
19182
19185
19188
19190
19191
19192
19193
19194
19195
19197
19200
19201
19202
19203
19204
19206
19207
19210
19211
19212
19213
19214
19215
19216
19218
19219
19222
19223
19224
19225
19227
19230
19231
19232
19233
19234
19236
19237
19238
19239
19241
19242
19243
19244
19246
19248
19249
19250
19251
19252
19253
19256
19258
19259
19260
19261
19263
19264
19265
19266
19268
19269
19271
19272
19273
19274
19275
19276
19277
19278
19280
19281
19284
19285
19286
19287
19288
19290
19291
19292
19293
19294
19295
19296
19297
19298
19299
19300
19301
19302
19303
19304
19305
19306
19307
19308
19309
19310
19311
19312
19313
19314
19315
19316
19317
19318
19319
19320
19322
19323
19324
19325
19327
19329
19330
19331
19332
19333
19334
19337
19338
19340
19342
19343
19345
19346
19347
19348
19351
19352
19354
19355
19356
19357
19358
19360
19361
19363
19365
19366
19367
19369
19371
19372
19373
19374
19376
19377
19379
19380
19382
19383
19384
19385
19386
19388
19389
19392
19393
19394
19395
19396
19397
19399
19400
19401
19403
19404
19405
19407
19408
19411
19412
19416
19417
19418
19419
19423
19424
19425
19426
19427
19428
19429
19430
19431
19435
19436
19437
19440
19442
19443
19445
19446
19447
19448
19449
19450
19451
19452
19453
19457
19458
19459
19460
19461
19462
19463
19464
19465
19469
19471
19472
19473
19474
19475
19476
19478
19480
19481
19482
19484
19485
19487
19488
19489
19490
19491
19492
19493
19494
19495
19496
19498
19499
19500
19502
19503
19504
19505
19506
19507
19508
19509
19510
19511
19516
19517
19518
19519
19520
19523
19525
19526
19530
19531
19532
19533
19534
19536
19538
19541
19542
19543
19544
19549
19550
19551
19552
19553
19556
19557
19561
19563
19565
19567
19570
19571
19572
19574
19576
19577
19578
19579
19580
19583
19584
19585
19588
19589
19591
19594
19598
19600
19601
19602
19605
19608
19610
19612
19616
19617
19619
19620
19621
19624
19625
19626
19627
19629
19630
19631
19634
19635
19636
19638
19639
19640
19641
19643
19644
19645
19646
19647
19648
19649
19650
19653
19656
19657
19659
19660
19661
19662
19663
19664
19665
19666
19667
19668
19669
19671
19672
19673
19674
19675
19676
19679
19682
19683
19684
19689
19692
19693
19694
19695
19697
19698
19700
19701
19703
19704
19705
19706
19707
19710
19711
19713
19714
19716
19717
19718
19719
19721
19722
19723
19724
19726
19727
19729
19730
19731
19732
19733
19735
19736
19737
19739
19740
19742
19743
19744
19745
19748
19749
19750
19751
19752
19753
19754
19756
19759
19760
19762
19765
19766
19768
19769
19771
19773
19774
19775
19776
19777
19778
19779
19783
19784
19786
19787
19788
19789
19790
19792
19795
19796
19799
19804
19805
19806
19808
19809
19811
19812
19813
19814
19815
19816
19817
19818
19819
19821
19822
19823
19824
19825
19826
19827
19828
19829
19830
19834
19835
19836
19837
19838
19839
19840
19842
19844
19845
19846
19847
19848
19850
19851
19852
19853
19854
19855
19856
19858
19859
19860
19862
19864
19865
19867
19869
19870
19871
19872
19874
19875
19876
19877
19878
19879
19880
19881
19883
19884
19886
19888
19893
19894
19897
19898
19900
19901
19903
19904
19905
19907
19909
19910
19911
19912
19915
19917
19918
19919
19920
19922
19924
19926
19927
19928
19930
19931
19932
19933
19934
19936
19937
19939
19942
19943
19944
19945
19946
19947
19948
19950
19952
19953
19955
19956
19957
19958
19963
19964
19966
19967
19968
19971
19972
19973
19974
19975
19976
19978
19979
19981
19982
19983
19984
19985
19986
19987
19988
19989
19990
19991
19997
19998
19999
20001
20002
20003
20004
20007
20008
20009
20010
20012
20016
20017
20018
20023
20024
20026
20028
20029
20030
20031
20032
20033
20034
20035
20037
20038
20039
20040
20042
20044
20045
20047
20049
20050
20051
20052
20054
20056
20057
20058
20059
20060
20063
20064
20065
20066
20067
20069
20070
20071
20074
20075
20076
20078
20079
20080
20081
20084
20087
20091
20092
20093
20095
20096
20097
20098
20100
20101
20102
20103
20104
20105
20106
20107
20108
20109
20110
20111
20112
20113
20114
20117
20118
20120
20122
20125
20127
20128
20130
20131
20132
20133
20134
20135
20138
20139
20140
20141
20143
20145
20146
20147
20148
20150
20151
20152
20157
20158
20161
20163
20164
20165
20166
20167
20168
20169
20170
20174
20175
20176
20177
20178
20179
20180
20183
20184
20187
20188
20193
20194
20195
20196
20198
20199
20201
20202
20203
20204
20205
20206
20208
20209
20210
20211
20212
20213
20216
20217
20220
20221
20222
20223
20225
20226
20228
20229
20230
20231
20232
20233
20234
20236
20237
20238
20239
20241
20242
20243
20244
20245
20247
20251
20252
20253
20255
20256
20257
20258
20259
20260
20262
20263
20264
20268
20269
20270
20271
20272
20274
20275
20276
20277
20278
20280
20281
20282
20283
20284
20285
20287
20288
20289
20292
20293
20294
20295
20296
20297
20298
20299
20300
20301
20302
20303
20304
20306
20307
20309
20310
20312
20314
20315
20316
20317
20319
20320
20321
20322
20323
20324
20326
20328
20330
20331
20332
20334
20335
20336
20338
20339
20340
20341
20342
20343
20344
20345
20346
20351
20352
20353
20355
20358
20359
20360
20361
20364
20366
20367
20368
20369
20371
20372
20373
20374
20375
20378
20380
20381
20382
20383
20384
20385
20386
20387
20390
20392
20393
20394
20395
20396
20397
20398
20399
20403
20404
20405
20406
20407
20408
20409
20412
20413
20415
20417
20418
20419
20420
20421
20422
20423
20424
20426
20427
20430
20431
20432
20435
20437
20438
20439
20440
20442
20444
20445
20446
20447
20448
20449
20450
20451
20453
20456
20458
20459
20460
20462
20466
20467
20468
20469
20473
20474
20475
20476
20477
20478
20479
20481
20482
20483
20485
20486
20487
20488
20491
20492
20494
20496
20497
20499
20500
20501
20503
20504
20506
20507
20508
20509
20510
20511
20513
20515
20517
20519
20520
20521
20522
20524
20525
20526
20527
20528
20531
20532
20533
20535
20536
20538
20539
20541
20543
20544
20545
20546
20547
20548
20550
20551
20553
20555
20556
20560
20562
20564
20565
20566
20567
20570
20571
20572
20574
20575
20576
20578
20579
20580
20581
20582
20583
20585
20586
20587
20589
20590
20591
20592
20593
20595
20596
20599
20600
20601
20605
20606
20607
20608
20609
20611
20612
20613
20615
20616
20618
20619
20620
20622
20623
20624
20627
20628
20629
20630
20631
20632
20633
20634
20636
20637
20639
20640
20641
20644
20645
20646
20648
20649
20650
20652
20656
20657
20661
20663
20664
20668
20669
20670
20671
20672
20678
20679
20680
20681
20682
20685
20687
20689
20690
20692
20693
20695
20697
20698
20700
20701
20702
20704
20705
20706
20708
20709
20710
20712
20713
20714
20716
20718
20719
20721
20722
20723
20724
20725
20726
20727
20729
20730
20733
20734
20735
20736
20737
20739
20740
20741
20746
20747
20748
20749
20750
20754
20755
20757
20759
20761
20763
20764
20767
20768
20769
20774
20775
20776
20778
20779
20780
20782
20783
20785
20786
20787
20788
20790
20791
20794
20795
20796
20797
20798
20800
20801
20802
20803
20804
20806
20807
20808
20809
20811
20813
20814
20815
20816
20817
20818
20822
20823
20824
20826
20828
20830
20831
20834
20836
20838
20839
20841
20842
20844
20846
20847
20848
20849
20850
20853
20854
20856
20857
20858
20859
20862
20863
20864
20865
20869
20870
20871
20872
20873
20877
20878
20880
20881
20884
20887
20889
20890
20891
20893
20895
20896
20897
20898
20899
20900
20902
20903
20904
20906
20907
20908
20909
20911
20912
20913
20914
20916
20918
20919
20920
20922
20923
20924
20926
20929
20931
20933
20934
20935
20937
20938
20940
20941
20942
20943
20945
20946
20947
20948
20949
20952
20953
20954
20956
20958
20961
20962
20966
20968
20971
20972
20973
20977
20978
20979
20980
20982
20983
20984
20985
20986
20988
20989
20990
20992
20993
20994
20995
20996
20997
21000
21001
21004
21006
21008
21009
21011
21013
21015
21016
21017
21019
21020
21021
21022
21023
21024
21025
21027
21028
21030
21031
21032
21033
21034
21035
21039
21040
21044
21045
21050
21051
21052
21054
21055
21057
21058
21059
21060
21061
21062
21063
21065
21067
21068
21070
21071
21074
21076
21078
21081
21083
21084
21085
21086
21087
21089
21090
21091
21092
21096
21098
21099
21100
21101
21104
21105
21106
21107
21108
21110
21111
21112
21114
21115
21118
21119
21120
21121
21122
21124
21125
21127
21130
21131
21133
21134
21135
21136
21137
21138
21139
21140
21143
21144
21146
21147
21148
21153
21154
21155
21156
21157
21159
21160
21161
21162
21163
21164
21165
21166
21167
21168
21169
21170
21171
21173
21175
21177
21179
21181
21182
21183
21184
21185
21186
21187
21188
21189
21194
21195
21196
21197
21199
21200
21201
21202
21204
21207
21208
21210
21212
21213
21214
21216
21217
21218
21221
21223
21224
21225
21226
21227
21230
21231
21233
21234
21235
21237
21240
21241
21242
21245
21246
21250
21251
21254
21255
21256
21258
21260
21261
21263
21265
21266
21267
21268
21269
21270
21272
21273
21276
21277
21278
21279
21280
21281
21282
21283
21286
21287
21288
21291
21292
21293
21295
21298
21299
21301
21303
21306
21307
21308
21309
21310
21312
21314
21315
21316
21317
21318
21319
21321
21322
21324
21328
21330
21332
21333
21334
21335
21338
21340
21341
21342
21344
21345
21346
21348
21349
21350
21351
21353
21354
21355
21356
21357
21359
21360
21362
21364
21365
21368
21370
21372
21373
21374
21375
21377
21380
21382
21383
21386
21388
21390
21392
21394
21396
21398
21400
21402
21403
21405
21408
21409
21410
21411
21413
21414
21416
21417
21420
21424
21425
21426
21427
21430
21432
21433
21434
21435
21436
21437
21438
21439
21442
21443
21444
21445
21447
21448
21449
21450
21452
21453
21454
21455
21457
21459
21460
21462
21465
21467
21468
21469
21470
21471
21472
21473
21474
21476
21477
21479
21480
21482
21484
21485
21488
21489
21494
21496
21497
21499
21500
21501
21503
21504
21505
21506
21507
21508
21509
21510
21511
21513
21515
21517
21518
21520
21521
21522
21523
21525
21527
21528
21530
21531
21537
21538
21539
21540
21541
21543
21545
21546
21549
21550
21554
21555
21556
21557
21558
21559
21560
21563
21564
21565
21566
21567
21568
21571
21572
21573
21574
21576
21577
21579
21580
21581
21582
21583
21584
21586
21587
21588
21589
21590
21591
21593
21594
21595
21596
21597
21599
21600
21601
21603
21604
21605
21607
21608
21609
21610
21611
21612
21613
21614
21616
21618
21621
21622
21623
21625
21626
21627
21628
21630
21631
21632
21633
21634
21635
21636
21638
21639
21640
21643
21644
21645
21646
21647
21649
21651
21652
21653
21654
21655
21656
21657
21660
21661
21662
21665
21666
21667
21669
21670
21672
21674
21675
21676
21678
21679
21680
21681
21682
21683
21684
21685
21689
21690
21692
21693
21694
21695
21698
21699
21700
21701
21702
21704
21705
21707
21708
21710
21711
21712
21716
21717
21718
21720
21722
21723
21725
21729
21732
21733
21734
21739
21741
21742
21743
21744
21745
21746
21748
21749
21750
21751
21752
21753
21755
21757
21758
21759
21761
21763
21764
21765
21766
21767
21768
21771
21772
21773
21775
21778
21779
21780
21781
21783
21784
21785
21786
21787
21789
21790
21793
21794
21795
21796
21797
21798
21799
21802
21803
21804
21805
21808
21810
21815
21816
21817
21818
21819
21820
21824
21828
21830
21831
21832
21835
21836
21839
21840
21841
21842
21843
21844
21845
21848
21850
21851
21853
21854
21855
21856
21859
21861
21862
21863
21864
21867
21870
21871
21872
21873
21875
21876
21877
21878
21879
21882
21884
21885
21886
21887
21889
21891
21893
21894
21896
21897
21898
21899
21900
21901
21902
21903
21906
21907
21908
21910
21911
21912
21913
21915
21917
21919
21922
21923
21924
21925
21926
21928
21929
21931
21932
21934
21935
21938
21940
21941
21942
21943
21945
21946
21948
21949
21950
21951
21953
21954
21957
21959
21960
21961
21962
21963
21964
21965
21966
21968
21970
21971
21973
21974
21975
21976
21977
21980
21981
21982
21983
21984
21985
21988
21989
21991
21994
21995
21997
21998
22000
22001
22002
22004
22005
22006
22008
22009
22012
22015
22016
22017
22020
22021
22022
22026
22028
22030
22034
22037
22039
22040
22041
22042
22044
22045
22047
22048
22049
22050
22051
22052
22053
22054
22056
22057
22058
22059
22062
22065
22066
22067
22068
22069
22070
22071
22072
22075
22077
22080
22081
22082
22084
22085
22087
22088
22091
22093
22094
22097
22100
22101
22102
22104
22105
22106
22107
22109
22110
22111
22112
22113
22114
22115
22116
22121
22122
22125
22126
22127
22128
22129
22133
22134
22135
22137
22138
22139
22141
22142
22143
22146
22147
22149
22150
22151
22153
22154
22155
22157
22158
22159
22161
22162
22163
22164
22165
22166
22167
22170
22172
22173
22174
22176
22177
22178
22179
22180
22181
22182
22184
22185
22188
22189
22190
22192
22195
22196
22197
22198
22200
22201
22203
22204
22205
22206
22207
22208
22210
22211
22212
22213
22215
22216
22217
22218
22220
22221
22222
22223
22225
22226
22227
22229
22231
22232
22233
22235
22238
22240
22241
22243
22244
22245
22246
22247
22249
22250
22251
22253
22254
22256
22258
22260
22261
22262
22264
22265
22266
22267
22268
22269
22271
22272
22273
22274
22275
22276
22278
22280
22281
22282
22284
22285
22286
22287
22288
22290
22293
22294
22296
22297
22299
22300
22301
22302
22303
22304
22305
22308
22309
22311
22315
22317
22318
22319
22321
22322
22323
22325
22326
22327
22329
22330
22332
22334
22336
22338
22339
22340
22342
22346
22352
22353
22357
22358
22359
22360
22362
22365
22367
22368
22369
22370
22371
22372
22373
22376
22377
22378
22380
22381
22382
22383
22384
22385
22386
22387
22388
22391
22393
22395
22396
22398
22399
22400
22401
22402
22405
22406
22408
22409
22410
22411
22412
22414
22415
22416
22420
22422
22425
22426
22427
22430
22431
22432
22434
22435
22436
22437
22440
22443
22444
22445
22447
22449
22451
22452
22453
22456
22462
22463
22466
22467
22469
22470
22471
22473
22474
22475
22476
22478
22479
22480
22481
22482
22483
22484
22485
22487
22488
22489
22490
22492
22493
22494
22495
22497
22498
22499
22501
22502
22503
22504
22505
22506
22508
22509
22511
22512
22514
22517
22518
22519
22520
22522
22523
22524
22527
22528
22529
22530
22531
22532
22534
22536
22540
22541
22542
22543
22544
22546
22547
22549
22550
22551
22552
22553
22554
22555
22558
22559
22561
22562
22563
22564
22566
22567
22568
22569
22570
22571
22574
22575
22576
22578
22579
22580
22581
22582
22584
22586
22587
22589
22590
22591
22594
22596
22598
22599
22601
22602
22603
22604
22605
22607
22609
22613
22614
22616
22617
22618
22619
22620
22621
22622
22623
22624
22625
22630
22633
22635
22637
22638
22639
22640
22641
22643
22644
22645
22646
22647
22651
22652
22653
22654
22656
22657
22658
22661
22663
22664
22665
22666
22667
22668
22670
22671
22674
22675
22677
22678
22680
22681
22683
22684
22685
22686
22688
22689
22690
22692
22697
22698
22703
22705
22707
22709
22712
22713
22714
22715
22716
22717
22718
22719
22720
22721
22722
22723
22725
22726
22727
22728
22729
22730
22732
22733
22734
22735
22736
22737
22739
22741
22743
22744
22745
22746
22747
22748
22749
22751
22753
22754
22755
22756
22759
22761
22764
22765
22766
22770
22772
22774
22775
22777
22778
22780
22782
22784
22787
22788
22789
22792
22793
22794
22795
22796
22797
22799
22800
22802
22804
22805
22806
22807
22808
22810
22811
22812
22814
22815
22816
22817
22818
22820
22821
22822
22823
22826
22828
22829
22830
22831
22832
22834
22835
22836
22837
22838
22839
22840
22841
22842
22843
22844
22845
22847
22848
22849
22850
22851
22854
22856
22860
22861
22862
22863
22864
22865
22866
22868
22869
22872
22873
22874
22876
22877
22878
22879
22885
22886
22887
22888
22890
22891
22892
22893
22894
22895
22896
22897
22898
22900
22901
22902
22903
22905
22907
22908
22910
22911
22912
22913
22914
22915
22917
22919
22920
22922
22924
22925
22926
22928
22929
22930
22931
22932
22934
22937
22939
22940
22942
22944
22945
22948
22949
22950
22951
22952
22953
22955
22956
22957
22960
22961
22962
22963
22965
22966
22967
22968
22969
22970
22972
22974
22975
22976
22978
22979
22981
22982
22983
22984
22985
22987
22989
22990
22991
22992
22996
22997
22998
22999
23000
23001
23002
23005
23006
23007
23009
23010
23013
23014
23016
23018
23021
23023
23024
23026
23028
23029
23030
23031
23032
23034
23035
23037
23039
23041
23042
23043
23044
23045
23047
23052
23054
23056
23057
23058
23059
23060
23062
23068
23069
23070
23073
23075
23076
23077
23078
23080
23081
23083
23084
23088
23089
23092
23094
23096
23097
23098
23099
23102
23105
23107
23108
23109
23110
23113
23114
23115
23118
23119
23120
23121
23122
23125
23127
23129
23130
23132
23134
23136
23138
23141
23142
23143
23144
23146
23148
23149
23150
23152
23153
23154
23155
23156
23157
23158
23160
23162
23163
23164
23165
23167
23170
23171
23173
23174
23176
23179
23180
23182
23183
23184
23185
23186
23187
23188
23191
23192
23193
23197
23198
23199
23201
23204
23205
23206
23207
23210
23211
23212
23214
23215
23216
23217
23218
23219
23221
23222
23223
23224
23225
23226
23227
23229
23230
23231
23232
23233
23234
23235
23236
23238
23239
23240
23241
23242
23244
23245
23246
23248
23249
23250
23255
23256
23257
23258
23261
23262
23263
23265
23266
23267
23269
23271
23272
23274
23275
23276
23277
23278
23279
23282
23284
23285
23286
23288
23290
23291
23293
23295
23296
23298
23299
23300
23301
23302
23303
23304
23305
23306
23307
23308
23309
23310
23311
23312
23313
23314
23315
23316
23317
23318
23320
23322
23323
23325
23326
23327
23328
23330
23331
23333
23334
23335
23336
23339
23340
23341
23342
23343
23344
23345
23346
23349
23350
23351
23353
23354
23355
23356
23358
23361
23362
23364
23365
23366
23367
23368
23369
23371
23372
23375
23377
23379
23380
23382
23383
23385
23387
23388
23389
23390
23391
23392
23393
23395
23396
23399
23400
23401
23402
23403
23404
23405
23407
23408
23410
23411
23412
23414
23420
23422
23423
23424
23427
23428
23429
23430
23432
23433
23435
23437
23438
23439
23440
23441
23444
23445
23447
23448
23449
23452
23454
23455
23457
23458
23459
23461
23462
23463
23464
23465
23466
23471
23472
23473
23475
23476
23478
23480
23481
23483
23485
23488
23489
23491
23492
23493
23494
23497
23498
23500
23502
23503
23505
23506
23507
23508
23509
23510
23511
23514
23517
23518
23519
23521
23522
23523
23525
23526
23527
23528
23529
23530
23531
23532
23534
23535
23536
23537
23538
23539
23540
23542
23543
23544
23548
23549
23550
23551
23552
23553
23554
23556
23557
23558
23559
23561
23562
23563
23564
23565
23566
23567
23569
23571
23572
23573
23575
23576
23577
23580
23581
23582
23583
23584
23585
23586
23587
23588
23589
23591
23593
23594
23595
23596
23597
23599
23601
23603
23604
23605
23606
23607
23609
23610
23611
23612
23613
23614
23615
23618
23619
23623
23625
23626
23628
23629
23630
23632
23633
23635
23637
23638
23640
23641
23642
23648
23650
23651
23652
23653
23654
23655
23658
23659
23660
23661
23662
23663
23664
23665
23666
23667
23668
23670
23671
23672
23673
23674
23675
23679
23681
23682
23684
23687
23688
23689
23691
23692
23693
23695
23696
23697
23698
23699
23700
23701
23703
23704
23707
23708
23711
23713
23716
23717
23719
23720
23725
23726
23727
23728
23729
23730
23732
23733
23734
23736
23737
23738
23741
23743
23745
23746
23747
23748
23749
23750
23752
23756
23759
23761
23763
23765
23766
23767
23768
23769
23771
23772
23774
23775
23776
23780
23781
23782
23783
23784
23785
23787
23788
23789
23790
23793
23794
23795
23797
23798
23799
23801
23802
23803
23805
23806
23807
23809
23810
23812
23815
23817
23818
23819
23820
23821
23822
23823
23824
23825
23826
23827
23828
23831
23832
23833
23834
23835
23836
23837
23838
23839
23841
23842
23844
23845
23846
23847
23848
23849
23850
23851
23853
23854
23856
23859
23861
23862
23863
23864
23865
23866
23869
23870
23871
23872
23873
23874
23875
23876
23877
23878
23879
23880
23881
23882
23884
23885
23886
23888
23890
23891
23892
23894
23895
23897
23899
23900
23908
23911
23912
23913
23916
23917
23918
23919
23920
23922
23924
23925
23926
23927
23928
23931
23932
23934
23937
23938
23939
23940
23942
23944
23946
23947
23949
23951
23954
23955
23958
23959
23961
23962
23964
23966
23967
23968
23970
23973
23977
23979
23980
23981
23984
23987
23988
23989
23990
23991
23992
23995
23996
23997
23999
24000
24001
24002
24004
24005
24007
24009
24011
24013
24014
24017
24019
24020
24021
24022
24024
24025
24028
24029
24030
24032
24033
24034
24035
24036
24040
24041
24043
24045
24046
24048
24050
24052
24053
24056
24058
24060
24061
24064
24065
24067
24068
24069
24070
24071
24072
24075
24076
24078
24079
24081
24082
24083
24084
24085
24086
24087
24089
24091
24092
24093
24095
24096
24097
24099
24101
24102
24103
24104
24105
24106
24107
24108
24110
24111
24113
24116
24117
24118
24120
24121
24122
24123
24125
24126
24127
24128
24130
24133
24134
24135
24136
24138
24139
24140
24145
24146
24147
24148
24149
24151
24153
24154
24155
24156
24157
24159
24160
24161
24162
24163
24164
24165
24170
24171
24172
24177
24178
24180
24181
24183
24185
24186
24187
24189
24190
24191
24192
24193
24194
24197
24198
24201
24202
24203
24204
24205
24206
24207
24208
24209
24210
24211
24213
24214
24215
24216
24217
24219
24220
24222
24223
24224
24225
24226
24227
24228
24230
24232
24236
24237
24240
24242
24245
24246
24247
24248
24250
24251
24252
24253
24254
24255
24257
24258
24259
24260
24261
24262
24263
24265
24267
24269
24271
24273
24274
24275
24276
24277
24279
24281
24282
24283
24284
24285
24286
24288
24289
24290
24293
24294
24295
24296
24297
24298
24300
24301
24302
24303
24305
24306
24308
24310
24311
24313
24314
24315
24316
24318
24319
24320
24322
24323
24324
24325
24328
24329
24331
24333
24335
24336
24337
24338
24339
24340
24341
24342
24343
24344
24345
24347
24348
24349
24350
24351
24352
24355
24359
24361
24365
24366
24368
24371
24372
24373
24374
24375
24376
24378
24379
24380
24381
24382
24383
24388
24389
24392
24393
24394
24395
24396
24397
24398
24400
24401
24403
24404
24406
24407
24409
24410
24411
24412
24414
24416
24417
24418
24419
24420
24421
24425
24426
24428
24429
24430
24432
24433
24434
24435
24436
24438
24439
24441
24442
24443
24444
24445
24446
24448
24449
24450
24452
24454
24455
24460
24461
24462
24463
24464
24466
24467
24468
24469
24470
24471
24472
24474
24475
24476
24477
24481
24482
24484
24485
24487
24488
24490
24491
24492
24493
24494
24496
24497
24498
24500
24502
24503
24504
24505
24507
24510
24511
24512
24518
24519
24522
24525
24526
24528
24529
24530
24531
24533
24534
24536
24537
24540
24542
24544
24548
24549
24551
24553
24554
24557
24558
24559
24561
24562
24563
24564
24565
24566
24567
24568
24569
24571
24572
24574
24575
24576
24577
24578
24579
24582
24583
24584
24585
24587
24589
24590
24593
24595
24597
24600
24601
24602
24608
24609
24610
24612
24613
24614
24615
24616
24618
24619
24621
24622
24623
24625
24626
24628
24629
24631
24632
24634
24636
24637
24638
24641
24642
24643
24644
24647
24648
24649
24650
24651
24653
24656
24657
24659
24663
24664
24665
24666
24668
24669
24670
24671
24672
24674
24675
24676
24678
24680
24682
24683
24684
24685
24687
24688
24689
24691
24693
24694
24696
24697
24698
24701
24702
24703
24704
24706
24707
24708
24711
24712
24714
24715
24718
24719
24722
24726
24727
24728
24730
24732
24734
24735
24737
24738
24740
24741
24743
24745
24747
24749
24750
24752
24753
24754
24755
24756
24757
24759
24760
24761
24763
24765
24766
24768
24769
24770
24771
24773
24774
24776
24777
24779
24780
24781
24782
24784
24785
24786
24787
24790
24791
24792
24793
24797
24798
24799
24800
24803
24804
24805
24806
24808
24811
24812
24813
24814
24815
24817
24819
24820
24821
24822
24823
24824
24826
24827
24828
24829
24830
24831
24832
24834
24839
24840
24842
24843
24844
24845
24846
24848
24849
24850
24851
24853
24854
24855
24856
24857
24858
24859
24860
24861
24862
24863
24865
24867
24869
24870
24871
24874
24875
24878
24880
24883
24884
24885
24886
24887
24888
24889
24890
24891
24892
24893
24894
24895
24896
24897
24900
24901
24903
24905
24906
24907
24911
24913
24914
24917
24921
24924
24925
24927
24928
24931
24933
24934
24935
24936
24939
24940
24941
24943
24944
24948
24949
24951
24952
24953
24955
24956
24957
24960
24961
24963
24965
24966
24969
24970
24971
24972
24973
24975
24976
24977
24981
24982
24983
24984
24986
24988
24989
24990
24992
24994
24995
24996
24997
24999
25000
25001
25004
25005
25006
25007
25008
25009
25010
25012
25015
25016
25018
25019
25020
25021
25022
25023
25024
25025
25027
25029
25030
25031
25032
25034
25036
25040
25041
25042
25043
25044
25045
25046
25048
25049
25051
25054
25055
25056
25058
25059
25060
25061
25062
25063
25064
25065
25066
25067
25068
25069
25070
25071
25074
25076
25078
25081
25083
25084
25087
25088
25089
25091
25092
25093
25094
25095
25096
25097
25098
25099
25100
25101
25102
25105
25106
25108
25110
25111
25112
25113
25114
25116
25117
25118
25120
25121
25122
25123
25124
25125
25126
25127
25128
25129
25130
25132
25133
25134
25136
25137
25139
25140
25141
25142
25143
25144
25145
25146
25147
25149
25151
25152
25153
25154
25155
25156
25157
25159
25162
25163
25164
25169
25171
25173
25175
25176
25177
25179
25180
25181
25183
25186
25187
25189
25190
25193
25195
25196
25198
25199
25200
25202
25204
25205
25206
25209
25211
25212
25213
25214
25215
25217
25219
25220
25221
25222
25223
25224
25225
25226
25227
25228
25229
25233
25234
25236
25237
25238
25239
25240
25241
25243
25247
25248
25249
25250
25251
25252
25253
25254
25255
25256
25259
25261
25262
25263
25264
25265
25269
25270
25271
25272
25273
25274
25275
25276
25277
25278
25281
25282
25283
25284
25285
25286
25287
25288
25290
25291
25293
25294
25295
25296
25298
25299
25301
25302
25304
25305
25306
25307
25308
25310
25311
25314
25316
25317
25319
25320
25321
25324
25325
25328
25329
25330
25331
25332
25336
25337
25338
25339
25340
25341
25342
25344
25345
25346
25348
25350
25351
25354
25355
25358
25359
25360
25361
25365
25368
25369
25372
25373
25375
25376
25377
25378
25382
25383
25384
25385
25386
25388
25389
25390
25391
25392
25393
25394
25395
25396
25399
25400
25401
25402
25404
25405
25406
25409
25412
25414
25415
25416
25417
25418
25419
25420
25422
25424
25425
25426
25427
25429
25430
25432
25434
25435
25439
25441
25442
25444
25445
25448
25449
25452
25453
25455
25456
25457
25458
25462
25463
25464
25471
25472
25475
25476
25479
25480
25481
25485
25487
25489
25490
25491
25493
25495
25497
25498
25500
25503
25504
25505
25508
25510
25511
25514
25517
25518
25520
25521
25522
25523
25524
25526
25527
25528
25529
25530
25533
25534
25535
25536
25537
25538
25539
25542
25543
25545
25549
25550
25551
25554
25555
25556
25557
25558
25561
25562
25564
25565
25566
25567
25569
25572
25573
25574
25575
25576
25577
25578
25579
25583
25584
25587
25588
25589
25590
25591
25595
25597
25598
25601
25602
25604
25605
25607
25608
25610
25611
25612
25613
25614
25615
25616
25617
25620
25622
25623
25624
25625
25626
25627
25628
25629
25631
25632
25635
25636
25637
25638
25639
25640
25641
25642
25643
25644
25645
25646
25647
25648
25649
25650
25651
25652
25653
25654
25656
25657
25659
25661
25662
25665
25667
25668
25669
25670
25671
25672
25673
25674
25675
25676
25679
25684
25685
25686
25688
25689
25691
25693
25694
25696
25697
25698
25700
25701
25703
25704
25706
25707
25708
25710
25711
25712
25713
25714
25715
25716
25717
25718
25719
25720
25721
25722
25726
25727
25728
25729
25731
25733
25736
25737
25740
25741
25744
25745
25748
25749
25750
25751
25753
25754
25755
25757
25758
25759
25760
25761
25762
25763
25764
25765
25766
25767
25769
25770
25771
25772
25773
25774
25777
25778
25779
25780
25783
25784
25785
25786
25787
25788
25789
25790
25791
25792
25793
25796
25797
25799
25800
25801
25802
25804
25805
25806
25807
25808
25809
25811
25812
25813
25814
25815
25818
25820
25821
25822
25825
25826
25827
25828
25829
25830
25831
25833
25834
25837
25839
25840
25842
25843
25844
25845
25846
25847
25849
25850
25851
25852
25853
25855
25856
25857
25858
25859
25861
25862
25863
25864
25866
25867
25868
25869
25870
25871
25873
25874
25876
25877
25878
25880
25881
25883
25884
25886
25890
25892
25893
25894
25895
25896
25897
25899
25902
25904
25905
25906
25907
25908
25909
25910
25912
25913
25915
25917
25918
25919
25920
25921
25922
25923
25924
25925
25929
25930
25931
25932
25933
25935
25937
25938
25939
25942
25943
25944
25945
25947
25951
25952
25953
25954
25955
25956
25957
25961
25963
25964
25965
25966
25967
25969
25971
25972
25974
25975
25976
25977
25978
25979
25981
25983
25984
25985
25986
25987
25988
25990
25991
25993
25995
25996
25997
25998
26000
26002
26003
26005
26006
26009
26012
26014
26015
26016
26017
26018
26019
26021
26022
26023
26025
26026
26029
26030
26033
26034
26035
26036
26038
26039
26040
26041
26042
26043
26044
26045
26046
26047
26048
26049
26050
26051
26053
26055
26057
26058
26060
26062
26063
26064
26066
26067
26069
26072
26073
26074
26075
26076
26077
26079
26080
26081
26082
26083
26084
26085
26086
26087
26089
26090
26091
26093
26094
26095
26097
26099
26100
26101
26105
26106
26107
26109
26111
26113
26114
26118
26120
26121
26122
26123
26124
26125
26127
26128
26129
26130
26131
26132
26134
26135
26136
26137
26138
26139
26141
26143
26144
26146
26147
26149
26150
26152
26153
26155
26156
26157
26158
26159
26161
26162
26163
26164
26165
26166
26167
26168
26169
26170
26171
26172
26173
26174
26175
26176
26179
26181
26184
26185
26188
26189
26190
26191
26192
26194
26195
26197
26198
26199
26200
26201
26202
26203
26205
26206
26208
26209
26210
26213
26214
26216
26217
26218
26222
26223
26225
26226
26227
26229
26230
26231
26232
26234
26235
26236
26237
26239
26240
26243
26244
26247
26249
26250
26251
26252
26254
26256
26257
26258
26259
26261
26262
26264
26265
26267
26268
26270
26271
26272
26275
26277
26281
26283
26284
26287
26288
26289
26291
26292
26294
26297
26298
26301
26302
26303
26304
26305
26306
26307
26308
26310
26312
26313
26316
26317
26318
26319
26320
26321
26324
26325
26329
26332
26334
26336
26337
26339
26340
26343
26346
26348
26352
26353
26355
26356
26357
26360
26361
26363
26367
26368
26369
26371
26372
26373
26374
26376
26377
26380
26381
26383
26385
26391
26393
26398
26399
26400
26402
26404
26405
26406
26407
26408
26409
26410
26411
26412
26413
26414
26416
26417
26419
26420
26422
26424
26425
26426
26427
26430
26431
26433
26435
26436
26438
26439
26440
26442
26444
26445
26447
26448
26449
26450
26451
26452
26455
26456
26457
26458
26459
26461
26462
26463
26464
26465
26466
26468
26471
26473
26474
26476
26480
26481
26483
26484
26485
26487
26488
26489
26490
26491
26492
26493
26494
26497
26498
26499
26500
26501
26504
26506
26507
26508
26509
26511
26512
26513
26515
26516
26517
26519
26521
26522
26523
26525
26526
26527
26528
26529
26530
26534
26535
26536
26537
26538
26543
26544
26545
26546
26548
26549
26554
26556
26558
26559
26560
26561
26562
26563
26564
26565
26566
26567
26568
26569
26570
26571
26572
26573
26576
26577
26578
26579
26580
26583
26584
26585
26586
26587
26589
26590
26591
26592
26593
26594
26596
26597
26598
26600
26602
26603
26604
26605
26606
26607
26608
26609
26611
26612
26613
26614
26616
26617
26619
26620
26623
26624
26625
26626
26628
26629
26630
26631
26632
26634
26635
26636
26637
26638
26640
26641
26642
26645
26647
26648
26650
26651
26653
26655
26656
26658
26663
26666
26667
26668
26669
26670
26671
26674
26675
26676
26678
26679
26680
26682
26683
26685
26686
26688
26690
26691
26693
26694
26696
26697
26698
26699
26700
26701
26703
26704
26705
26706
26707
26709
26710
26711
26713
26714
26715
26716
26717
26718
26719
26721
26722
26723
26724
26725
26728
26730
26731
26732
26733
26735
26736
26737
26739
26742
26743
26744
26745
26746
26748
26749
26750
26751
26752
26753
26754
26755
26756
26758
26759
26761
26762
26764
26765
26766
26767
26768
26769
26770
26771
26772
26774
26775
26776
26777
26778
26779
26780
26781
26783
26784
26785
26787
26788
26791
26792
26793
26794
26796
26797
26798
26800
26802
26803
26804
26805
26806
26808
26809
26810
26811
26812
26813
26814
26815
26816
26818
26819
26820
26821
26822
26824
26825
26826
26827
26828
26829
26831
26832
26834
26835
26836
26837
26838
26840
26842
26843
26844
26845
26846
26847
26848
26853
26855
26856
26857
26859
26860
26861
26862
26863
26864
26865
26866
26868
26869
26870
26871
26872
26873
26874
26875
26877
26879
26881
26884
26885
26886
26887
26888
26890
26891
26892
26893
26897
26899
26900
26901
26902
26903
26904
26905
26907
26908
26909
26911
26914
26915
26917
26918
26919
26920
26922
26923
26924
26925
26927
26928
26929
26930
26932
26933
26934
26936
26938
26939
26940
26941
26942
26944
26945
26948
26949
26951
26952
26954
26955
26956
26957
26958
26960
26961
26962
26964
26965
26966
26967
26968
26969
26971
26973
26974
26977
26978
26980
26981
26983
26984
26985
26986
26988
26989
26990
26991
26994
26995
26996
26997
26998
26999
27001
27003
27005
27007
27009
27010
27012
27013
27014
27016
27017
27018
27019
27020
27021
27022
27023
27024
27026
27027
27028
27029
27030
27032
27033
27035
27039
27040
27041
27042
27043
27044
27046
27047
27048
27049
27051
27053
27055
27056
27057
27059
27062
27063
27064
27065
27066
27067
27068
27071
27072
27073
27075
27076
27078
27080
27081
27084
27085
27086
27087
27088
27089
27092
27095
27096
27098
27099
27100
27101
27102
27104
27106
27108
27111
27112
27113
27114
27116
27117
27119
27122
27123
27125
27128
27130
27133
27134
27138
27140
27141
27142
27144
27145
27147
27148
27149
27150
27151
27153
27154
27157
27161
27162
27163
27164
27166
27167
27169
27173
27174
27175
27176
27177
27178
27179
27181
27182
27183
27186
27187
27188
27191
27193
27194
27195
27197
27199
27200
27201
27203
27204
27206
27207
27208
27209
27211
27212
27213
27217
27221
27223
27224
27226
27228
27230
27231
27232
27234
27235
27237
27238
27239
27240
27241
27242
27244
27246
27248
27250
27252
27253
27254
27255
27256
27260
27261
27262
27264
27265
27266
27268
27269
27271
27275
27277
27279
27284
27285
27286
27287
27288
27292
27293
27294
27295
27296
27297
27298
27299
27300
27301
27302
27303
27305
27306
27309
27310
27314
27316
27317
27319
27320
27321
27322
27323
27324
27326
27327
27330
27334
27335
27336
27339
27341
27342
27343
27344
27345
27346
27349
27350
27352
27354
27355
27356
27358
27359
27361
27362
27364
27365
27366
27368
27372
27374
27375
27376
27377
27378
27379
27380
27381
27383
27385
27388
27389
27391
27392
27393
27394
27395
27396
27397
27399
27402
27403
27404
27405
27407
27408
27409
27412
27413
27414
27416
27418
27419
27420
27421
27422
27424
27425
27426
27428
27429
27431
27432
27433
27434
27435
27436
27437
27439
27440
27441
27443
27444
27446
27447
27448
27450
27451
27453
27454
27455
27456
27457
27460
27461
27462
27463
27465
27467
27468
27469
27471
27472
27473
27474
27478
27479
27481
27482
27483
27484
27486
27487
27488
27490
27491
27494
27498
27499
27500
27502
27503
27505
27506
27508
27509
27510
27511
27512
27513
27514
27515
27516
27517
27518
27519
27521
27522
27523
27524
27525
27526
27527
27528
27529
27530
27533
27534
27535
27536
27539
27540
27541
27542
27543
27545
27548
27549
27550
27553
27554
27555
27557
27558
27559
27560
27561
27562
27564
27565
27566
27567
27568
27569
27571
27572
27573
27574
27575
27578
27579
27581
27582
27583
27584
27586
27587
27590
27591
27592
27594
27596
27597
27598
27599
27601
27602
27603
27604
27605
27606
27607
27610
27612
27618
27619
27620
27622
27624
27627
27628
27629
27630
27632
27633
27634
27635
27636
27638
27639
27640
27641
27642
27643
27645
27646
27648
27649
27651
27652
27653
27654
27655
27657
27658
27660
27661
27662
27663
27664
27665
27668
27670
27672
27673
27674
27677
27681
27684
27685
27686
27687
27688
27689
27691
27693
27694
27695
27696
27698
27700
27701
27703
27705
27706
27707
27708
27709
27712
27715
27716
27717
27722
27723
27724
27726
27727
27730
27731
27732
27733
27734
27737
27739
27740
27742
27743
27745
27746
27747
27748
27752
27753
27754
27755
27757
27758
27759
27761
27762
27763
27764
27766
27767
27771
27772
27773
27774
27775
27778
27779
27780
27781
27786
27788
27789
27790
27791
27793
27794
27796
27798
27799
27802
27803
27804
27805
27809
27810
27811
27813
27814
27815
27816
27819
27820
27821
27823
27825
27826
27828
27830
27831
27833
27835
27836
27837
27839
27841
27842
27843
27847
27848
27851
27852
27853
27856
27857
27860
27861
27863
27864
27866
27867
27868
27871
27872
27873
27875
27876
27877
27878
27880
27881
27885
27886
27887
27889
27890
27893
27894
27895
27896
27897
27898
27899
27901
27902
27903
27905
27907
27909
27911
27912
27913
27914
27915
27916
27917
27919
27920
27921
27922
27923
27924
27925
27926
27927
27928
27929
27930
27932
27933
27934
27935
27936
27937
27940
27941
27942
27943
27945
27946
27948
27949
27950
27951
27953
27954
27955
27957
27959
27961
27963
27966
27970
27971
27972
27973
27974
27975
27976
27977
27979
27980
27983
27984
27985
27986
27988
27989
27990
27992
27993
27996
27999
28000
28001
28002
28003
28004
28007
28009
28010
28011
28013
28015
28016
28017
28018
28020
28021
28022
28023
28024
28025
28026
28027
28028
28032
28033
28034
28035
28036
28037
28038
28039
28040
28041
28042
28044
28045
28046
28049
28050
28051
28052
28053
28055
28057
28059
28060
28061
28062
28063
28064
28065
28066
28067
28068
28070
28071
28072
28075
28076
28077
28079
28083
28084
28085
28086
28087
28089
28090
28093
28094
28095
28099
28101
28102
28103
28105
28109
28111
28113
28120
28123
28124
28126
28127
28128
28129
28130
28131
28135
28136
28137
28139
28140
28142
28143
28146
28147
28150
28151
28152
28153
28154
28156
28158
28159
28162
28163
28164
28166
28167
28168
28170
28171
28174
28176
28177
28178
28179
28181
28182
28184
28185
28187
28188
28189
28190
28191
28193
28197
28198
28199
28200
28201
28202
28203
28204
28205
28207
28209
28211
28213
28215
28218
28219
28220
28221
28223
28225
28227
28228
28229
28234
28235
28236
28237
28238
28239
28241
28242
28243
28244
28246
28247
28249
28250
28251
28252
28253
28254
28256
28257
28258
28260
28261
28262
28263
28264
28265
28266
28267
28268
28269
28270
28271
28272
28273
28275
28276
28278
28279
28280
28282
28283
28285
28286
28287
28288
28290
28291
28292
28294
28296
28297
28298
28299
28300
28301
28302
28303
28306
28310
28311
28312
28313
28314
28316
28317
28318
28320
28321
28322
28323
28325
28326
28327
28328
28330
28331
28332
28333
28335
28336
28337
28338
28339
28340
28341
28342
28344
28345
28348
28349
28350
28353
28354
28356
28357
28358
28359
28361
28362
28363
28365
28366
28368
28369
28370
28372
28375
28376
28378
28379
28380
28381
28383
28385
28386
28388
28389
28390
28391
28392
28393
28394
28395
28396
28397
28398
28399
28400
28401
28402
28403
28407
28411
28412
28413
28414
28417
28419
28420
28422
28424
28425
28427
28428
28429
28430
28431
28433
28434
28435
28436
28438
28439
28440
28441
28442
28443
28444
28447
28448
28449
28450
28451
28452
28453
28454
28455
28457
28458
28460
28461
28462
28467
28468
28473
28474
28476
28477
28478
28479
28480
28481
28482
28484
28485
28486
28489
28490
28491
28492
28493
28495
28497
28498
28499
28501
28502
28503
28504
28507
28508
28510
28512
28514
28515
28516
28517
28518
28519
28521
28522
28523
28524
28526
28529
28530
28531
28532
28534
28536
28541
28542
28543
28544
28547
28550
28551
28552
28554
28555
28556
28557
28558
28559
28563
28564
28567
28568
28569
28570
28572
28578
28581
28582
28584
28585
28586
28587
28588
28589
28591
28592
28593
28594
28595
28596
28597
28598
28601
28602
28603
28605
28607
28610
28611
28612
28613
28615
28616
28617
28618
28620
28622
28623
28625
28627
28628
28629
28630
28631
28633
28638
28639
28640
28642
28643
28644
28645
28646
28647
28648
28649
28652
28653
28654
28655
28656
28657
28659
28660
28661
28662
28665
28668
28669
28670
28671
28673
28674
28678
28679
28680
28681
28682
28684
28685
28686
28688
28689
28690
28692
28693
28694
28695
28696
28697
28698
28699
28700
28701
28702
28703
28704
28707
28708
28709
28711
28712
28714
28716
28717
28718
28719
28720
28721
28722
28723
28725
28726
28727
28728
28729
28730
28732
28733
28734
28736
28737
28738
28740
28741
28742
28743
28745
28747
28749
28751
28753
28755
28756
28757
28758
28762
28765
28768
28770
28772
28773
28774
28775
28776
28777
28779
28782
28783
28784
28785
28786
28787
28791
28792
28795
28796
28798
28799
28801
28802
28803
28804
28805
28807
28808
28810
28811
28812
28813
28814
28817
28818
28821
28823
28824
28825
28826
28828
28829
28830
28834
28836
28837
28838
28840
28841
28842
28846
28848
28849
28850
28851
28855
28856
28857
28860
28862
28863
28865
28866
28867
28869
28870
28871
28872
28874
28875
28876
28877
28879
28880
28881
28882
28883
28885
28886
28887
28888
28890
28891
28892
28894
28897
28898
28899
28900
28901
28903
28904
28905
28908
28910
28913
28914
28915
28916
28918
28919
28920
28921
28922
28926
28927
28928
28931
28933
28935
28936
28939
28940
28941
28942
28943
28944
28945
28946
28949
28952
28953
28954
28958
28960
28961
28963
28965
28966
28967
28968
28969
28970
28972
28973
28974
28976
28977
28981
28983
28984
28986
28987
28988
28989
28991
28992
28995
28996
28997
28998
28999
29000
29001
29002
29004
29005
29006
29007
29009
29011
29012
29013
29014
29015
29016
29017
29018
29019
29020
29021
29026
29027
29030
29033
29034
29035
29036
29038
29040
29041
29044
29045
29047
29049
29050
29051
29054
29055
29056
29057
29060
29061
29062
29063
29064
29065
29066
29067
29068
29069
29071
29073
29074
29075
29076
29077
29078
29081
29082
29084
29085
29086
29087
29088
29089
29092
29094
29095
29097
29098
29099
29100
29101
29104
29106
29108
29109
29115
29117
29119
29120
29121
29122
29123
29124
29125
29127
29128
29129
29130
29132
29133
29134
29135
29136
29137
29138
29139
29142
29143
29144
29145
29146
29147
29148
29150
29154
29155
29158
29159
29160
29161
29163
29164
29165
29166
29168
29170
29173
29174
29175
29176
29177
29180
29181
29182
29183
29188
29191
29192
29193
29196
29198
29199
29200
29201
29202
29203
29204
29205
29207
29208
29209
29212
29213
29214
29215
29216
29218
29222
29223
29226
29227
29228
29231
29232
29233
29237
29240
29242
29245
29246
29247
29248
29249
29250
29251
29253
29257
29258
29259
29261
29263
29264
29266
29268
29270
29272
29274
29276
29277
29278
29280
29281
29283
29286
29287
29288
29291
29294
29295
29297
29299
29303
29304
29308
29309
29311
29312
29314
29315
29316
29317
29318
29319
29322
29323
29324
29326
29327
29329
29332
29337
29338
29339
29343
29344
29347
29348
29349
29350
29351
29352
29353
29355
29359
29360
29362
29364
29365
29367
29368
29372
29373
29374
29375
29377
29378
29380
29381
29382
29383
29385
29386
29387
29389
29390
29392
29393
29394
29395
29399
29401
29402
29404
29406
29409
29412
29413
29415
29416
29417
29418
29421
29422
29423
29424
29425
29426
29429
29430
29431
29432
29433
29436
29437
29438
29439
29440
29441
29445
29446
29447
29448
29449
29451
29452
29453
29455
29458
29459
29460
29461
29462
29463
29464
29467
29468
29469
29470
29471
29474
29475
29477
29478
29479
29480
29481
29483
29484
29485
29487
29488
29491
29493
29494
29496
29498
29499
29500
29501
29503
29504
29505
29507
29511
29512
29513
29514
29515
29516
29519
29520
29521
29523
29524
29525
29527
29528
29531
29533
29534
29535
29538
29539
29541
29542
29543
29544
29546
29547
29548
29549
29552
29553
29555
29556
29559
29560
29561
29564
29565
29566
29567
29568
29569
29570
29571
29572
29573
29574
29575
29577
29579
29581
29582
29585
29587
29588
29589
29590
29591
29593
29594
29595
29596
29597
29599
29601
29605
29606
29607
29609
29610
29611
29612
29613
29614
29616
29618
29619
29620
29621
29622
29623
29624
29626
29627
29628
29629
29630
29631
29632
29633
29634
29636
29637
29638
29639
29642
29644
29645
29646
29648
29651
29653
29654
29655
29656
29657
29658
29659
29660
29661
29662
29663
29665
29666
29667
29668
29669
29670
29671
29672
29674
29675
29676
29677
29678
29679
29680
29682
29683
29684
29685
29686
29689
29692
29694
29695
29696
29698
29700
29701
29703
29704
29708
29709
29710
29713
29714
29715
29716
29717
29718
29723
29724
29725
29726
29727
29728
29729
29730
29731
29733
29736
29737
29738
29739
29741
29742
29743
29744
29745
29747
29749
29751
29752
29755
29756
29758
29759
29760
29761
29762
29764
29765
29766
29767
29770
29771
29774
29775
29776
29779
29780
29781
29782
29785
29786
29787
29792
29794
29795
29797
29799
29801
29802
29803
29804
29805
29806
29808
29810
29812
29813
29815
29816
29817
29819
29820
29821
29823
29824
29826
29827
29828
29829
29830
29831
29832
29833
29836
29838
29840
29843
29846
29847
29849
29851
29852
29854
29855
29856
29857
29859
29860
29861
29862
29863
29864
29865
29866
29867
29869
29870
29871
29872
29875
29877
29878
29879
29881
29888
29890
29892
29895
29897
29900
29902
29904
29905
29906
29908
29909
29910
29912
29914
29915
29916
29917
29918
29919
29921
29922
29923
29924
29927
29928
29929
29930
29932
29933
29934
29935
29936
29937
29938
29939
29940
29941
29942
29943
29944
29946
29951
29952
29953
29954
29957
29959
29961
29962
29963
29964
29966
29967
29969
29970
29971
29973
29976
29977
29979
29980
29981
29984
29985
29986
29987
29988
29990
29991
29992
29993
29994
29995
29996
29998
29999
